{"mistral_8b_instruct": {"clustering": [0.02152295305660545, 0.02119598339495437, 0.021696323850097465, 0.020976202416916515], "average_shortest_path_length": [0.026954235634831045, 0.027149378104909753, 0.0675126519392609, 0.06478073974396865], "average_degree": [9.266666666666667, 9.3125, 9.352941176470589, 9.38888888888889], "connectivity": [1.0, 1.0, 1.0, 1.0], "sparseness": [0.6619047619047619, 0.6208333333333333, 0.5845588235294118, 0.5522875816993464], "hubs": [2.0, 2.0, 2.0, 2.0], "clusters": [2.0, 2.0, 2.0, 2.0], "communities": [2.0, 2.0, 2.0, 2.0], "fourier": [1.6884303387357036, 1.7078999697826793, 1.7250781764992178, 1.7403459847529854], "commute_time_efficiency": [0.9476190476190476, 0.9333333333333333, 0.9191176470588235, 0.9052287581699346], "pagerank": [0.28148284092446574, 0.2755770853527608, 0.27049188750829, 0.2660692494774707], "eigenvector_centrality": [0.9999954225233673, 0.9999959101167053, 0.9999957621581725, 0.999993671595568], "cycle_count": [80.0, 89.0, 98.0, 107.0]}, "mistral_24b_instruct": {"clustering": [0.028228046425349856, 0.02873946269388662, 0.030014825711945275], "average_shortest_path_length": [0.06938919475299074, 0.06779944012483745, 0.08234598603583362], "average_degree": [9.266666666666667, 9.3125, 9.352941176470589], "connectivity": [1.0, 1.0, 1.0], "sparseness": [0.6619047619047619, 0.6208333333333333, 0.5845588235294118], "hubs": [2.0, 2.0, 2.0], "clusters": [1.0, 1.0, 1.0], "communities": [1.0, 1.0, 1.0], "fourier": [1.800809998488006, 1.8049967040466004, 1.8081826769410672], "commute_time_efficiency": [0.9476190476190476, 0.9333333333333333, 0.9191176470588235], "pagerank": [0.37406813470997424, 0.3695113645883965, 0.3655285514820333], "eigenvector_centrality": [0.9999968402883438, 0.9999964175377078, 0.9999962234710906], "cycle_count": [80.0, 89.0, 98.0]}}