{"mistral_8b_instruct": {"clustering": [0.090977380281637, 0.0852912940140347, 0.08027415907203266, 0.07581448356803083], "average_shortest_path_length": [Infinity, Infinity, Infinity, Infinity], "average_degree": [1.4666666666666666, 1.4375, 1.411764705882353, 1.3888888888888888], "connectivity": [15.0, 16.0, 17.0, 18.0], "sparseness": [0.10476190476190476, 0.09583333333333334, 0.08823529411764706, 0.08169934640522876], "hubs": [4.0, 4.0, 4.0, 4.0], "clusters": [2.0, 2.0, 2.0, 2.0], "communities": [2.0, 2.0, 2.0, 2.0], "fourier": [1.3340844188320065, 1.340192396882756, 1.3455807968537732, 1.3503644394407406], "commute_time_efficiency": [0.3380952380952381, 0.3333333333333333, 0.33088235294117646, 0.3300653594771242], "pagerank": [0.25002148954088543, 0.26309456885427884, 0.27462764887555013, 0.28487739762150643], "eigenvector_centrality": [0.0, 0.0, 0.0, 0.0], "cycle_count": [9.0, 9.0, 9.0, 9.0]}, "mistral_24b_instruct": {"clustering": [0.20178052086926943, 0.20146912695327557, 0.201201665487553], "average_shortest_path_length": [Infinity, Infinity, Infinity], "average_degree": [1.9333333333333333, 1.9375, 1.9411764705882353], "connectivity": [15.0, 16.0, 17.0], "sparseness": [0.1380952380952381, 0.12916666666666668, 0.1213235294117647], "hubs": [2.0, 2.0, 2.0], "clusters": [1.0, 1.0, 1.0], "communities": [1.0, 1.0, 1.0], "fourier": [1.3467436074499803, 1.3234022837247799, 1.302369703218218], "commute_time_efficiency": [0.638095238095238, 0.6291666666666667, 0.6213235294117647], "pagerank": [0.4215943022076511, 0.41979125820651747, 0.41819071708621347], "eigenvector_centrality": [0.0, 0.0, 0.0], "cycle_count": [15.0, 16.0, 17.0]}}