{"mistral_8b_instruct": {"clustering": [0.0, 0.0, 0.0, 0.0], "average_shortest_path_length": [Infinity, Infinity, Infinity, Infinity], "average_degree": [0.4666666666666667, 0.5, 0.5294117647058824, 0.5555555555555556], "connectivity": [15.0, 16.0, 17.0, 18.0], "sparseness": [0.03333333333333333, 0.03333333333333333, 0.03308823529411765, 0.032679738562091505], "hubs": [8.0, 9.0, 10.0, 11.0], "clusters": [8.0, 8.0, 8.0, 8.0], "communities": [8.0, 8.0, 8.0, 8.0], "fourier": [0.6682348337645647, 0.7159584108820289, 0.7580664570883832, 0.7954897852178723], "commute_time_efficiency": [0.16666666666666666, 0.18333333333333332, 0.19852941176470587, 0.21241830065359477], "pagerank": [0.3317438389628134, 0.3421035093163119, 0.35091461418866965, 0.35848871381932024], "eigenvector_centrality": [0.0, 0.0, 0.0, 0.0], "cycle_count": [0.0, 0.0, 0.0, 0.0]}, "mistral_24b_instruct": {"clustering": [0.0, 0.0, 0.0], "average_shortest_path_length": [Infinity, Infinity, Infinity], "average_degree": [0.2, 0.1875, 0.17647058823529413], "connectivity": [15.0, 16.0, 17.0], "sparseness": [0.014285714285714285, 0.0125, 0.011029411764705883], "hubs": [4.0, 4.0, 4.0], "clusters": [12.0, 13.0, 14.0], "communities": [12.0, 13.0, 14.0], "fourier": [0.31325106493681043, 0.29367287337825976, 0.27639799847365626], "commute_time_efficiency": [0.04285714285714286, 0.0375, 0.03308823529411765], "pagerank": [0.20227975874988133, 0.19137499966875815, 0.18158588750000001], "eigenvector_centrality": [0.0, 0.0, 0.0], "cycle_count": [0.0, 0.0, 0.0]}}