{"mistral_8b_instruct": {"clustering": [0.11659386114644647, 0.10930674482479356, 0.10287693630568806, 0.09716155095537206], "average_shortest_path_length": [Infinity, Infinity, Infinity, Infinity], "average_degree": [1.2, 1.1875, 1.1764705882352942, 1.1666666666666667], "connectivity": [15.0, 16.0, 17.0, 18.0], "sparseness": [0.08571428571428572, 0.07916666666666666, 0.07352941176470588, 0.06862745098039216], "hubs": [3.0, 3.0, 3.0, 3.0], "clusters": [2.0, 2.0, 2.0, 2.0], "communities": [2.0, 2.0, 2.0, 2.0], "fourier": [1.2537385987077472, 1.2648681905162629, 1.2746874261558971, 1.283409589337191], "commute_time_efficiency": [0.319047619047619, 0.31666666666666665, 0.3161764705882353, 0.31699346405228757], "pagerank": [0.25429348515420735, 0.2673004069343663, 0.27875323763523224, 0.28892461996984475], "eigenvector_centrality": [0.0, 0.0, 0.0, 0.0], "cycle_count": [5.0, 5.0, 5.0, 5.0]}, "mistral_24b_instruct": {"clustering": [0.0500964008419441, 0.046914187368843764, 0.04411538520207503], "average_shortest_path_length": [Infinity, Infinity, Infinity], "average_degree": [1.0666666666666667, 1.0625, 1.0588235294117647], "connectivity": [15.0, 16.0, 17.0], "sparseness": [0.0761904761904762, 0.07083333333333333, 0.0661764705882353], "hubs": [2.0, 2.0, 2.0], "clusters": [2.0, 2.0, 2.0], "communities": [2.0, 2.0, 2.0], "fourier": [1.06892702749397, 1.0450837693764647, 1.023645824651656], "commute_time_efficiency": [0.5761904761904761, 0.5708333333333333, 0.5661764705882353], "pagerank": [0.471118597547033, 0.4703828081558804, 0.46972414735918216], "eigenvector_centrality": [0.0, 0.0, 0.0], "cycle_count": [2.0, 2.0, 2.0]}}