{"mistral_8b_instruct": {"clustering": [0.0, 0.0, 0.0, 0.0], "average_shortest_path_length": [Infinity, Infinity, Infinity, Infinity], "average_degree": [0.6666666666666666, 0.6875, 0.7058823529411765, 0.7222222222222222], "connectivity": [15.0, 16.0, 17.0, 18.0], "sparseness": [0.047619047619047616, 0.04583333333333333, 0.04411764705882353, 0.042483660130718956], "hubs": [2.0, 2.0, 2.0, 2.0], "clusters": [5.0, 5.0, 5.0, 5.0], "communities": [5.0, 5.0, 5.0, 5.0], "fourier": [0.9094528705346309, 0.9421003203539654, 0.970905901297265, 0.9965048158595935], "commute_time_efficiency": [0.20952380952380953, 0.22083333333333333, 0.23161764705882354, 0.24183006535947713], "pagerank": [0.2957461939398391, 0.3076905016718649, 0.318016752793409, 0.3270201474402538], "eigenvector_centrality": [0.0, 0.0, 0.0, 0.0], "cycle_count": [0.0, 0.0, 0.0, 0.0]}, "mistral_24b_instruct": {"clustering": [0.0, 0.0, 0.0], "average_shortest_path_length": [Infinity, Infinity, Infinity], "average_degree": [0.4666666666666667, 0.4375, 0.4117647058823529], "connectivity": [15.0, 16.0, 17.0], "sparseness": [0.03333333333333333, 0.029166666666666667, 0.025735294117647058], "hubs": [8.0, 8.0, 8.0], "clusters": [8.0, 9.0, 10.0], "communities": [8.0, 9.0, 10.0], "fourier": [0.6308637660194489, 0.5914347806432334, 0.5566444994289256], "commute_time_efficiency": [0.16666666666666666, 0.14583333333333334, 0.12867647058823528], "pagerank": [0.33174383896281334, 0.3166269240621789, 0.3028314194494621], "eigenvector_centrality": [0.0, 0.0, 0.0], "cycle_count": [0.0, 0.0, 0.0]}}