{"mistral_8b_instruct": {"clustering": [0.1096297887871731, 0.10739423145737842, 0.10549883401557056, 0.10387164023012707], "average_shortest_path_length": [Infinity, Infinity, Infinity, Infinity], "average_degree": [2.7333333333333334, 2.75, 2.764705882352941, 2.7777777777777777], "connectivity": [11.0, 12.0, 13.0, 14.0], "sparseness": [0.19523809523809524, 0.18333333333333332, 0.17279411764705882, 0.16339869281045752], "hubs": [2.0, 2.0, 2.0, 2.0], "clusters": [2.0, 2.0, 2.0, 2.0], "communities": [2.0, 2.0, 2.0, 2.0], "fourier": [1.436710111374758, 1.448432533468943, 1.4587747111584908, 1.4679634937997523], "commute_time_efficiency": [0.680952380952381, 0.6708333333333333, 0.6617647058823529, 0.6535947712418301], "pagerank": [0.3200237503353917, 0.31462771748186763, 0.3099656262565894, 0.30589461864600603], "eigenvector_centrality": [0.0, 0.0, 0.0, 0.0], "cycle_count": [24.0, 26.0, 28.0, 30.0]}, "mistral_24b_instruct": {"clustering": [0.13642006414681182, 0.1368379434760698, 0.13729113669727308], "average_shortest_path_length": [Infinity, Infinity, Infinity], "average_degree": [2.8, 2.8125, 2.823529411764706], "connectivity": [11.0, 12.0, 13.0], "sparseness": [0.2, 0.1875, 0.17647058823529413], "hubs": [2.0, 2.0, 2.0], "clusters": [1.0, 1.0, 1.0], "communities": [1.0, 1.0, 1.0], "fourier": [1.4681260534105738, 1.4486626111253653, 1.4310442568941715], "commute_time_efficiency": [0.6857142857142857, 0.675, 0.6654411764705882], "pagerank": [0.406076560720523, 0.4035399391801515, 0.40129981020508126], "eigenvector_centrality": [0.0, 0.0, 0.0], "cycle_count": [25.0, 27.0, 29.0]}}