{"mistral_8b_instruct": {"clustering": [0.06068471509985682, 0.06032020742167971, 0.06010148252906354, 0.059987128451739334], "average_shortest_path_length": [Infinity, Infinity, Infinity, Infinity], "average_degree": [4.533333333333333, 4.5625, 4.588235294117647, 4.611111111111111], "connectivity": [6.0, 7.0, 8.0, 9.0], "sparseness": [0.3238095238095238, 0.30416666666666664, 0.2867647058823529, 0.27124183006535946], "hubs": [2.0, 2.0, 2.0, 2.0], "clusters": [2.0, 2.0, 2.0, 2.0], "communities": [2.0, 2.0, 2.0, 2.0], "fourier": [1.5673897322901666, 1.5816108814234378, 1.594157839137224, 1.605307097940795], "commute_time_efficiency": [0.7857142857142857, 0.7708333333333334, 0.7573529411764706, 0.7450980392156863], "pagerank": [0.2903899332548883, 0.28456013259287705, 0.2795375434545936, 0.2751628363778716], "eigenvector_centrality": [0.0, 0.0, 0.0, 0.0], "cycle_count": [46.0, 50.0, 54.0, 58.0]}, "mistral_24b_instruct": {"clustering": [0.07086950950363527, 0.07120998598394415, 0.07189252710129768], "average_shortest_path_length": [Infinity, Infinity, Infinity], "average_degree": [4.666666666666667, 4.6875, 4.705882352941177], "connectivity": [6.0, 6.0, 7.0], "sparseness": [0.3333333333333333, 0.3125, 0.29411764705882354], "hubs": [2.0, 2.0, 2.0], "clusters": [1.0, 1.0, 2.0], "communities": [1.0, 1.0, 2.0], "fourier": [1.6306173347584096, 1.6184483701608134, 1.607319996831438], "commute_time_efficiency": [0.7857142857142857, 0.775, 0.7610294117647058], "pagerank": [0.38830165758323637, 0.3847547541346558, 0.3816257657449277], "eigenvector_centrality": [0.0, 0.0, 0.0], "cycle_count": [46.0, 51.0, 55.0]}}