{"mistral_8b_instruct": {"clustering": [0.009732692711713713, 0.008665086464679408, 0.007768058263391744, 0.007011228022291423], "average_shortest_path_length": [0.01413881854960896, 0.013504380812435926, 0.0129152784346046, 0.012368902070702013], "average_degree": [14.0, 15.0, 16.0, 17.0], "connectivity": [1.0, 1.0, 1.0, 1.0], "sparseness": [1.0, 1.0, 1.0, 1.0], "hubs": [15.0, 16.0, 17.0, 18.0], "clusters": [2.0, 2.0, 2.0, 2.0], "communities": [2.0, 2.0, 2.0, 2.0], "fourier": [1.6884383055145682, 1.7079107447028765, 1.7250922702273135, 1.7403648034433163], "commute_time_efficiency": [1.0, 1.0, 1.0, 1.0], "pagerank": [0.2814824617539902, 0.2755765856128486, 0.2704912485304257, 0.2660684126259198], "eigenvector_centrality": [0.999997663107504, 0.9999950728809643, 0.9999936173307111, 0.9999940164686458], "cycle_count": [91.0, 105.0, 120.0, 136.0]}, "mistral_24b_instruct": {"clustering": [0.014249212588913254, 0.013324752924636384, 0.01249050041744113], "average_shortest_path_length": [0.04905724868268772, 0.04596120029259919, 0.04377911134363838], "average_degree": [14.0, 15.0, 16.0], "connectivity": [1.0, 1.0, 1.0], "sparseness": [1.0, 1.0, 1.0], "hubs": [15.0, 16.0, 17.0], "clusters": [1.0, 1.0, 1.0], "communities": [1.0, 1.0, 1.0], "fourier": [1.8217215727867484, 1.832565200968003, 1.8422746394023906], "commute_time_efficiency": [1.0, 1.0, 1.0], "pagerank": [0.37244324219537606, 0.367421025113869, 0.3629902224775168], "eigenvector_centrality": [0.9999904057322242, 0.9999928955774607, 0.9999915468579172], "cycle_count": [91.0, 105.0, 120.0]}}