{"qwen_1.5b_instruct": {"clustering": [0.006761663246412444, 0.006850717245773127], "average_shortest_path_length": [Infinity, Infinity], "average_degree": [19.416666666666668, 19.408163265306122], "connectivity": [6.0, 7.0], "sparseness": [0.41312056737588654, 0.40433673469387754], "hubs": [5.0, 5.0], "clusters": [1.0, 1.0], "communities": [1.0, 1.0], "fourier": [1.9218126517872924, 1.9223228629971159], "commute_time_efficiency": [0.839095744680851, 0.8320578231292517], "pagerank": [0.4361466569924118, 0.4359333867576919], "eigenvector_centrality": [0.0, 0.0], "cycle_count": [718.0, 733.0]}, "qwen_3b_instruct": {"clustering": [0.0052393039179635175, 0.005302774352187494], "average_shortest_path_length": [Infinity, Infinity], "average_degree": [19.541666666666668, 19.551020408163264], "connectivity": [8.0, 9.0], "sparseness": [0.4157801418439716, 0.407312925170068], "hubs": [5.0, 5.0], "clusters": [1.0, 1.0], "communities": [1.0, 1.0], "fourier": [1.9472024564078012, 1.9479624218217664], "commute_time_efficiency": [0.8342198581560284, 0.828656462585034], "pagerank": [0.4469821076481277, 0.4468604601329574], "eigenvector_centrality": [0.0, 0.0], "cycle_count": [707.0, 725.0]}, "qwen_7b_instruct": {"clustering": [0.007830032534282856, 0.007924028045881172], "average_shortest_path_length": [Infinity, Infinity], "average_degree": [19.4375, 19.428571428571427], "connectivity": [7.0, 8.0], "sparseness": [0.41356382978723405, 0.40476190476190477], "hubs": [5.0, 5.0], "clusters": [1.0, 1.0], "communities": [1.0, 1.0], "fourier": [1.921394794399923, 1.921863609936861], "commute_time_efficiency": [0.8333333333333334, 0.8273809523809523], "pagerank": [0.4246573301012308, 0.42446252550424574], "eigenvector_centrality": [0.0, 0.0], "cycle_count": [705.0, 722.0]}}