{"mistral_8b_instruct": {"clustering": [0.005650631358399419, 0.005685560785658392, 0.005710627391655706, 0.005690161939413948, 0.005745657798181841, 0.0056754569752437865, 0.005714592520587715, 0.005785810274078748, 0.00577065467279562, 0.00577437280472853, 0.005806343714582056, 0.00584116856001172, 0.005835837110032126, 0.005831613520547611, 0.005869771017293498, 0.00590926041105301, 0.00589961591630904, 0.005931727639897446, 0.005957247687276189, 0.006011889807933105, 0.005999356849057343, 0.006016187193008733], "average_degree": [19.52112676056338, 19.52777777777778, 19.534246575342465, 19.54054054054054, 19.546666666666667, 19.55263157894737, 19.558441558441558, 19.564102564102566, 19.569620253164558, 19.575, 19.580246913580247, 19.585365853658537, 19.59036144578313, 19.595238095238095, 19.6, 19.6046511627907, 19.60919540229885, 19.613636363636363, 19.617977528089888, 19.622222222222224, 19.626373626373628, 19.630434782608695], "pagerank": [0.4490932970540297, 0.448991679946672, 0.4489085066038861, 0.4488377132014743, 0.44871462983153315, 0.44865451422456537, 0.4485695837837699, 0.4484322880055739, 0.4483708220699032, 0.4482393230295584, 0.4481187494581783, 0.4480168490199244, 0.4479267045228267, 0.447789242847796, 0.4477281834770557, 0.4476393221123814, 0.4475597811012024, 0.4474559806372038, 0.4473696817664178, 0.44726563445095413, 0.44721515161660635, 0.4471302275304793]}, "mistral_24b_instruct": {"clustering": [0.005000136581575943, 0.005019373039545931, 0.005045044518659643, 0.005022338799627166, 0.00507039329491174, 0.0050227054105247025, 0.0050482754275159554, 0.005117446188245812, 0.005116177039287993, 0.0051221526195010915, 0.005147101486918477, 0.005173174104443045, 0.005179098614073565, 0.005176589163611484, 0.005197227681705471, 0.005257849516953624, 0.005242408882513953], "average_degree": [19.64788732394366, 19.65277777777778, 19.65753424657534, 19.66216216216216, 19.666666666666668, 19.67105263157895, 19.675324675324674, 19.67948717948718, 19.68354430379747, 19.6875, 19.691358024691358, 19.695121951219512, 19.698795180722893, 19.702380952380953, 19.705882352941178, 19.709302325581394, 19.71264367816092], "pagerank": [0.4528952911848431, 0.45279995719677757, 0.4527081419360266, 0.4526258918688143, 0.4525276356802223, 0.4524296121561563, 0.4523431775506636, 0.4522492733278082, 0.4521494545265865, 0.4520480046469848, 0.4519605900835721, 0.45188987146676535, 0.4517927865361415, 0.45170041896678914, 0.45165396221026416, 0.45156603246256327, 0.45150616150695605]}, "qwen_1.5b_instruct": {"clustering": [0.008327490581070823, 0.008406278516673082, 0.008439261564014892, 0.00847024392056755, 0.00844161624253936, 0.008502921694778275, 0.00840527019910795, 0.008436685403596272, 0.008514381274217586, 0.008543339301789127, 0.008532875829438543, 0.008564123893099152, 0.008592384164181047, 0.008603425538357684, 0.00860747785968531, 0.008616142848328678, 0.008655316647173488, 0.008695977202399164, 0.008739778247553846], "average_degree": [19.385714285714286, 19.3943661971831, 19.38888888888889, 19.383561643835616, 19.37837837837838, 19.373333333333335, 19.36842105263158, 19.363636363636363, 19.358974358974358, 19.367088607594937, 19.3625, 19.37037037037037, 19.378048780487806, 19.373493975903614, 19.38095238095238, 19.388235294117646, 19.3953488372093, 19.402298850574713, 19.40909090909091], "pagerank": [0.4320873453312988, 0.4320063033310773, 0.43195039827831955, 0.43194484743468636, 0.43198242632162326, 0.43193853299322804, 0.4318976293597303, 0.4318136005244637, 0.4317145057441044, 0.431609180810901, 0.4315449305780564, 0.43145405473342824, 0.4313418977175013, 0.43126255310063333, 0.4311891802396612, 0.43112578850537475, 0.4310498759709186, 0.43097998451680464, 0.4308919846404621]}, "qwen_3b_instruct": {"clustering": [0.006294971508561664, 0.006359873630544025, 0.006365661758703665, 0.006400388242875338, 0.006373073701505405, 0.006418932727115158, 0.006357439985849695, 0.006388369095027226, 0.0064698018840792, 0.006467307220350219, 0.0064615411149434145, 0.0064887063835577675, 0.006501332927091814, 0.006526927485688589, 0.006533112379781615, 0.006549022928998872, 0.006602255378931548], "average_degree": [19.557142857142857, 19.56338028169014, 19.569444444444443, 19.575342465753426, 19.58108108108108, 19.586666666666666, 19.592105263157894, 19.5974025974026, 19.602564102564102, 19.60759493670886, 19.6125, 19.617283950617285, 19.621951219512194, 19.626506024096386, 19.63095238095238, 19.63529411764706, 19.63953488372093], "pagerank": [0.4448737951308174, 0.4447660685336756, 0.4446627737534992, 0.4445431254138029, 0.44444151262339465, 0.44430245592508594, 0.44416497528793397, 0.44404600502698427, 0.44398259669967277, 0.4438314031272822, 0.44374643296589567, 0.4436564550761487, 0.44355530677085364, 0.44344904328739876, 0.44342668637925303, 0.44326555814447943, 0.4431207382501166]}, "qwen_7b_instruct": {"clustering": [0.009065713928522868, 0.009162469869146919, 0.009150273335553512, 0.009181533564879427, 0.009123418092227702, 0.009192665313387737, 0.009091934098871136, 0.009122895090993009, 0.009268191710000458, 0.009235141156998198, 0.009216602985538195, 0.009256977226717698, 0.009271147946263332, 0.009291323328625357, 0.009295860315577045, 0.009314396452253697], "average_degree": [19.37142857142857, 19.366197183098592, 19.36111111111111, 19.356164383561644, 19.35135135135135, 19.346666666666668, 19.342105263157894, 19.337662337662337, 19.32051282051282, 19.329113924050635, 19.325, 19.320987654320987, 19.317073170731707, 19.325301204819276, 19.321428571428573, 19.32941176470588], "pagerank": [0.42513134125503843, 0.4250691675123147, 0.425000574955286, 0.4250037224804016, 0.42493900028165926, 0.4248724556809835, 0.4247987143921579, 0.42470442480838627, 0.4248383956707884, 0.42458115162370436, 0.42452546512815303, 0.4244555335748716, 0.42436595336681227, 0.4242800579923118, 0.4244345540266187, 0.42410977753272183]}, "llama_1b_instruct": {"clustering": [0.010203503195979883, 0.010221637296680875, 0.010212113230745412, 0.010240493544593566, 0.010281812574334647, 0.010871546837177242, 0.010734807898821525, 0.010824722872899031, 0.010784862960064569, 0.010809379501104993, 0.01090277337340716, 0.011014054756769653, 0.011045504648552168, 0.011081709013872645, 0.011086756215998108, 0.011189085878441868, 0.011178792550656468, 0.011169089873510127, 0.011123057413857575, 0.011260211295910786, 0.011242935859132743, 0.011286053475526742, 0.011334454170820664, 0.011399209151061246, 0.011420176379372442, 0.01141331203806558, 0.01140479186154547, 0.011513045112894553, 0.011612359294591264, 0.011658872307401185, 0.011711391677782386, 0.011730854327256658, 0.011728231269550882, 0.011753917228434963, 0.011842962522130195, 0.011831179231095433, 0.01190486341714034, 0.011961997139593773, 0.01200568769810403, 0.012034802914218573, 0.01204821508931873, 0.01208032932707675, 0.01209103232959018, 0.012105865701865183, 0.012099487835551577, 0.012129168142157797], "average_degree": [19.0, 19.0, 19.0, 19.0, 19.0, 19.0, 19.0, 19.0, 19.0, 19.0, 19.0, 19.0, 19.0, 19.0, 19.0, 19.0, 19.0, 19.0, 19.0, 19.0, 19.0, 19.0, 19.0, 19.0, 19.0, 19.0, 19.0, 19.0, 19.0, 19.0, 19.0, 19.0, 19.0, 19.0, 19.0, 19.0, 19.0, 19.0, 19.0, 19.0, 19.0, 19.0, 19.0, 19.0, 19.0, 19.0],