{"qwen_14b_instruct": {"clustering": [0.0023416426043810245, 0.002354252353082391], "average_degree": [19.434782608695652, 19.425531914893618], "pagerank": [0.19947331553123301, 0.1941619441868367]}, "qwen_32b_instruct": {"clustering": [0.0014375120237403775, 0.0014559156874575194], "average_degree": [19.434782608695652, 19.425531914893618], "pagerank": [0.18475718721579115, 0.1798386620007109]}, "llama_70b_instruct": {"clustering": [0.0017701310312804863, 0.004913532615031502, 0.004885567265429944], "average_degree": [19.425531914893618, 19.416666666666668, 19.408163265306122], "pagerank": [0.21472345795544887, 0.2533336735318411, 0.2505486329485651]}}