{"gemma_2b_instruct": {"clustering": [0.006283779995744323, 0.005865418875394667, 0.005507685408538188, 0.005224468583387669, 0.004952801467768831, 0.005147274188323741, 0.00532953012231235, 0.0055047339755539436, 0.005682082864391535, 0.005753766240973335], "average_shortest_path_length": [0.05817468904562355, 0.054903444625380285, 0.05197621046246363, 0.048206887367992904, 0.04581716206997061, 0.04397052465254955, 0.04196325129759828, 0.04037256212455462, 0.03869638862877653, 0.03719565693810007], "average_degree": [15.0, 16.0, 17.0, 18.0, 19.0, 19.0, 19.0, 19.0, 19.0, 19.0], "connectivity": [1.0, 1.0, 1.0, 1.0, 1.0, 1.0, 1.0, 1.0, 1.0, 1.0], "sparseness": [1.0, 1.0, 1.0, 1.0, 1.0, 0.95, 0.9047619047619048, 0.8636363636363636, 0.8260869565217391, 0.7916666666666666], "hubs": [16.0, 17.0, 18.0, 19.0, 20.0, 12.0, 9.0, 8.0, 8.0, 5.0], "clusters": [1.0, 1.0, 1.0, 1.0, 1.0, 1.0, 1.0, 1.0, 1.0, 1.0], "communities": [1.0, 1.0, 1.0, 1.0, 1.0, 1.0, 1.0, 1.0, 1.0, 1.0], "fourier": [1.8576217117555798, 1.8654494637821522, 1.872398063162828, 1.8786603140411067, 1.8842739304463314, 1.8892444637897365, 1.8935591244465053, 1.8973672592546966, 1.9006418324440082, 1.903353820194339], "commute_time_efficiency": [1.0, 1.0, 1.0, 1.0, 1.0, 1.0, 0.9978354978354979, 0.9901185770750988, 0.9818840579710145, 0.9766666666666667], "pagerank": [0.45532235150199124, 0.45348214853333185, 0.45174039284902157, 0.4498596103696087, 0.4483096919998166, 0.44694613540313505, 0.4454767804359054, 0.4441427756583272, 0.4428158674446408, 0.44190601349664344], "eigenvector_centrality": [0.9999996140510564, 0.9999992252703352, 0.9999990702865296, 0.999998816045231, 0.9999989044598626, 0.999998856476804, 0.9999985795283018, 0.9999989805915805, 0.9999987543512268, 0.9999988164496951], "cycle_count": [105.0, 120.0, 136.0, 153.0, 171.0, 190.0, 209.0, 226.0, 243.0, 262.0]}, "gemma_9b_instruct": {"clustering": [0.0031045345026181077, 0.0028902405052223055, 0.002719876913891397, 0.002554579598822167, 0.0024102303337463966, 0.002486538655556461, 0.002557422697426556, 0.002610649706183461], "average_shortest_path_length": [0.06120390033597204, 0.05763533217169929, 0.05414813075434528, 0.051325981770658786, 0.04875647963940444, 0.04649641060552485, 0.04433293957185193, 0.042437348510558436], "average_degree": [15.0, 16.0, 17.0, 18.0, 19.0, 19.0, 19.0, 19.0], "connectivity": [1.0, 1.0, 1.0, 1.0, 1.0, 1.0, 1.0, 1.0], "sparseness": [1.0, 1.0, 1.0, 1.0, 1.0, 0.95, 0.9047619047619048, 0.8636363636363636], "hubs": [16.0, 17.0, 18.0, 19.0, 20.0, 12.0, 9.0, 8.0], "clusters": [1.0, 1.0, 1.0, 1.0, 1.0, 1.0, 1.0, 1.0], "communities": [1.0, 1.0, 1.0, 1.0, 1.0, 1.0, 1.0, 1.0], "fourier": [1.873273148386424, 1.8807054151314875, 1.8873165926230964, 1.8932300715313362, 1.8985490582134243, 1.9033605613293663, 1.9077252552781572, 1.9116895688323567], "commute_time_efficiency": [1.0, 1.0, 1.0, 1.0, 1.0, 1.0, 0.9978354978354979, 0.9901185770750988], "pagerank": [0.4724890478751528, 0.47109725627660975, 0.46977942676855006, 0.46867285846882534, 0.4676094370649169, 0.46668497942509557, 0.4657893514563499, 0.46510062331884156], "eigenvector_centrality": [0.9999999904245492, 0.9999999922425343, 0.9999999876147617, 0.9999999872454084, 0.9999999877586335, 0.9999999875447372, 0.999999984277933, 0.9999999791503263], "cycle_count": [105.0, 120.0, 136.0, 153.0, 171.0, 190.0, 209.0, 226.0]}, "gemma_27b_instruct": {"clustering": [0.002640953466024983, 0.0024893138272882253, 0.002324806264735417, 0.0021619264313691195], "average_shortest_path_length": [0.061627433842023925, 0.05768129691087261, 0.05449467041129047, 0.05163927609752572], "average_degree": [15.0, 16.0, 17.0, 18.0], "connectivity": [1.0, 1.0, 1.0, 1.0], "sparseness": [1.0, 1.0, 1.0, 1.0], "hubs": [16.0, 17.0, 18.0, 19.0], "clusters": [1.0, 1.0, 1.0, 1.0], "communities": [1.0, 1.0, 1.0, 1.0], "fourier": [1.8740894459144992, 1.881382862564137, 1.8879641904940447, 1.8938470085352015], "commute_time_efficiency": [1.0, 1.0, 1.0, 1.0], "pagerank": [0.47394828594158783, 0.4722237337244857, 0.4710528791984841, 0.4700934253264958], "eigenvector_centrality": [0.9999999985390862, 0.9999999956554972, 0.9999999975536278, 0.9999999954316386], "cycle_count": [105.0, 120.0, 136.0, 153.0]}}