{"mistral_8b_instruct": {"clustering": [0.004575062686503874, 0.0041762983176833555, 0.003832249124022821, 0.003541571087779822, 0.003315262069972449, 0.0031161974524121345, 0.0029422181706997745, 0.0027846317092578, 0.002881105722189074, 0.0029598724314425927, 0.0030263305031803787, 0.003096971299584792], "average_degree": [12.0, 13.0, 14.0, 15.0, 16.0, 17.0, 18.0, 19.0, 19.0, 19.0, 19.0, 19.0], "pagerank": [0.477180943321147, 0.47519151719257274, 0.4734883191997989, 0.4719581915064799, 0.47046072001799183, 0.46913493495232667, 0.4678824357433555, 0.4667652582780075, 0.46579436178314537, 0.464911122897352, 0.46415749279021873, 0.46342491179597256]}, "mistral_24b_instruct": {"clustering": [0.0038876753830818698], "average_degree": [12.0], "pagerank": [0.4784595628744274]}, "qwen_1.5b_instruct": {"clustering": [0.007949338042395651, 0.0072742024072186134, 0.006717083072694577, 0.00623579875785582, 0.005789757314045984, 0.005397158119273396, 0.005055364663641992, 0.004745392593041261, 0.004472105681345939, 0.004641800221513691, 0.004783861875430012, 0.00491189228730021, 0.005036116950958938, 0.0050984426243627055, 0.005176380451451029], "average_degree": [11.0, 12.0, 13.0, 14.0, 15.0, 16.0, 17.0, 18.0, 19.0, 19.0, 19.0, 19.0, 19.0, 19.0, 19.0], "pagerank": [0.4663921825091867, 0.46343162582994024, 0.46078658227336194, 0.4583712268641102, 0.45620294287389, 0.45428888889348734, 0.4526020844272827, 0.45109505976076464, 0.4497210277441371, 0.44833969373036187, 0.44695733913912294, 0.44584271447258944, 0.44479735417501726, 0.44371396584277795, 0.44278128472777284]}, "qwen_3b_instruct": {"clustering": [0.00522585857685749, 0.004739129852504629, 0.0043441045211897915, 0.004006521982088551], "average_degree": [11.0, 12.0, 13.0, 14.0], "pagerank": [0.477841411255155, 0.4754872193822768, 0.4734063198123859, 0.47159136186355904]}, "qwen_7b_instruct": {"clustering": [0.011813435487468313, 0.01070888615145188], "average_degree": [11.0, 12.0], "pagerank": [0.4181253698138516, 0.4144732382751181]}, "llama_1b_instruct": {"clustering": [0.011425772488739522, 0.010551652458026532, 0.009808566257688034, 0.009144907324127968, 0.008579908590157307], "average_degree": [12.0, 13.0, 14.0, 15.0, 16.0], "pagerank": [0.4405048674004223, 0.43718447302032215, 0.4340928608880638, 0.43158369281886755, 0.4290222110792035]}, "llama_8b_instruct": {"clustering": [0.004709914675886334, 0.004343463318051696], "average_degree": [12.0, 13.0], "pagerank": [0.4772304644062741, 0.4751752022504796]}, "gemma_2b_instruct": {"clustering": [0.00818453457619796, 0.007537224416754493, 0.006955686514515868, 0.006448305990937646, 0.0060500110789346315, 0.005649371885813379, 0.0053238323142716345, 0.005026836741768, 0.005210193357545219, 0.0053527263869107425, 0.005503034357651784, 0.005653393929596076, 0.005736972626082231, 0.005813615962299138, 0.0059098743873848055, 0.006005029796101023, 0.006104476455915864, 0.006165835336819786, 0.0062120937656684316], "average_degree": [12.0, 13.0, 14.0, 15.0, 16.0, 17.0, 18.0, 19.0, 19.0, 19.0, 19.0, 19.0, 19.0, 19.0, 19.0, 19.0, 19.0, 19.0, 19.0], "pagerank": [0.45997753130312174, 0.45715437390815117, 0.45472784295320284, 0.4526413919607387, 0.4504655925533972, 0.4489490211481294, 0.4471706168803894, 0.4455448688232561, 0.44396631518126206, 0.44286311746221996, 0.44166537498240477, 0.44050049034642164, 0.43942109088979925, 0.4385015754454156, 0.43764832245256985, 0.4369935895530267, 0.43629264010798413, 0.43577974995827357, 0.43522419122193345]}, "gemma_9b_instruct": {"clustering": [0.004042830868426832, 0.0036856131839407137, 0.003344296113534201, 0.0030851577891849707], "average_degree": [12.0, 13.0, 14.0, 15.0], "pagerank": [0.477236999664242, 0.4752709913631364, 0.4736607011527345, 0.4721779326185973]}, "gemma_27b_instruct": {"clustering": [0.003352978473035964, 0.0030548356938413543, 0.002821583093074083, 0.002590847785441497, 0.002405401731672132, 0.0022462415750776504, 0.0020972921166987663, 0.0019703187120696844, 0.002026368217137373, 0.002079204913929776, 0.002133209051319796, 0.0021778922491820243, 0.0022147150799812455, 0.0022384459337404542, 0.002279712325880308, 0.002331614374748545, 0.002376449676073476, 0.0024226298691793044, 0.002461119982983722], "average_degree": [12.0, 13.0, 14.0, 15.0, 16.0, 17.0, 18.0, 19.0, 19.0, 19.045454545454547, 19.08695652173913, 19.083333333333332, 19.12, 19.153846153846153, 19.185185185185187, 19.214285714285715, 19.24137931034483, 19.266666666666666, 19.29032258064516], "pagerank": [0.4791486866054193, 0.4772701474226631, 0.4755695728841443, 0.47418084926749066, 0.4728978743408018, 0.47171886159405413, 0.4707186934427075, 0.46980439552341285, 0.4689628116811591, 0.4681668437539552, 0.467430483993052, 0.4667823847535337, 0.4660992204817056, 0.4655211947679125, 0.46495662025530676, 0.4644309954337648, 0.46387949834288805, 0.46334049168912345, 0.46289983974342624]}}