{"mistral_8b_instruct": {"clustering": [0.00642830623020487, 0.0064557839257319335, 0.006457754330293116, 0.006486246851113308, 0.006495000915737312, 0.006511966146544451, 0.00652707420832775, 0.006536944143414278, 0.00655212712071508, 0.0065762204043110905, 0.00657871048003949, 0.00660478305291566, 0.006606699414397846, 0.006625162874028156, 0.006642363584262006, 0.006655853676042961, 0.006676788230727114, 0.006691467364603169, 0.006681303718947955, 0.006713739298357367, 0.0067239767128079286, 0.006736135422359012, 0.006744913766896098, 0.006762735677388564, 0.0067819719766194116, 0.006792230110336721, 0.0067665102826500395, 0.00681690121990133, 0.006808450307575078, 0.0068353643214696756], "average_degree": [19.77, 19.77227722772277, 19.774509803921568, 19.776699029126213, 19.778846153846153, 19.78095238095238, 19.78301886792453, 19.785046728971963, 19.787037037037038, 19.788990825688074, 19.79090909090909, 19.792792792792792, 19.794642857142858, 19.79646017699115, 19.79824561403509, 19.8, 19.801724137931036, 19.803418803418804, 19.805084745762713, 19.80672268907563, 19.808333333333334, 19.8099173553719, 19.811475409836067, 19.8130081300813, 19.81451612903226, 19.816, 19.817460317460316, 19.818897637795274, 19.8203125, 19.82170542635659], "pagerank": [0.4459901527055507, 0.44590737816930726, 0.4458362497289929, 0.4457682468997291, 0.44572937651947286, 0.44567801823299114, 0.4456364176771072, 0.4455606323786955, 0.4455097715339438, 0.44544851957385717, 0.4453847388804919, 0.4453413220202933, 0.4452782942137545, 0.4452156100871134, 0.44515585443184036, 0.445099083101279, 0.44504259342692115, 0.44499552289119343, 0.44495253186760586, 0.44491066749951846, 0.4448692059307504, 0.4448363259865047, 0.4447920594078071, 0.44474144373275626, 0.44472319981832414, 0.44467827326131987, 0.44476024038116313, 0.444584679010828, 0.444560108178938, 0.44458661257602666]}, "mistral_24b_instruct": {"clustering": [0.005684998791396065, 0.005704627430359477, 0.0057022744360876, 0.00572495668903343, 0.005758943965726623, 0.005748771514680042, 0.0057611216343225625, 0.005776286126016672, 0.0057941074522494295, 0.005817379932644372, 0.0058154781594758785, 0.005847559691282857, 0.005858619817247648, 0.0058677535737638765, 0.005884310834173121, 0.0059038861896091276, 0.005926298361995816, 0.005942528124101009, 0.0059331595782129, 0.005961979176433976, 0.005972320091881061, 0.005986931206874867, 0.005995331438130434, 0.006015700326237867, 0.006038038570922716, 0.006044243819005901, 0.00603739766394844, 0.006073545701548751, 0.006077952518634931, 0.006116343989874422, 0.006119695733581763, 0.006140306890673758, 0.0061445832285759215, 0.006173718204929798, 0.006166383616678299, 0.006166743915898308, 0.006189021455856705, 0.006225367718989851, 0.006235186564903544, 0.006247968541169652], "average_degree": [19.79, 19.792079207920793, 19.794117647058822, 19.796116504854368, 19.798076923076923, 19.8, 19.80188679245283, 19.80373831775701, 19.805555555555557, 19.807339449541285, 19.80909090909091, 19.81081081081081, 19.8125, 19.8141592920354, 19.81578947368421, 19.817391304347826, 19.81896551724138, 19.82051282051282, 19.822033898305083, 19.823529411764707, 19.825, 19.826446280991735, 19.827868852459016, 19.829268292682926, 19.830645161290324, 19.832, 19.833333333333332, 19.834645669291337, 19.8359375, 19.837209302325583, 19.838461538461537, 19.83969465648855, 19.84090909090909, 19.842105263157894, 19.84328358208955, 19.844444444444445, 19.845588235294116, 19.846715328467152, 19.847826086956523, 19.848920863309353], "pagerank": [0.45003089325124224, 0.4499917686479605, 0.44994543913697804, 0.44991833689180416, 0.44978789302475136, 0.44983520598808396, 0.44979410786907403, 0.4497479806235216, 0.4496857680774578, 0.4496271503586011, 0.44957915697924283, 0.4495161590750448, 0.44942440090572433, 0.44940213128132667, 0.44934086317353067, 0.44928012768522735, 0.44926427693444765, 0.4492075067367477, 0.44916863754738523, 0.4491511995429609, 0.44911980586959105, 0.449073679030717, 0.44903270993710726, 0.44898953606555514, 0.4489475877079399, 0.4489213583438987, 0.44887906323568716, 0.44883632955068226, 0.4487898346210405, 0.44871728071026523, 0.44866617711183504, 0.4486218397666376, 0.4485748673916395, 0.4485383450805535, 0.44851202818143365, 0.4485050933652625, 0.4484315926159482, 0.4483949847881814, 0.448363832245911, 0.4482680436562231]}, "qwen_1.5b_instruct": {"clustering": [0.009143796554116375, 0.00916429829339851, 0.009181767159458126, 0.009098975977487473, 0.00922874081671194, 0.009259711771154984, 0.009275892942663445, 0.009301450481019772, 0.009294006987442517, 0.009315739947922218, 0.009330104015845574, 0.009263547054406488, 0.009352261555994584, 0.009362312715768721, 0.009375994983332815, 0.009414646724503645], "average_degree": [19.606060606060606, 19.61, 19.603960396039604, 19.598039215686274, 19.59223300970874, 19.58653846153846, 19.580952380952382, 19.57547169811321, 19.57943925233645, 19.574074074074073, 19.577981651376145, 19.581818181818182, 19.585585585585587, 19.589285714285715, 19.5929203539823, 19.596491228070175], "pagerank": [0.4292668149229226, 0.4292296858666438, 0.42921950764496064, 0.42921227492237096, 0.42918056091429563, 0.42916772031910266, 0.42918448688249794, 0.42917591304148067, 0.42914532587995513, 0.4290900032516507, 0.4290713934983562, 0.4289914767890868, 0.428945407117699, 0.4289497727907583, 0.42892888764096243, 0.4288921050842258]}, "qwen_3b_instruct": {"clustering": [0.007004191265414559, 0.007024721554969482, 0.007050872448238886, 0.007045467417685953, 0.007100312112976182, 0.007121772553355221, 0.0071472577024388985, 0.007179822431497643, 0.007179548615282221, 0.0071978490520938476, 0.0072226174285811035, 0.007221922859493376, 0.007270262100824691, 0.007289042050386101, 0.007312517809934508, 0.007350277774324306, 0.0073579621250596475, 0.007386608676308236, 0.007406105326709829, 0.007378705567074773, 0.007443225396487066, 0.007463625674687059, 0.007479437634198064, 0.007504063012569542, 0.007506621685935055, 0.007529777135208576, 0.007540519902808226, 0.007511565923940532, 0.007568723327158253, 0.007572713811843264, 0.007603583068760029, 0.007616422363636672, 0.0076245463613045395, 0.007624402038891612, 0.007661019713239956, 0.007661177049846282, 0.007684480521248531, 0.007691145896574536, 0.007727978264660419, 0.0077349376646662915, 0.007749719826873097, 0.007760872365457227, 0.007793526994359447, 0.00780346961030423, 0.007818904441581127, 0.007838280772379493, 0.007861336855120372, 0.007869987926640135, 0.007878103857913932, 0.007889819150472873], "average_degree": [19.77777777777778, 19.78, 19.782178217821784, 19.784313725490197, 19.78640776699029, 19.78846153846154, 19.79047619047619, 19.79245283018868, 19.794392523364486, 19.796296296296298, 19.798165137614678, 19.8, 19.8018018018018, 19.803571428571427, 19.805309734513273, 19.80701754385965, 19.808695652173913, 19.810344827586206, 19.811965811965813, 19.8135593220339, 19.81512605042017, 19.816666666666666, 19.818181818181817, 19.81967213114754, 19.821138211382113, 19.822580645161292, 19.824, 19.825396825396826, 19.826771653543307, 19.828125, 19.829457364341085, 19.83076923076923, 19.83206106870229, 19.833333333333332, 19.834586466165412, 19.83582089552239, 19.83703703703704, 19.83823529411765, 19.83941605839416, 19.840579710144926, 19.841726618705035, 19.84285714285714, 19.843971631205672, 19.845070422535212, 19.846153846153847, 19.84722222222222, 19.848275862068967, 19.84931506849315, 19.85034013605442, 19.85135135135135],