{"mistral_8b_instruct": {"clustering": [0.004118187257794932, 0.003789218909246123], "average_degree": [13.0, 14.0], "pagerank": [0.4753359686513197, 0.47358703822124554]}, "mistral_24b_instruct": {"clustering": [0.003555133337434012, 0.003262016797365048], "average_degree": [13.0, 14.0], "pagerank": [0.476511778291715, 0.47482102036291385]}, "qwen_1.5b_instruct": {"clustering": [0.007058560025023899, 0.006496774014489731], "average_degree": [12.0, 13.0], "pagerank": [0.46557300370324145, 0.46298233969834307]}, "qwen_3b_instruct": {"clustering": [0.004778383324028746], "average_degree": [12.0], "pagerank": [0.47550517383429575]}, "qwen_7b_instruct": {"clustering": [0.010831398165176066, 0.0097976634240899, 0.00901483991978785, 0.008324597974701961, 0.0077384367750907125, 0.007209699627694259, 0.006755650326205016, 0.006335131340201099], "average_degree": [12.0, 13.0, 14.0, 15.0, 16.0, 17.0, 18.0, 19.0], "pagerank": [0.4126119014279406, 0.409986298639207, 0.40720602160272595, 0.4049099858424947, 0.4026092136270969, 0.4006853749142504, 0.3987878258614326, 0.397009406317327]}, "llama_1b_instruct": {"clustering": [0.010502234681557485, 0.009836750508925152], "average_degree": [13.0, 14.0], "pagerank": [0.43746992772342086, 0.4336561788297646]}, "llama_8b_instruct": {"clustering": [0.004387800508425564, 0.004043425556276462], "average_degree": [13.0, 14.0], "pagerank": [0.475030743128868, 0.47328271423143586]}, "gemma_2b_instruct": {"clustering": [0.007618564964229288, 0.007017938352036822, 0.006557456379812694, 0.006160238464007359], "average_degree": [13.0, 14.0, 15.0, 16.0], "pagerank": [0.4570656822359623, 0.45484745006261473, 0.4524526240027678, 0.4502345356067113]}, "gemma_9b_instruct": {"clustering": [0.0036730909463337028, 0.003369133840541631, 0.0030932697307029904], "average_degree": [13.0, 14.0, 15.0], "pagerank": [0.4753246040396931, 0.47361563672592677, 0.4721528642857763]}, "gemma_27b_instruct": {"clustering": [0.0030402737955183314, 0.0027956468665094854, 0.0025775596623291847], "average_degree": [13.0, 14.0, 15.0], "pagerank": [0.4773145522766519, 0.475647177982634, 0.47419556577872435]}}