{"mistral_8b_instruct": {"clustering": [0.004466060352951748], "average_degree": [19.510204081632654], "pagerank": [0.45353020576335945]}, "mistral_24b_instruct": {"clustering": [0.0037942984206292074], "average_degree": [19.591836734693878], "pagerank": [0.45667339427823356]}, "qwen_1.5b_instruct": {"clustering": [0.006730520980545971, 0.0068190921257405635], "average_degree": [19.416666666666668, 19.408163265306122], "pagerank": [0.4363830670333048, 0.43618650232092276]}, "qwen_3b_instruct": {"clustering": [0.005331959134128264, 0.005392427429611694], "average_degree": [19.541666666666668, 19.551020408163264], "pagerank": [0.4463961801572242, 0.44622413267923683]}, "qwen_7b_instruct": {"clustering": [0.007899862067711335, 0.007981995266715761], "average_degree": [19.4375, 19.428571428571427], "pagerank": [0.42416042265637127, 0.42408981177670935]}, "llama_1b_instruct": {"clustering": [0.009187139106178091, 0.009252709410718868], "average_degree": [19.0, 19.0], "pagerank": [0.40592872353989096, 0.40566070503834406]}, "llama_8b_instruct": {"clustering": [0.004232288278304229, 0.004281322073439932, 0.004325505597054313, 0.00437475801986773, 0.004430920773097825], "average_degree": [19.183673469387756, 19.18, 19.176470588235293, 19.173076923076923, 19.169811320754718], "pagerank": [0.45561202670609807, 0.4554681219726823, 0.4553432798462047, 0.4552104719289633, 0.4550837699689326]}, "gemma_2b_instruct": {"clustering": [0.006874292167277024, 0.006951136815824859, 0.00702513807073662, 0.007107099833595366, 0.007186288551455645, 0.007262871316574089, 0.0073367534234307225, 0.007405070530266111], "average_degree": [19.15686274509804, 19.153846153846153, 19.150943396226417, 19.14814814814815, 19.145454545454545, 19.142857142857142, 19.140350877192983, 19.137931034482758], "pagerank": [0.4336873153305465, 0.4334550781974551, 0.4332381930023159, 0.43303401603556957, 0.4327795706926898, 0.4325129011538023, 0.43223701732226677, 0.4321104200352687]}, "gemma_9b_instruct": {"clustering": [0.003951513869726538, 0.004002944545701806, 0.0040529547167969075, 0.0040966549181926494], "average_degree": [19.58823529411765, 19.596153846153847, 19.60377358490566, 19.61111111111111], "pagerank": [0.45468133469288174, 0.4545410700750834, 0.45439357471526787, 0.4542805299418516]}, "gemma_27b_instruct": {"clustering": [0.0033763878353890637, 0.0034119400094880237, 0.0034518936363095703, 0.0035022032611145334, 0.0035360802579323296, 0.0035682243659819523], "average_degree": [19.568627450980394, 19.576923076923077, 19.58490566037736, 19.59259259259259, 19.6, 19.607142857142858], "pagerank": [0.45673318635210963, 0.456575740760984, 0.4564571113406418, 0.45631995386139745, 0.45613658549856984, 0.45601477766124626]}}