{"llama_1b_instruct": {"clustering": [0.007620733446174171, 0.007804730802886909, 0.008049940218643548, 0.008189196428352112], "average_shortest_path_length": [0.03512206875577852, 0.03403307877030069, 0.033008699702697854, 0.032201147528016824], "average_degree": [19.0, 19.0, 19.0, 19.0], "connectivity": [1.0, 1.0, 1.0, 1.0], "sparseness": [0.9047619047619048, 0.8636363636363636, 0.8260869565217391, 0.7916666666666666], "hubs": [7.0, 7.0, 7.0, 4.0], "clusters": [1.0, 1.0, 1.0, 1.0], "communities": [1.0, 1.0, 1.0, 1.0], "fourier": [1.8185901789879066, 1.821494893107298, 1.8248542075498368, 1.8272085440357306], "commute_time_efficiency": [0.9956709956709957, 0.9940711462450593, 0.9855072463768116, 0.98], "pagerank": [0.41799505873216963, 0.4169220350388783, 0.4152179721702576, 0.41375847195919374], "eigenvector_centrality": [0.9999867613301507, 0.9999826466476249, 0.9999869311258929, 0.9999823548017095], "cycle_count": [208.0, 228.0, 245.0, 264.0]}, "llama_8b_instruct": {"clustering": [0.0031321397905615905, 0.003213596173955952, 0.0033009250280021806, 0.0033234456727698975, 0.0033729799600019854, 0.0034100740797223337, 0.0034571073395993955, 0.003508852683258791, 0.0035425389750949614, 0.0035902119928390404, 0.003622795621461138, 0.003655606667359561, 0.003723964449114812, 0.0037639072861524203, 0.0037571669239764433, 0.0037718171086086895, 0.003814334657430576, 0.003886033694243114, 0.003924312430134127, 0.003946239430615899, 0.00401736298335565, 0.004082735744077505, 0.004146138676394784, 0.0042080688615907915, 0.004256558923524958, 0.004302733978089316, 0.004328376845207743, 0.004378940042187946, 0.004432474785579007, 0.004411523765049501, 0.004378072243487164, 0.00442691882634607, 0.004466433012288916, 0.004497200634334421, 0.004535285285648505, 0.004567041537501203, 0.004605124651168701, 0.004639499702165764, 0.004674103115018952, 0.004704711647640756, 0.004737999179718436, 0.0047794167964291595, 0.004811900190709583, 0.004849306933006117, 0.004873640794292822, 0.004916583760764261, 0.004943428007300942, 0.004988667102785519, 0.005016873874573595, 0.005041055890181962], "average_shortest_path_length": [0.04450592649916579, 0.04264047781220535, 0.0407128271546808, 0.03910070551978889, 0.03770828219920975, 0.03639160265581613, 0.035278773600348305, 0.034137287333848104, 0.0330428927433222, 0.03208568413611294, 0.031091729157246853, 0.03014786294381582, 0.029279074381586813, 0.02849122372460991, 0.027667012250133058, 0.026915248578231722, 0.02627284784417408, 0.025732866327943967, 0.02502322195274636, 0.02447677137428373, Infinity, Infinity, Infinity, Infinity, Infinity, Infinity, Infinity, Infinity, Infinity, Infinity, Infinity, Infinity, Infinity, Infinity, Infinity, Infinity, Infinity, Infinity, Infinity, Infinity, Infinity, Infinity, Infinity, Infinity, Infinity, Infinity, Infinity, Infinity, Infinity, Infinity], "average_degree": [19.0, 19.0, 19.0, 19.0, 19.0, 19.0, 19.0, 19.0, 19.0, 19.0, 19.0, 19.0, 19.0, 19.0, 19.02777777777778, 19.027027027027028, 19.026315789473685, 19.025641025641026, 19.05, 19.073170731707318, 19.095238095238095, 19.093023255813954, 19.113636363636363, 19.133333333333333, 19.152173913043477, 19.170212765957448, 19.1875, 19.20408163265306, 19.22, 19.235294117647058, 19.25, 19.264150943396228, 19.25925925925926, 19.254545454545454, 19.25, 19.24561403508772, 19.24137931034483, 19.23728813559322, 19.233333333333334, 19.24590163934426, 19.258064516129032, 19.26984126984127, 19.28125, 19.29230769230769, 19.303030303030305, 19.313432835820894, 19.323529411764707, 19.333333333333332, 19.34285714285714, 19.35211267605634], "connectivity": [1.0, 1.0, 1.0, 1.0, 1.0, 1.0, 1.0, 1.0, 1.0, 1.0, 1.0, 1.0, 1.0, 1.0, 1.0, 1.0, 1.0, 1.0, 1.0, 1.0, 2.0, 2.0, 3.0, 3.0, 3.0, 4.0, 4.0, 5.0, 6.0, 6.0, 6.0, 7.0, 7.0, 8.0, 9.0, 9.0, 10.0, 11.0, 12.0, 13.0, 13.0, 14.0, 15.0, 15.0, 16.0, 17.0, 18.0, 19.0, 20.0, 21.0], "sparseness": [0.9047619047619048, 0.8636363636363636, 0.8260869565217391, 0.7916666666666666, 0.76, 0.7307692307692307, 0.7037037037037037, 0.6785714285714286, 0.6551724137931034, 0.6333333333333333, 0.6129032258064516, 0.59375, 0.5757575757575758, 0.5588235294117647, 0.5436507936507936, 0.5285285285285285, 0.5142247510668563, 0.5006747638326585, 0.48846153846153845, 0.4768292682926829, 0.4657375145180023, 0.45459579180509413, 0.4445031712473573, 0.4348484848484849, 0.4256038647342995, 0.4167437557816836, 0.40824468085106386, 0.40008503401360546, 0.39224489795918366, 0.3847058823529412, 0.37745098039215685, 0.3704644412191582, 0.363382250174703, 0.3565656565656566, 0.35, 0.34367167919799496, 0.33756805807622503, 0.33167738164815896, 0.32598870056497176, 0.32076502732240436, 0.3157059756742464, 0.31080389144905274, 0.3060515873015873, 0.3014423076923077, 0.296969696969697, 0.29262777023971054, 0.2884108867427568, 0.28431372549019607, 0.2803312629399586, 0.27645875251509056], "hubs": [8.0, 7.0, 7.0, 4.0, 4.0, 3.0, 3.0, 3.0, 3.0, 4.0, 4.0, 4.0, 4.0, 4.0, 4.0, 4.0, 4.0, 4.0, 4.0, 5.0, 5.0, 5.0, 5.0, 5.0, 5.0, 5.0, 5.0, 5.0, 5.0, 6.0, 6.0, 6.0, 6.0, 6.0, 6.0, 6.0, 6.0, 6.0, 6.0, 7.0, 7.0, 7.0, 7.0, 7.0, 7.0, 7.0, 7.0, 7.0, 7.0, 8.0], "clusters": [1.0, 1.0, 1.0, 1.0, 1.0, 1.0, 1.0, 1.0, 1.0, 1.0, 1.0, 1.0, 1.0, 1.0, 1.0, 1.0, 1.0, 1.0, 1.0, 1.0, 1.0, 1.0, 1.0, 1.0, 1.0, 1.0, 1.0, 1.0, 1.0, 1.0, 1.0, 1.0, 1.0, 1.0, 1.0, 1.0, 1.0, 1.0, 1.0, 1.0, 1.0, 1.0, 1.0, 1.0, 1.0, 1.0, 1.0, 1.0, 1.0, 1.0], "communities": [1.0, 1.0, 1.0, 1.0, 1.0, 1.0, 1.0, 1.0, 1.0, 1.0, 1.0, 1.0, 1.0, 1.0, 1.0, 1.0, 1.0, 1.0, 1.0, 1.0, 1.0, 1.0, 1.0, 1.0, 1.0, 1.0, 1.0, 1.0, 1.0, 1.0, 1.0, 1.0, 1.0, 1.0, 1.0, 1.0, 1.0, 1.0, 1.0, 1.0, 1.0, 1.0, 1.0, 1.0, 1.0, 1.0, 1.0, 1.0, 1.0, 1.0], "fourier": [1.9047561651596754, 1.9086234892335907, 1.912212903641768, 1.9155027989881026, 1.9184595902920176, 1.9212043009181938, 1.9236630446853817, 1.9258095845160492, 1.92775524535395, 1.929508196648328, 1.931039182737226, 1.9325507495195702, 1.933857707292789, 1.9350482659218666, 1.9361095565909723, 1.9371843969365965, 1.9380922792597193, 1.938961126821432, 1.939588409735808, 1.9402571579583396, 1.9407314041107082, 1.9412370142914903, 1.9418048358942905, 1.9420888399000762, 1.942372780581589, 1.9425250059296533, 1.9426812795418467, 1.9429443047900405, 1.942938472549401, 1.943351126834854, 1.9434599301019462, 1.9434872091449713, 1.9436626605021077, 1.944234133749951, 1.9446124454205862, 1.9450028879881545, 1.945192224797305, 1.945503828504578, 1.945495609343287, 1.9455795061738066, 1.9455138472540796, 1.9455674353555736, 1.9455309806771126, 1.9455209893865932, 1.9455269112918547, 1.9454118890794077, 1.9452864102056442, 1.9447740816883776, 1.944450432980588, 1.9442751173248864], "commute_time_efficiency": [0.9935064935064936, 0.9901185770750988, 0.9818840579710145, 0.9766666666666667, 0.9676923076923077, 0.9615384615384616, 0.9523809523809523, 0.9458128078817734, 0.9367816091954023, 0.9311827956989247, 0.9243951612903226, 0.9204545454545454, 0.9162210338680927, 0.9100840336134454, 0.9055555555555556, 0.8978978978978979, 0.8904694167852063, 0.8832658569500674, 0.8769230769230769, 0.8713414634146341, 0.8652729384436701, 0.858250276854928, 0.8525369978858351, 0.8469696969696969, 0.8415458937198068, 0.8371877890841813, 0.8320035460992907, 0.826530612244898, 0.8220408163265306, 0.8172549019607843, 0.8137254901960784, 0.809143686502177, 0.8043326345213138, 0.7993265993265993, 0.7944805194805195, 0.7901002506265664, 0.7858439201451906, 0.7814143775569842, 0.7776836158192091, 0.7740437158469945, 0.7704918032786885, 0.7670250896057348, 0.763640873015873, 0.7600961538461538, 0.7568764568764569, 0.7539574853007689, 0.7508779631255488, 0.7478687127024722, 0.7451345755693581, 0.7422535211267606],