{"mistral_8b_instruct": {"clustering": [0.005932096557334716, 0.005958081140286205, 0.005970461750463789, 0.005996042233408092, 0.005982862055714429, 0.006038810247866055, 0.006069365939728204, 0.006041916959963353, 0.0060631263225907036, 0.006083741084315533, 0.006083104134545296, 0.006110964090590178, 0.006111293424068265, 0.006181757611833932, 0.00619762960058591, 0.006181259208182059, 0.006199112006195369, 0.006218355839138045, 0.006240720300036335, 0.0062520252488243245, 0.006263498933767025, 0.006281421303434445, 0.0062935492927944986, 0.006315763876550387, 0.006336791013885535, 0.0063549523082687695, 0.0063649439506382735, 0.00638522819465456, 0.006409486185192283, 0.006431289512685136, 0.00644426467033325, 0.006467673760182424, 0.006481922553498587, 0.006500635930883441, 0.006516860735374372, 0.006535359899213373, 0.006556320742475096, 0.006576431386455408, 0.006594532866318603, 0.006604827383089554, 0.006616665929866278, 0.0066313795908951815, 0.006641890334902873, 0.0066525018777968325, 0.006675838956398183], "average_degree": [19.575, 19.580246913580247, 19.585365853658537, 19.59036144578313, 19.583333333333332, 19.6, 19.6046511627907, 19.60919540229885, 19.613636363636363, 19.617977528089888, 19.61111111111111, 19.626373626373628, 19.630434782608695, 19.634408602150536, 19.638297872340427, 19.642105263157895, 19.635416666666668, 19.63917525773196, 19.642857142857142, 19.646464646464647, 19.65, 19.653465346534652, 19.65686274509804, 19.660194174757283, 19.66346153846154, 19.666666666666668, 19.669811320754718, 19.672897196261683, 19.675925925925927, 19.678899082568808, 19.681818181818183, 19.684684684684683, 19.6875, 19.690265486725664, 19.69298245614035, 19.695652173913043, 19.698275862068964, 19.700854700854702, 19.703389830508474, 19.705882352941178, 19.708333333333332, 19.710743801652892, 19.71311475409836, 19.715447154471544, 19.717741935483872], "pagerank": [0.4473347534681991, 0.44724026158254204, 0.4471153671123891, 0.44701674594790103, 0.44700624721992865, 0.4468920330335209, 0.44682247012686227, 0.4467641338660803, 0.4467171482431867, 0.4466518814117582, 0.44669980195172226, 0.4465494454418032, 0.4464833475710427, 0.4464230926491455, 0.4463676534085644, 0.4462997287121403, 0.44633530678997535, 0.44627385328000413, 0.4462154353478602, 0.44615745669567747, 0.4460943140131863, 0.4460414187151812, 0.44599445751487904, 0.4459310318583422, 0.44584460504793255, 0.4457873800068514, 0.44574589679039806, 0.4456692372421653, 0.4455550002055871, 0.4454748692945949, 0.4454161755220981, 0.4453440285851803, 0.44526984328043945, 0.4451992688853383, 0.4451292030025895, 0.445064209304234, 0.44500888194623256, 0.444935673558935, 0.44486382210760717, 0.444806599930818, 0.44474756492069706, 0.44469838647905824, 0.44464709494123683, 0.4446266611505019, 0.44455310745521176]}, "mistral_24b_instruct": {"clustering": [0.0052076796788002155, 0.005238403628462953, 0.0052595226904504026, 0.005259391140000568, 0.0052429299735758834, 0.005281119529678556, 0.0053060404866448006, 0.0053015887026912015, 0.0053253615614004355, 0.0053452078949234195, 0.005383419833402476, 0.005382322944012262, 0.005392259702161079, 0.005446299782452601], "average_degree": [19.65, 19.641975308641975, 19.646341463414632, 19.650602409638555, 19.666666666666668, 19.658823529411766, 19.662790697674417, 19.666666666666668, 19.670454545454547, 19.674157303370787, 19.68888888888889, 19.681318681318682, 19.684782608695652, 19.688172043010752], "pagerank": [0.4522476888162249, 0.4520973814072633, 0.45204764075598053, 0.4520015805933624, 0.4520140509910587, 0.45190446524641353, 0.4518361290047989, 0.451777978562391, 0.4517185701255521, 0.4516566833336894, 0.45163007234498626, 0.4515254385978823, 0.4515036347269161, 0.45144341277341565]}, "qwen_1.5b_instruct": {"clustering": [0.009186189571027318, 0.009203512632132146, 0.009286148711300476, 0.009248864259354879, 0.00928599649151904, 0.009246996375386904, 0.009311229353942472, 0.009295241050275904, 0.009363389609723863, 0.00940000545748071, 0.009335699226663335, 0.009366198663048674, 0.009386390635600287, 0.009446883659032405, 0.009393094136833162, 0.009382114307200439, 0.009423953222236114, 0.009525580217745957, 0.009494760846234303, 0.00948367888245082, 0.009509982596999431, 0.00954325943158587, 0.009540032884525668, 0.00953617832365199, 0.009560789245483174, 0.00960528516382505, 0.009620962878392517, 0.009647575733649863, 0.009678095393836262, 0.00971673800346764, 0.009712081041452571, 0.009728504541181971, 0.009750027287014898, 0.009731037806588466, 0.00979142064425354, 0.009803767379016453, 0.009822905989333929, 0.009862659091497682, 0.009856677753791863, 0.009879800351008949], "average_degree": [19.467532467532468, 19.474358974358974, 19.481012658227847, 19.4875, 19.493827160493826, 19.5, 19.50602409638554, 19.511904761904763, 19.51764705882353, 19.523255813953487, 19.528735632183906, 19.53409090909091, 19.528089887640448, 19.522222222222222, 19.516483516483518, 19.51086956521739, 19.50537634408602, 19.5, 19.49473684210526, 19.489583333333332, 19.484536082474225, 19.489795918367346, 19.494949494949495, 19.5, 19.504950495049506, 19.5, 19.49514563106796, 19.490384615384617, 19.485714285714284, 19.4811320754717, 19.476635514018692, 19.48148148148148, 19.486238532110093, 19.48181818181818, 19.486486486486488, 19.491071428571427, 19.495575221238937, 19.5, 19.504347826086956, 19.50862068965517], "pagerank": [0.42850239739926155, 0.428397818359256, 0.42823050922568145, 0.4281095262484813, 0.4279735209689549, 0.42791475491536746, 0.427855193890111, 0.42774697163155406, 0.42773659224617366, 0.42771778430077995, 0.4276916331237248, 0.4276467183018712, 0.42765432559523503, 0.4276509940992526, 0.4276351592099711, 0.42761857564509825, 0.42762159666533406, 0.4275741819459622, 0.4275588927731708, 0.42755004960074916, 0.4275152054884506, 0.4274900392403766, 0.42741095824253417, 0.4273813648847026, 0.4273319818589339, 0.42728086751331595, 0.4272546699875117, 0.4271993237152902, 0.42714369911708083, 0.4271042891511546, 0.4270696226301214, 0.42700674028902297, 0.4269533875222564, 0.4269161818525603, 0.4268764621750353, 0.42681516712269535, 0.4267689113352677, 0.4266899934257068, 0.4266802767493535, 0.4266535251456413]}, "qwen_3b_instruct": {"clustering": [0.006605798197744012, 0.006630175830784991, 0.006655541837869387, 0.006617142138706809, 0.006633609428271316, 0.006649842743633328, 0.006654255031186073, 0.006622813010928404, 0.006687479265072828, 0.006739046620539916, 0.006700853562256809, 0.006735496535540347, 0.006761818148478322, 0.006812784580147938, 0.006786209531492967, 0.0067902454785850825, 0.006843891993265446, 0.006897981087012019, 0.006874084716200175, 0.006887138282159102, 0.00690834646454928, 0.006939787094755023, 0.006954837411344807, 0.006971240006723828, 0.006996159598332416, 0.007003308752569669, 0.007039378595393625, 0.007058109198548565, 0.007082160965365823, 0.007102275783948873, 0.00711168916923532, 0.007129299320900058, 0.007153896696241545, 0.007147441775654857, 0.007190548954326601, 0.007203247446427734, 0.00722101657779169], "average_degree": [19.61038961038961, 19.615384615384617, 19.620253164556964, 19.625, 19.62962962962963, 19.634146341463413, 19.63855421686747, 19.642857142857142, 19.647058823529413, 19.651162790697676, 19.655172413793103, 19.65909090909091, 19.662921348314608, 19.666666666666668, 19.67032967032967, 19.67391304347826, 19.677419354838708, 19.680851063829788, 19.68421052631579, 19.6875, 19.690721649484537, 19.693877551020407, 19.696969696969695, 19.7, 19.702970297029704, 19.705882352941178, 19.70873786407767, 19.71153846153846, 19.714285714285715, 19.71698113207547, 19.7196261682243, 19.72222222222222, 19.724770642201836, 19.727272727272727, 19.72972972972973, 19.732142857142858, 19.734513274336283],