{"mistral_8b_instruct": {"clustering": [0.004537633960769896, 0.0045855123397888385, 0.00463327864895091, 0.004674162196994553, 0.004730773506672985, 0.004783527821702392, 0.004824621626108505, 0.004876537273590769, 0.004923988849972163, 0.004971913247944334, 0.0050130009561331484, 0.005056307375524604, 0.0051009164941561375], "average_shortest_path_length": [Infinity, Infinity, Infinity, Infinity, Infinity, Infinity, Infinity, Infinity, Infinity, Infinity, Infinity, Infinity, Infinity], "average_degree": [19.448979591836736, 19.46, 19.470588235294116, 19.48076923076923, 19.49056603773585, 19.5, 19.509090909090908, 19.517857142857142, 19.526315789473685, 19.53448275862069, 19.54237288135593, 19.55, 19.557377049180328], "connectivity": [10.0, 10.0, 11.0, 12.0, 13.0, 14.0, 15.0, 16.0, 17.0, 18.0, 19.0, 20.0, 21.0], "sparseness": [0.405187074829932, 0.39714285714285713, 0.38941176470588235, 0.3819758672699849, 0.3748185776487663, 0.36792452830188677, 0.36127946127946126, 0.3548701298701299, 0.34868421052631576, 0.3427102238354507, 0.336937463471654, 0.3313559322033898, 0.3259562841530055], "hubs": [5.0, 5.0, 6.0, 6.0, 6.0, 6.0, 6.0, 6.0, 6.0, 6.0, 6.0, 6.0, 7.0], "clusters": [1.0, 1.0, 1.0, 1.0, 1.0, 1.0, 1.0, 1.0, 1.0, 1.0, 1.0, 1.0, 1.0], "communities": [1.0, 1.0, 1.0, 1.0, 1.0, 1.0, 1.0, 1.0, 1.0, 1.0, 1.0, 1.0, 1.0], "fourier": [1.9510010424292217, 1.9514543352182074, 1.9518685889675795, 1.9522639545455907, 1.9526390502100013, 1.9530895492075455, 1.9537436504725558, 1.9540981495566765, 1.9543902715146486, 1.9545784994594506, 1.9547616554846468, 1.9549341186088398, 1.955154333025325], "commute_time_efficiency": [0.8248299319727891, 0.82, 0.8156862745098039, 0.8114630467571644, 0.806966618287373, 0.8025856044723969, 0.7983164983164983, 0.7941558441558442, 0.7901002506265664, 0.7861464004839686, 0.7822910578609, 0.7785310734463277, 0.774863387978142], "pagerank": [0.45292965064366486, 0.4526905489853241, 0.4524886154735704, 0.45227962722915754, 0.45203869021972326, 0.45181146385829307, 0.4516902983331857, 0.45148327005268246, 0.45132660242870537, 0.4511196879432475, 0.4509494756273425, 0.4507857852084366, 0.45060140062601306], "eigenvector_centrality": [0.0, 0.0, 0.0, 0.0, 0.0, 0.0, 0.0, 0.0, 0.0, 0.0, 0.0, 0.0, 0.0], "cycle_count": [716.0, 735.0, 755.0, 775.0, 794.0, 813.0, 832.0, 851.0, 870.0, 889.0, 908.0, 927.0, 946.0]}, "mistral_24b_instruct": {"clustering": [0.0038345087221737166, 0.0038849661529781376, 0.003924847876763095, 0.003972359224272701, 0.00403062645192667], "average_shortest_path_length": [Infinity, Infinity, Infinity, Infinity, Infinity], "average_degree": [19.489795918367346, 19.5, 19.50980392156863, 19.51923076923077, 19.528301886792452], "connectivity": [10.0, 10.0, 11.0, 12.0, 13.0], "sparseness": [0.4060374149659864, 0.3979591836734694, 0.39019607843137255, 0.38273001508295623, 0.37554426705370103], "hubs": [5.0, 5.0, 6.0, 6.0, 6.0], "clusters": [1.0, 1.0, 1.0, 1.0, 1.0], "communities": [1.0, 1.0, 1.0, 1.0, 1.0], "fourier": [1.9549481328303995, 1.9555194635567255, 1.9560624992873865, 1.9565492212742397, 1.9570648173725549], "commute_time_efficiency": [0.8261054421768708, 0.8216326530612245, 0.8172549019607843, 0.8129713423831071, 0.8084179970972424], "pagerank": [0.45596364831118946, 0.45574268095920906, 0.4555468560281183, 0.4553380411001372, 0.45510255330886634], "eigenvector_centrality": [0.0, 0.0, 0.0, 0.0, 0.0], "cycle_count": [719.0, 739.0, 759.0, 779.0, 798.0]}}