{"mistral_8b_instruct": {"clustering": [0.005872408373473673], "average_degree": [19.70212765957447], "pagerank": [0.4493101346287408]}, "mistral_24b_instruct": {"clustering": [0.005303102130462787, 0.005322653476784666, 0.005339734445866909, 0.0053509215763519495], "average_degree": [19.74468085106383, 19.74736842105263, 19.75, 19.75257731958763], "pagerank": [0.45113980160621925, 0.451048953671821, 0.4509765126733886, 0.4508966993834746]}, "qwen_1.5b_instruct": {"clustering": [0.008952974805260625, 0.008925892739068868, 0.00896184400295087, 0.009004959775862813, 0.009021632520750585, 0.00904399164576857], "average_degree": [19.591397849462364, 19.595744680851062, 19.6, 19.604166666666668, 19.608247422680414, 19.612244897959183], "pagerank": [0.42802941901371855, 0.42796887084105406, 0.4278844223641511, 0.4278232519321278, 0.42780019457228946, 0.42773409746390956]}, "qwen_3b_instruct": {"clustering": [0.006502642774780795, 0.006497248333459461, 0.006508219634303783, 0.006537469594186781, 0.006561827215322831, 0.006581696475861587, 0.006594263634756007, 0.006608299482172694, 0.006637423597675505, 0.006634702294799055, 0.006675933401481292, 0.00669063570043844, 0.006714303340132123, 0.0067288313772658655, 0.00675492170373413, 0.006779447044642454, 0.006807991308672333, 0.006815317154843206], "average_degree": [19.741935483870968, 19.74468085106383, 19.74736842105263, 19.75, 19.75257731958763, 19.755102040816325, 19.757575757575758, 19.76, 19.762376237623762, 19.764705882352942, 19.766990291262136, 19.76923076923077, 19.771428571428572, 19.77358490566038, 19.77570093457944, 19.77777777777778, 19.779816513761467, 19.78181818181818], "pagerank": [0.4447015451441917, 0.44466337810337625, 0.44463290471179673, 0.4445723899852576, 0.4444748564679669, 0.44443150866255443, 0.4443832084119114, 0.4443048881440374, 0.44422428653089313, 0.4441339353505497, 0.4440448547150714, 0.4439670656256166, 0.44387838911432426, 0.4437808074116516, 0.4436777425329438, 0.44358553415851487, 0.4434911440839655, 0.44338395382234497]}, "qwen_7b_instruct": {"clustering": [0.013094147317036476, 0.013074725836431779, 0.013174759213228396, 0.013236399107015068], "average_degree": [19.655913978494624, 19.659574468085108, 19.66315789473684, 19.666666666666668], "pagerank": [0.36238269655279753, 0.3623217151823118, 0.36221144667573846, 0.3624119358785691]}, "llama_1b_instruct": {"clustering": [0.012103062922610135, 0.012121313078805603, 0.012071173986564687, 0.012068450758039579, 0.012084568427120026], "average_degree": [19.0, 19.0, 19.0, 19.0, 19.0], "pagerank": [0.39790859882935947, 0.3980060428002531, 0.3979223539890799, 0.3979963314556174, 0.39802281060111394]}, "llama_8b_instruct": {"clustering": [0.005848816482800701, 0.005854211662786691], "average_degree": [19.595744680851062, 19.6], "pagerank": [0.45043576626012594, 0.45040765057650733]}, "gemma_2b_instruct": {"clustering": [0.009525029170775868, 0.009533549889197765, 0.009560319494571298, 0.00953731311178261, 0.009543000986955931, 0.009557064159064295, 0.009551681491483706, 0.009566681779921014, 0.009583114755682196, 0.009600461598251153, 0.009638048629433937, 0.00961733106696141, 0.009628978798579066, 0.009640946879701882], "average_degree": [19.25, 19.24742268041237, 19.244897959183675, 19.242424242424242, 19.25, 19.257425742574256, 19.254901960784313, 19.25242718446602, 19.259615384615383, 19.266666666666666, 19.27358490566038, 19.27102803738318, 19.26851851851852, 19.26605504587156], "pagerank": [0.4252190543313959, 0.42525390734012997, 0.4252281480485791, 0.42523426757875765, 0.4251590651880108, 0.42505781986954533, 0.42509565780421127, 0.42511675755355693, 0.4250339778955872, 0.4249887740285845, 0.4248946639040922, 0.4249754501864661, 0.4249494912761421, 0.4250094827588068]}, "gemma_9b_instruct": {"clustering": [0.00546378804415907, 0.005479039391767498, 0.005517868340119483, 0.005511826091165378, 0.0055370795388001645, 0.0055505101554648, 0.0055335539952374845, 0.005586012582730061, 0.005597946331967197, 0.005614312038934152, 0.005645534955071427, 0.005648961118457858], "average_degree": [19.739583333333332, 19.742268041237114, 19.744897959183675, 19.747474747474747, 19.75, 19.752475247524753, 19.754901960784313, 19.75728155339806, 19.759615384615383, 19.761904761904763, 19.764150943396228, 19.766355140186917], "pagerank": [0.4498236749412204, 0.44980077040031863, 0.4497558021377156, 0.4497265033842206, 0.44967624243032, 0.4496596736691565, 0.4496265189685705, 0.44954353604204694, 0.44948685083521367, 0.4494444941574821, 0.4493487872939229, 0.4493061821701969]}, "gemma_27b_instruct": {"clustering": [0.004789571409151666, 0.004784009706479794, 0.004824630267512283, 0.0048206441812790836, 0.004845961491543338, 0.0048704985481724935, 0.004865459772007087, 0.0049089047520007745, 0.004923518938178054, 0.0049497299298764535, 0.004975611611970318, 0.004987172072546282, 0.00500920664502877, 0.005034679164488636, 0.0050295351793761415, 0.005068133734903824, 0.005078502004793305, 0.005106560563756317, 0.005139338069649559, 0.005147168789842566, 0.005164886757812628], "average_degree": [19.739583333333332, 19.75257731958763, 19.755102040816325, 19.757575757575758, 19.76, 19.762376237623762, 19.764705882352942, 19.766990291262136, 19.759615384615383, 19.771428571428572, 19.77358490566038, 19.77570093457944, 19.77777777777778, 19.779816513761467, 19.78181818181818, 19.783783783783782, 19.776785714285715, 19.787610619469028, 19.789473684210527, 19.791304347826088, 19.79310344827586], "pagerank": [0.4524545769727113, 0.45245578578255724, 0.45238191398778554, 0.4523461444802314, 0.4522871611588133, 0.45221331544940996, 0.4521418511428935, 0.45208309173180844, 0.45205185236951895, 0.4519118118727627, 0.4518419135578133, 0.4517579411962954, 0.4516739911486381, 0.45158800742741717, 0.45154775660048985, 0.45151522112525283, 0.4514967669132041, 0.4513422887001885, 0.4512484833262335, 0.45117844333798146, 0.4511214501251076]}}