{"mistral_8b_instruct": {"clustering": [0.005577564424173706], "average_degree": [19.55072463768116], "pagerank": [0.44839339172067083]}, "mistral_24b_instruct": {"clustering": [0.004841636302848151], "average_degree": [19.63768115942029], "pagerank": [0.4524579010586805]}, "qwen_1.5b_instruct": {"clustering": [0.008555043254004805, 0.008597340312298382, 0.008682261515719686, 0.008652073912641433], "average_degree": [19.11764705882353, 19.115942028985508, 19.114285714285714, 19.12676056338028], "pagerank": [0.42899709773817346, 0.42891519866634326, 0.4289077940303951, 0.428832175652409]}, "qwen_3b_instruct": {"clustering": [0.005916518518256092, 0.005957073520427003, 0.0060547546720588746, 0.0060783367618525205, 0.006068784119522903, 0.006113673682566575, 0.006108600778367471, 0.00615174147198798, 0.0061068643047212205, 0.00613917021030728, 0.006202164928829643], "average_degree": [19.58823529411765, 19.594202898550726, 19.6, 19.6056338028169, 19.61111111111111, 19.616438356164384, 19.62162162162162, 19.626666666666665, 19.63157894736842, 19.636363636363637, 19.641025641025642], "pagerank": [0.44498768038716213, 0.44484083194550383, 0.4446884759855064, 0.44453966395039607, 0.44438958630236963, 0.4442158720206598, 0.4440605196016492, 0.4439169534936398, 0.443787626060413, 0.4436609713804685, 0.44361666582548526]}, "qwen_7b_instruct": {"clustering": [0.0091695022128198, 0.009203922715954342, 0.009328049032699456, 0.009340685543296413, 0.009296324880514038, 0.009328943825111879, 0.009268164803064957, 0.00933924016499808, 0.009274077351573312, 0.009319931532333693, 0.009401979364199774], "average_degree": [19.352941176470587, 19.347826086956523, 19.357142857142858, 19.366197183098592, 19.375, 19.383561643835616, 19.39189189189189, 19.4, 19.407894736842106, 19.415584415584416, 19.435897435897434], "pagerank": [0.4214728665120381, 0.42147390124702244, 0.4213397857333557, 0.4212466862223787, 0.4210950768628203, 0.42103683855991497, 0.42089825905760136, 0.42079304685386004, 0.42062968529984096, 0.4205014050091302, 0.4203237831419283]}, "llama_1b_instruct": {"clustering": [0.011956060311220318, 0.01205564835101275], "average_degree": [19.0, 19.0], "pagerank": [0.39739348506853794, 0.3973405196771165]}, "llama_8b_instruct": {"clustering": [0.005663558018786808, 0.005731123504685633, 0.005711910635515615, 0.0056681466971088], "average_degree": [19.130434782608695, 19.12857142857143, 19.12676056338028, 19.125], "pagerank": [0.4512494140506967, 0.4511979940469935, 0.4511752115858948, 0.45113441019892764]}, "gemma_2b_instruct": {"clustering": [0.009639302838345125, 0.009574184445238575, 0.009584217806489985, 0.00959499760514937, 0.009612113006027136, 0.009490687629462658], "average_degree": [19.0, 19.0, 19.0, 19.0, 19.0, 19.013157894736842], "pagerank": [0.4235666733213579, 0.42356114341438794, 0.4235625424129488, 0.42342213738212137, 0.42332307239023914, 0.42327976351709956]}, "gemma_9b_instruct": {"clustering": [0.004656160064694266, 0.004651022209433013, 0.004680828108884609], "average_degree": [19.690140845070424, 19.694444444444443, 19.698630136986303], "pagerank": [0.45325931831209343, 0.4531664246324476, 0.4530688284789925]}, "gemma_27b_instruct": {"clustering": [0.004367011576181361, 0.004367900214893305, 0.004394434298937276, 0.004396710093800744, 0.004425654579470293, 0.004400135419456396, 0.004430128660939827, 0.004482244084109442, 0.004507372539555929, 0.004526084575853595, 0.004555442004807739, 0.004598717621581367, 0.004599866299782881, 0.004628703779206978, 0.004643495566327882, 0.004672868114628415, 0.0046762489206754, 0.0047016290154963565, 0.004723719277567503, 0.004782282816990757, 0.004756534097513526, 0.004771122252998675], "average_degree": [19.676056338028168, 19.680555555555557, 19.684931506849313, 19.68918918918919, 19.69333333333333, 19.69736842105263, 19.7012987012987, 19.705128205128204, 19.70886075949367, 19.7125, 19.71604938271605, 19.71951219512195, 19.72289156626506, 19.726190476190474, 19.729411764705883, 19.732558139534884, 19.735632183908045, 19.738636363636363, 19.741573033707866, 19.744444444444444, 19.747252747252748, 19.75], "pagerank": [0.452951913879605, 0.45282430428309867, 0.4527280549251305, 0.4525961057464697, 0.45257755548059775, 0.4524546696338813, 0.452348737064194, 0.45225067849360734, 0.4521269022765432, 0.45200644609603363, 0.45190451273339377, 0.45179243060199054, 0.45173201172334404, 0.45141936423098333, 0.45155802224530506, 0.4514713037039238, 0.4514001260773729, 0.4513286536168671, 0.4512550419705341, 0.45095480752452854, 0.4511322712125041, 0.45107352332265555]}}