{"mistral_8b_instruct": {"clustering": [0.005219989536152726], "average_degree": [19.3265306122449], "pagerank": [0.25165694012638223]}, "mistral_24b_instruct": {"clustering": [0.005396499229394236], "average_degree": [19.346938775510203], "pagerank": [0.2310034519778279]}, "qwen_1.5b_instruct": {"clustering": [0.0059193582824977045, 0.0058821805294372006], "average_degree": [19.229166666666668, 19.224489795918366], "pagerank": [0.20628362296091618, 0.2040834958341938]}, "qwen_3b_instruct": {"clustering": [0.00508577728357884, 0.005024246904374533], "average_degree": [19.270833333333332, 19.285714285714285], "pagerank": [0.218700003382287, 0.21637324713754932]}, "qwen_7b_instruct": {"clustering": [0.005522679735713858, 0.005485695217784239], "average_degree": [19.291666666666668, 19.285714285714285], "pagerank": [0.20200623063031764, 0.19877996591419284]}, "llama_1b_instruct": {"clustering": [0.007311897515037836, 0.007249080107452471, 0.0072379549628797495, 0.005648566451406503, 0.0055998165952604526, 0.005575091808984678], "average_degree": [19.102040816326532, 19.1, 19.098039215686274, 19.115384615384617, 19.11320754716981, 19.11111111111111], "pagerank": [0.19144740200207067, 0.18795461768065236, 0.18384147718412716, 0.2004916632129798, 0.19821528855131287, 0.19394989133365925]}, "llama_8b_instruct": {"clustering": [0.005736333593245444, 0.005704577372406403, 0.0057018836389776725, 0.0033342962522483134, 0.003302082365064395, 0.003278075215640722, 0.003281636559807812, 0.0031855700341115447, 0.0031272152118435995, 0.0031733346970383124, 0.003166570788126544, 0.002358440572105949, 0.0023495217028343587, 0.0023397561062449435], "average_degree": [19.26530612244898, 19.26, 19.254901960784313, 19.365384615384617, 19.358490566037737, 19.35185185185185, 19.345454545454544, 19.25, 19.24561403508772, 19.24137931034483, 19.23728813559322, 19.416666666666668, 19.40983606557377, 19.403225806451612], "pagerank": [0.2176906267469053, 0.2134372937092347, 0.208966801874016, 0.23991073771298901, 0.23713327586566843, 0.23259246141737072, 0.2275369365857064, 0.23294344416586427, 0.23076123322898068, 0.22644361082490388, 0.22124954320167167, 0.20457250791630252, 0.2026658709292705, 0.19922342267403934]}, "gemma_2b_instruct": {"clustering": [0.007031079403911788, 0.00543223549754169, 0.0053795081318193, 0.00535512248861351, 0.0053537879052431075, 0.004966046636120131, 0.0049222698485895345], "average_degree": [19.15686274509804, 19.307692307692307, 19.30188679245283, 19.296296296296298, 19.29090909090909, 19.303571428571427, 19.29824561403509], "pagerank": [0.19065648317501185, 0.1945597006636982, 0.19250007341596734, 0.18878968420076306, 0.18445887014469223, 0.21797832074972687, 0.2158164351561347]}, "gemma_9b_instruct": {"clustering": [0.004481307196634136, 0.0031368049645516924, 0.0031203304414863754, 0.0030942144222733015, 0.0031047265971353814, 0.002796293102733383, 0.002769990750623315, 0.0027804545216438426, 0.0027806772729969394], "average_degree": [19.254901960784313, 19.51923076923077, 19.50943396226415, 19.5, 19.490909090909092, 19.446428571428573, 19.43859649122807, 19.43103448275862, 19.423728813559322], "pagerank": [0.2120511884459115, 0.18936110692723593, 0.18702929327016451, 0.18337108401883742, 0.1793677385919837, 0.20843425909482288, 0.20623890277575296, 0.20253640310051033, 0.19799403201343954]}, "gemma_27b_instruct": {"clustering": [0.0036659407327692644, 0.002368242638094334, 0.0023559051042923904, 0.002337935509762364, 0.002346901218177734, 0.0026550189546620064], "average_degree": [19.313725490196077, 19.5, 19.49056603773585, 19.48148148148148, 19.472727272727273, 19.464285714285715], "pagerank": [0.2235992467561755, 0.1935980172188645, 0.19175163122873762, 0.18834579489051043, 0.18401405703143248, 0.20739831584655283]}}