{"qwen_1.5b_instruct": {"clustering": [0.006761663246412444, 0.006844903178926687, 0.006925072432403057, 0.006992226282161762], "average_shortest_path_length": [Infinity, Infinity, Infinity, Infinity], "average_degree": [19.416666666666668, 19.408163265306122, 19.4, 19.392156862745097], "connectivity": [6.0, 7.0, 8.0, 9.0], "sparseness": [0.41312056737588654, 0.40433673469387754, 0.39591836734693875, 0.38784313725490194], "hubs": [5.0, 5.0, 5.0, 6.0], "clusters": [1.0, 1.0, 1.0, 1.0], "communities": [1.0, 1.0, 1.0, 1.0], "fourier": [1.9218126517872924, 1.9226748698454392, 1.9226522979430731, 1.922909727916367], "commute_time_efficiency": [0.839095744680851, 0.8320578231292517, 0.826530612244898, 0.8196078431372549], "pagerank": [0.4361466569924118, 0.4359885323017668, 0.43575134447155356, 0.4355734230778265], "eigenvector_centrality": [0.0, 0.0, 0.0, 0.0], "cycle_count": [718.0, 733.0, 751.0, 765.0]}, "qwen_3b_instruct": {"clustering": [0.0052393039179635175, 0.005303874389361067], "average_shortest_path_length": [Infinity, Infinity], "average_degree": [19.541666666666668, 19.53061224489796], "connectivity": [8.0, 9.0], "sparseness": [0.4157801418439716, 0.40688775510204084], "hubs": [5.0, 5.0], "clusters": [1.0, 1.0], "communities": [1.0, 1.0], "fourier": [1.9472024564078012, 1.9479576905548073], "commute_time_efficiency": [0.8342198581560284, 0.8282312925170068], "pagerank": [0.4469821076481277, 0.4468782852770384], "eigenvector_centrality": [0.0, 0.0], "cycle_count": [707.0, 724.0]}, "qwen_7b_instruct": {"clustering": [0.007830032534282856, 0.007924028045881172], "average_shortest_path_length": [Infinity, Infinity], "average_degree": [19.4375, 19.428571428571427], "connectivity": [7.0, 8.0], "sparseness": [0.41356382978723405, 0.40476190476190477], "hubs": [5.0, 5.0], "clusters": [1.0, 1.0], "communities": [1.0, 1.0], "fourier": [1.921394794399923, 1.921863609936861], "commute_time_efficiency": [0.8333333333333334, 0.8273809523809523], "pagerank": [0.4246573301012308, 0.42446252550424574], "eigenvector_centrality": [0.0, 0.0], "cycle_count": [705.0, 722.0]}}