{"gemma_2b_instruct": {"clustering": [0.0, 0.0, 0.0, 0.0, 0.0, 0.0, 0.0, 0.0], "average_shortest_path_length": [Infinity, Infinity, Infinity, Infinity, Infinity, Infinity, Infinity, Infinity], "average_degree": [0.9333333333333333, 0.9375, 0.9411764705882353, 0.9444444444444444, 0.9473684210526315, 0.95, 0.9523809523809523, 0.9545454545454546], "connectivity": [15.0, 16.0, 17.0, 18.0, 19.0, 20.0, 21.0, 22.0], "sparseness": [0.06666666666666667, 0.0625, 0.058823529411764705, 0.05555555555555555, 0.05263157894736842, 0.05, 0.047619047619047616, 0.045454545454545456], "hubs": [15.0, 16.0, 17.0, 18.0, 19.0, 20.0, 21.0, 22.0], "clusters": [1.0, 1.0, 1.0, 1.0, 1.0, 1.0, 1.0, 1.0], "communities": [1.0, 1.0, 1.0, 1.0, 1.0, 1.0, 1.0, 1.0], "fourier": [0.9632727910798096, 0.9425955264054904, 0.922555749672033, 0.9029549254547544, 0.8852788011517501, 0.8683127045046077, 0.8524055569152521, 0.837000267626507], "commute_time_efficiency": [0.5666666666666667, 0.5625, 0.5588235294117647, 0.5555555555555556, 0.5526315789473685, 0.55, 0.5476190476190477, 0.5454545454545454], "pagerank": [0.47955697995451957, 0.4782577711892022, 0.47712723974198645, 0.476120796264489, 0.4752151387594926, 0.4744080648877345, 0.4736880308968881, 0.47302818311139605], "eigenvector_centrality": [0.0, 0.0, 0.0, 0.0, 0.0, 0.0, 0.0, 0.0], "cycle_count": [0.0, 0.0, 0.0, 0.0, 0.0, 0.0, 0.0, 0.0]}, "gemma_9b_instruct": {"clustering": [0.0, 0.0, 0.0, 0.0, 0.0, 0.0], "average_shortest_path_length": [Infinity, Infinity, Infinity, Infinity, Infinity, Infinity], "average_degree": [0.9333333333333333, 0.9375, 0.9411764705882353, 0.9444444444444444, 0.9473684210526315, 0.95], "connectivity": [15.0, 16.0, 17.0, 18.0, 19.0, 20.0], "sparseness": [0.06666666666666667, 0.0625, 0.058823529411764705, 0.05555555555555555, 0.05263157894736842, 0.05], "hubs": [15.0, 16.0, 17.0, 18.0, 19.0, 20.0], "clusters": [1.0, 1.0, 1.0, 1.0, 1.0, 1.0], "communities": [1.0, 1.0, 1.0, 1.0, 1.0, 1.0], "fourier": [1.3136032457165459, 1.2894288859739986, 1.2653347606864833, 1.2423812663679004, 1.2213357834168317, 1.2004458120153738], "commute_time_efficiency": [0.5666666666666667, 0.5625, 0.5588235294117647, 0.5555555555555556, 0.5526315789473685, 0.55], "pagerank": [0.47955697995451957, 0.4782577711892023, 0.47712723974198645, 0.476120796264489, 0.4752151387594926, 0.47440806488773385], "eigenvector_centrality": [0.0, 0.0, 0.0, 0.0, 0.0, 0.0], "cycle_count": [0.0, 0.0, 0.0, 0.0, 0.0, 0.0]}, "gemma_27b_instruct": {"clustering": [0.0, 0.0, 0.0, 0.0, 0.0, 0.0, 0.0, 0.0], "average_shortest_path_length": [Infinity, Infinity, Infinity, Infinity, Infinity, Infinity, Infinity, Infinity], "average_degree": [0.9333333333333333, 0.9375, 0.9411764705882353, 0.9444444444444444, 0.9473684210526315, 0.95, 0.9523809523809523, 0.9545454545454546], "connectivity": [15.0, 16.0, 17.0, 18.0, 19.0, 20.0, 21.0, 22.0], "sparseness": [0.06666666666666667, 0.0625, 0.058823529411764705, 0.05555555555555555, 0.05263157894736842, 0.05, 0.047619047619047616, 0.045454545454545456], "hubs": [15.0, 16.0, 17.0, 18.0, 19.0, 20.0, 21.0, 22.0], "clusters": [1.0, 1.0, 1.0, 1.0, 1.0, 1.0, 1.0, 1.0], "communities": [1.0, 1.0, 1.0, 1.0, 1.0, 1.0, 1.0, 1.0], "fourier": [1.6709480055040473, 1.659485153010227, 1.6465544092486912, 1.6337712641765025, 1.6202049975396926, 1.6058106878528549, 1.591684912313401, 1.576591379822527], "commute_time_efficiency": [0.5666666666666667, 0.5625, 0.5588235294117647, 0.5555555555555556, 0.5526315789473685, 0.55, 0.5476190476190477, 0.5454545454545454], "pagerank": [0.47955697995451957, 0.4782577711892021, 0.47712723974198645, 0.476120796264489, 0.4752151387594926, 0.47440806488773385, 0.4736880308968881, 0.47302818311139605], "eigenvector_centrality": [0.0, 0.0, 0.0, 0.0, 0.0, 0.0, 0.0, 0.0], "cycle_count": [0.0, 0.0, 0.0, 0.0, 0.0, 0.0, 0.0, 0.0]}}