{"gemma_2b_instruct": {"clustering": [0.01495823462345171, 0.01394218274598193, 0.013056835324334336, 0.012285125161671037, 0.01159412219239535, 0.010978679491863697, 0.011460590045839906, 0.011892602344463167], "average_shortest_path_length": [0.04623205661634239, 0.04427831290252649, 0.04254722332141935, 0.039859763747253155, 0.038282039909024845, 0.03608819056647685, 0.035911925459735365, 0.034923682152218596], "average_degree": [14.0, 15.0, 16.0, 17.0, 18.0, 19.0, 19.047619047619047, 19.09090909090909], "connectivity": [1.0, 1.0, 1.0, 1.0, 1.0, 1.0, 1.0, 1.0], "sparseness": [1.0, 1.0, 1.0, 1.0, 1.0, 1.0, 0.9523809523809523, 0.9090909090909091], "hubs": [15.0, 16.0, 17.0, 18.0, 19.0, 20.0, 12.0, 9.0], "clusters": [1.0, 1.0, 1.0, 1.0, 1.0, 1.0, 1.0, 1.0], "communities": [1.0, 1.0, 1.0, 1.0, 1.0, 1.0, 1.0, 1.0], "fourier": [1.8220550809438714, 1.8329210096987476, 1.8425518831340004, 1.8510353727280047, 1.8587029838546638, 1.8656828200858828, 1.8719765653677067, 1.8774185511815966], "commute_time_efficiency": [1.0, 1.0, 1.0, 1.0, 1.0, 1.0, 1.0, 0.9978354978354979], "pagerank": [0.3642181849721331, 0.3592271485949796, 0.35460473129210346, 0.3502461366915418, 0.34636033632368557, 0.34272171175359883, 0.33937102667807706, 0.33619345453929966], "eigenvector_centrality": [0.999992625307262, 0.9999895738557606, 0.9999890763197211, 0.9999894329947325, 0.9999908411390637, 0.999987138359405, 0.9999827791812382, 0.9999819760020855], "cycle_count": [91.0, 105.0, 120.0, 136.0, 153.0, 171.0, 190.0, 209.0]}, "gemma_9b_instruct": {"clustering": [0.010392876815102677, 0.009722369019073559, 0.00913166463257545, 0.008606189035905466, 0.008131095205341929, 0.007729291411909563], "average_shortest_path_length": [0.04738777647764932, 0.04506367857128548, 0.0417215848293242, 0.039228933109923605, 0.03742490962105236, 0.03499619431712483], "average_degree": [14.0, 15.0, 16.0, 17.0, 18.0, 19.0], "connectivity": [1.0, 1.0, 1.0, 1.0, 1.0, 1.0], "sparseness": [1.0, 1.0, 1.0, 1.0, 1.0, 1.0], "hubs": [15.0, 16.0, 17.0, 18.0, 19.0, 20.0], "clusters": [1.0, 1.0, 1.0, 1.0, 1.0, 1.0], "communities": [1.0, 1.0, 1.0, 1.0, 1.0, 1.0], "fourier": [1.8576271868875345, 1.8664781564805368, 1.8742885403502851, 1.8812228878400095, 1.8874397479149334, 1.892982908647332], "commute_time_efficiency": [1.0, 1.0, 1.0, 1.0, 1.0, 1.0], "pagerank": [0.40998276626844365, 0.40493769189370715, 0.4001948781235596, 0.39582471182804907, 0.3918859483211096, 0.38810594217074257], "eigenvector_centrality": [0.999999290607153, 0.999999192064349, 0.9999988640038772, 0.9999988493874097, 0.9999985564769984, 0.9999986019692709], "cycle_count": [91.0, 105.0, 120.0, 136.0, 153.0, 171.0]}, "gemma_27b_instruct": {"clustering": [0.006453065575663436, 0.00610452692985085, 0.005804741714511723, 0.005537234525386143, 0.005304254386887454, 0.0050917260179425446, 0.005348480690338396, 0.005610994423137569], "average_shortest_path_length": [0.05347035394874957, 0.05043191349554459, 0.04636795233978669, 0.04337483775061482, 0.04023373907800366, 0.03731568088164411, 0.03521700159332226, 0.032738503436281916], "average_degree": [14.0, 15.0, 16.0, 17.0, 18.0, 19.0, 19.047619047619047, 19.09090909090909], "connectivity": [1.0, 1.0, 1.0, 1.0, 1.0, 1.0, 1.0, 1.0], "sparseness": [1.0, 1.0, 1.0, 1.0, 1.0, 1.0, 0.9523809523809523, 0.9090909090909091], "hubs": [15.0, 16.0, 17.0, 18.0, 19.0, 20.0, 12.0, 9.0], "clusters": [1.0, 1.0, 1.0, 1.0, 1.0, 1.0, 1.0, 1.0], "communities": [1.0, 1.0, 1.0, 1.0, 1.0, 1.0, 1.0, 1.0], "fourier": [1.8651021763776394, 1.8735045989544894, 1.8809169769809932, 1.8875006911876255, 1.8934049128773345, 1.8987232354155392, 1.9035388201940446, 1.9078336738790798], "commute_time_efficiency": [1.0, 1.0, 1.0, 1.0, 1.0, 1.0, 1.0, 0.9978354978354979], "pagerank": [0.4544093215579553, 0.45071735997167933, 0.4471451972400342, 0.443825729556074, 0.44061428321880663, 0.43748724019569185, 0.4345359723129911, 0.43160250864121696], "eigenvector_centrality": [0.9999999173317315, 0.9999999223460263, 0.9999999305530335, 0.9999998984572764, 0.9999998894174384, 0.999999846435447, 0.999999928076773, 0.9999997667243695], "cycle_count": [91.0, 105.0, 120.0, 136.0, 153.0, 171.0, 190.0, 209.0]}}