{"gemma_2b_instruct": {"clustering": [0.029540838989763916, 0.030584886303624603, 0.0308995083362124, 0.030862427865278715, 0.03200772706859667, 0.03268685475937422, 0.033605759855477056, 0.03440579532386147], "average_shortest_path_length": [0.06891596007691604, 0.07308839703575633, 0.07078167040253511, 0.07013756186994158, Infinity, Infinity, Infinity, Infinity], "average_degree": [9.333333333333334, 9.375, 9.411764705882353, 9.444444444444445, 9.473684210526315, 9.5, 9.523809523809524, 9.545454545454545], "connectivity": [1.0, 1.0, 1.0, 1.0, 2.0, 2.0, 3.0, 4.0], "sparseness": [0.6666666666666666, 0.625, 0.5882352941176471, 0.5555555555555556, 0.5263157894736842, 0.5, 0.47619047619047616, 0.45454545454545453], "hubs": [2.0, 3.0, 2.0, 2.0, 2.0, 2.0, 3.0, 3.0], "clusters": [1.0, 1.0, 1.0, 1.0, 1.0, 1.0, 1.0, 1.0], "communities": [1.0, 1.0, 1.0, 1.0, 1.0, 1.0, 1.0, 1.0], "fourier": [1.7996488398964356, 1.805002145324849, 1.8084230936070862, 1.8093178670168188, 1.8091661650826303, 1.8076410929445763, 1.8051766132938678, 1.8009220223956277], "commute_time_efficiency": [0.9523809523809523, 0.9375, 0.9227941176470589, 0.9084967320261438, 0.8947368421052632, 0.881578947368421, 0.8690476190476191, 0.8571428571428571], "pagerank": [0.3658945300476779, 0.36128872854251937, 0.357081920743823, 0.3532167621687823, 0.34984209073655426, 0.34674553648658135, 0.34394634541364955, 0.34137604690703904], "eigenvector_centrality": [0.9999981049549183, 0.9999972170407356, 0.9999968010531701, 0.9999956932715489, 0.0, 0.0, 0.0, 0.0], "cycle_count": [81.0, 90.0, 99.0, 108.0, 117.0, 126.0, 135.0, 144.0]}, "gemma_9b_instruct": {"clustering": [0.020971228251605564, 0.021872710874753273, 0.022186196156952533, 0.022268749129939164, 0.02334563475619151, 0.024048939642868868], "average_shortest_path_length": [0.05870478277123647, 0.06168421376368516, 0.05883671007991208, 0.05797076058788421, Infinity, Infinity], "average_degree": [9.333333333333334, 9.375, 9.411764705882353, 9.444444444444445, 9.473684210526315, 9.5], "connectivity": [1.0, 1.0, 1.0, 1.0, 2.0, 2.0], "sparseness": [0.6666666666666666, 0.625, 0.5882352941176471, 0.5555555555555556, 0.5263157894736842, 0.5], "hubs": [2.0, 3.0, 2.0, 2.0, 2.0, 2.0], "clusters": [1.0, 1.0, 1.0, 1.0, 1.0, 1.0], "communities": [1.0, 1.0, 1.0, 1.0, 1.0, 1.0], "fourier": [1.8501691470862671, 1.856492078843578, 1.8613802371079031, 1.864906839168743, 1.8674726175490128, 1.868186306511277], "commute_time_efficiency": [0.9523809523809523, 0.9375, 0.9227941176470589, 0.9084967320261438, 0.8947368421052632, 0.881578947368421], "pagerank": [0.4106575026749087, 0.40582007245373797, 0.4013051982582724, 0.39719362624608673, 0.3935290842030128, 0.3901068672498837], "eigenvector_centrality": [0.9999994792541893, 0.9999995965355657, 0.9999995751244026, 0.9999995284760448, 0.0, 0.0], "cycle_count": [81.0, 90.0, 99.0, 108.0, 117.0, 126.0]}, "gemma_27b_instruct": {"clustering": [0.012998116321266451, 0.013716233559272865, 0.01404215285872185, 0.014222803795967822, 0.015106700456164362, 0.01575054235097163, 0.01645223588895595, 0.017128562776800756], "average_shortest_path_length": [0.0566323412319046, 0.05485859592863592, 0.051327638484690886, 0.04940977586769742, Infinity, Infinity, Infinity, Infinity], "average_degree": [9.333333333333334, 9.375, 9.411764705882353, 9.444444444444445, 9.473684210526315, 9.5, 9.523809523809524, 9.545454545454545], "connectivity": [1.0, 1.0, 1.0, 1.0, 2.0, 2.0, 3.0, 4.0], "sparseness": [0.6666666666666666, 0.625, 0.5882352941176471, 0.5555555555555556, 0.5263157894736842, 0.5, 0.47619047619047616, 0.45454545454545453], "hubs": [2.0, 3.0, 2.0, 2.0, 2.0, 2.0, 3.0, 3.0], "clusters": [1.0, 1.0, 1.0, 1.0, 1.0, 1.0, 1.0, 1.0], "communities": [1.0, 1.0, 1.0, 1.0, 1.0, 1.0, 1.0, 1.0], "fourier": [1.8621212108058984, 1.869406059445207, 1.8752824654422984, 1.879935232519077, 1.88339582609724, 1.8859384933690966, 1.8880311010595041, 1.8885159923918244], "commute_time_efficiency": [0.9523809523809523, 0.9375, 0.9227941176470589, 0.9084967320261438, 0.8947368421052632, 0.881578947368421, 0.8690476190476191, 0.8571428571428571], "pagerank": [0.45474205342709634, 0.45116642112003397, 0.44775008202037936, 0.44462363623425066, 0.4416585234072581, 0.43878097087558293, 0.4360935696683496, 0.43349366308410003], "eigenvector_centrality": [0.9999999722655586, 0.9999999825215965, 0.999999966532342, 0.9999999703044724, 0.0, 0.0, 0.0, 0.0], "cycle_count": [81.0, 90.0, 99.0, 108.0, 117.0, 126.0, 135.0, 144.0]}}