{"gemma_2b_instruct": {"clustering": [0.0, 0.0, 0.0, 0.0, 0.0, 0.0, 0.0, 0.0], "average_shortest_path_length": [Infinity, Infinity, Infinity, Infinity, Infinity, Infinity, Infinity, Infinity], "average_degree": [0.2, 0.1875, 0.17647058823529413, 0.16666666666666666, 0.15789473684210525, 0.15, 0.14285714285714285, 0.13636363636363635], "connectivity": [15.0, 16.0, 17.0, 18.0, 19.0, 20.0, 21.0, 22.0], "sparseness": [0.014285714285714285, 0.0125, 0.011029411764705883, 0.00980392156862745, 0.008771929824561403, 0.007894736842105263, 0.007142857142857143, 0.006493506493506494], "hubs": [4.0, 4.0, 4.0, 4.0, 4.0, 4.0, 4.0, 4.0], "clusters": [12.0, 13.0, 14.0, 15.0, 16.0, 17.0, 18.0, 19.0], "communities": [12.0, 13.0, 14.0, 15.0, 16.0, 17.0, 18.0, 19.0], "fourier": [0.3131034053729088, 0.29353444253710204, 0.27626771062315486, 0.260919504477424, 0.24718689897861224, 0.23482755402968164, 0.22364528955207774, 0.21347959457243784], "commute_time_efficiency": [0.04285714285714286, 0.0375, 0.03308823529411765, 0.029411764705882353, 0.02631578947368421, 0.02368421052631579, 0.02142857142857143, 0.01948051948051948], "pagerank": [0.20227975874988133, 0.19137499966875815, 0.18158588750000001, 0.17274844437670192, 0.16473252351856055, 0.15742747640868393, 0.15074276920105675, 0.14460261089292142], "eigenvector_centrality": [0.0, 0.0, 0.0, 0.0, 0.0, 0.0, 0.0, 0.0], "cycle_count": [0.0, 0.0, 0.0, 0.0, 0.0, 0.0, 0.0, 0.0]}, "gemma_9b_instruct": {"clustering": [0.0, 0.0, 0.0, 0.0, 0.0, 0.0], "average_shortest_path_length": [Infinity, Infinity, Infinity, Infinity, Infinity, Infinity], "average_degree": [0.4666666666666667, 0.4375, 0.4117647058823529, 0.3888888888888889, 0.3684210526315789, 0.35], "connectivity": [15.0, 16.0, 17.0, 18.0, 19.0, 20.0], "sparseness": [0.03333333333333333, 0.029166666666666667, 0.025735294117647058, 0.02287581699346405, 0.02046783625730994, 0.018421052631578946], "hubs": [8.0, 8.0, 8.0, 8.0, 8.0, 8.0], "clusters": [8.0, 9.0, 10.0, 11.0, 12.0, 13.0], "communities": [8.0, 9.0, 10.0, 11.0, 12.0, 13.0], "fourier": [0.7997307654563622, 0.7497475926153396, 0.7056447930497314, 0.6664423045469685, 0.6313663937813386, 0.5997980740922717], "commute_time_efficiency": [0.16666666666666666, 0.14583333333333334, 0.12867647058823528, 0.11437908496732026, 0.1023391812865497, 0.09210526315789473], "pagerank": [0.33174383896281334, 0.3166269240621789, 0.3028314194494621, 0.29018909946830806, 0.2785550649594694, 0.26782155306306643], "eigenvector_centrality": [0.0, 0.0, 0.0, 0.0, 0.0, 0.0], "cycle_count": [0.0, 0.0, 0.0, 0.0, 0.0, 0.0]}, "gemma_27b_instruct": {"clustering": [0.0, 0.0, 0.0, 0.0, 0.0, 0.0, 0.0, 0.0], "average_shortest_path_length": [Infinity, Infinity, Infinity, Infinity, Infinity, Infinity, Infinity, Infinity], "average_degree": [0.9333333333333333, 0.9375, 0.9411764705882353, 0.9444444444444444, 0.8947368421052632, 0.85, 0.8095238095238095, 0.7727272727272727], "connectivity": [15.0, 16.0, 17.0, 18.0, 19.0, 20.0, 21.0, 22.0], "sparseness": [0.06666666666666667, 0.0625, 0.058823529411764705, 0.05555555555555555, 0.049707602339181284, 0.04473684210526316, 0.04047619047619048, 0.0367965367965368], "hubs": [15.0, 16.0, 17.0, 18.0, 18.0, 18.0, 18.0, 18.0], "clusters": [1.0, 1.0, 1.0, 1.0, 2.0, 3.0, 4.0, 5.0], "communities": [1.0, 1.0, 1.0, 1.0, 2.0, 3.0, 4.0, 5.0], "fourier": [1.6709480055040473, 1.659485153010227, 1.6465544092486912, 1.6337712641765025, 1.547783302904055, 1.4703941377588523, 1.400375369294145, 1.3367219434171385], "commute_time_efficiency": [0.5666666666666667, 0.5625, 0.5588235294117647, 0.5555555555555556, 0.49707602339181284, 0.4473684210526316, 0.40476190476190477, 0.36796536796536794], "pagerank": [0.47955697995451957, 0.4782577711892021, 0.47712723974198645, 0.476120796264489, 0.4618865696447424, 0.448472751862563, 0.43582870466333706, 0.4238653856974779], "eigenvector_centrality": [0.0, 0.0, 0.0, 0.0, 0.0, 0.0, 0.0, 0.0], "cycle_count": [0.0, 0.0, 0.0, 0.0, 0.0, 0.0, 0.0, 0.0]}}