{"gemma_2b_instruct": {"clustering": [0.13436258352967026, 0.13439069320992295, 0.13460178497367536, 0.13462027590902884, 0.13465436986964055, 0.13452444521523133, 0.1342607599871125, 0.1340819564235092], "average_shortest_path_length": [Infinity, Infinity, Infinity, Infinity, Infinity, Infinity, Infinity, Infinity], "average_degree": [2.8, 2.8125, 2.823529411764706, 2.8333333333333335, 2.8421052631578947, 2.85, 2.857142857142857, 2.8636363636363638], "connectivity": [11.0, 12.0, 13.0, 14.0, 15.0, 16.0, 17.0, 18.0], "sparseness": [0.2, 0.1875, 0.17647058823529413, 0.16666666666666666, 0.15789473684210525, 0.15, 0.14285714285714285, 0.13636363636363635], "hubs": [2.0, 2.0, 2.0, 2.0, 2.0, 2.0, 3.0, 3.0], "clusters": [1.0, 1.0, 1.0, 1.0, 1.0, 1.0, 1.0, 1.0], "communities": [1.0, 1.0, 1.0, 1.0, 1.0, 1.0, 1.0, 1.0], "fourier": [1.4060654316575416, 1.3862820396788402, 1.366408901226194, 1.3460189513661256, 1.3276139437662913, 1.3095097511211544, 1.2923323111926266, 1.2752144458178367], "commute_time_efficiency": [0.6857142857142857, 0.675, 0.6654411764705882, 0.6568627450980392, 0.6491228070175439, 0.6421052631578947, 0.6357142857142857, 0.6298701298701299], "pagerank": [0.40332826752186496, 0.400752517518558, 0.39841532281278524, 0.39630150102994804, 0.39441338028810197, 0.39268285685531207, 0.39110150486452433, 0.3896474294259107], "eigenvector_centrality": [0.0, 0.0, 0.0, 0.0, 0.0, 0.0, 0.0, 0.0], "cycle_count": [25.0, 27.0, 29.0, 31.0, 33.0, 35.0, 37.0, 39.0]}, "gemma_9b_instruct": {"clustering": [0.1107931473120705, 0.11224508236407103, 0.1135724359857701, 0.11464842264394476, 0.11559661488432564, 0.11633364504029284], "average_shortest_path_length": [Infinity, Infinity, Infinity, Infinity, Infinity, Infinity], "average_degree": [2.8, 2.8125, 2.823529411764706, 2.8333333333333335, 2.8421052631578947, 2.85], "connectivity": [11.0, 12.0, 13.0, 14.0, 15.0, 16.0], "sparseness": [0.2, 0.1875, 0.17647058823529413, 0.16666666666666666, 0.15789473684210525, 0.15], "hubs": [2.0, 2.0, 2.0, 2.0, 2.0, 2.0], "clusters": [1.0, 1.0, 1.0, 1.0, 2.0, 1.0], "communities": [1.0, 1.0, 1.0, 1.0, 2.0, 1.0], "fourier": [1.615857367867865, 1.6006854380804802, 1.5845110154824222, 1.568389678644068, 1.5533615925349955, 1.5373580263797015], "commute_time_efficiency": [0.6857142857142857, 0.675, 0.6654411764705882, 0.6568627450980392, 0.6491228070175439, 0.6421052631578947], "pagerank": [0.4333104964260879, 0.43017360157178086, 0.4272776570526879, 0.4246658423731987, 0.4223220202892896, 0.42017380587572895], "eigenvector_centrality": [0.0, 0.0, 0.0, 0.0, 0.0, 0.0], "cycle_count": [25.0, 27.0, 29.0, 31.0, 33.0, 35.0]}, "gemma_27b_instruct": {"clustering": [0.07864106223140148, 0.08130180125415812, 0.08364141851418375, 0.08577739006476094, 0.08770988587457414, 0.08945522996796898, 0.09108232364466866, 0.09248648181055151], "average_shortest_path_length": [Infinity, Infinity, Infinity, Infinity, Infinity, Infinity, Infinity, Infinity], "average_degree": [2.8, 2.8125, 2.823529411764706, 2.8333333333333335, 2.8421052631578947, 2.85, 2.857142857142857, 2.8636363636363638], "connectivity": [11.0, 12.0, 13.0, 14.0, 15.0, 16.0, 17.0, 18.0], "sparseness": [0.2, 0.1875, 0.17647058823529413, 0.16666666666666666, 0.15789473684210525, 0.15, 0.14285714285714285, 0.13636363636363635], "hubs": [2.0, 2.0, 2.0, 2.0, 2.0, 2.0, 3.0, 3.0], "clusters": [1.0, 1.0, 1.0, 1.0, 1.0, 1.0, 1.0, 1.0], "communities": [1.0, 1.0, 1.0, 1.0, 1.0, 1.0, 1.0, 1.0], "fourier": [1.784418104024968, 1.7813336899977426, 1.77644358511117, 1.7709503057937983, 1.7642331415927472, 1.7565313128644948, 1.7488147590229293, 1.73942221714318], "commute_time_efficiency": [0.6857142857142857, 0.675, 0.6654411764705882, 0.6568627450980392, 0.6491228070175439, 0.6421052631578947, 0.6357142857142857, 0.6298701298701299], "pagerank": [0.46372418915150804, 0.4612157418132435, 0.45888449377716284, 0.45677405381253167, 0.4548002687626236, 0.4529200770143102, 0.4511620681138284, 0.44951818699741014], "eigenvector_centrality": [0.0, 0.0, 0.0, 0.0, 0.0, 0.0, 0.0, 0.0], "cycle_count": [25.0, 27.0, 29.0, 31.0, 33.0, 35.0, 37.0, 39.0]}}