{"gemma_2b_instruct": {"clustering": [0.1515764866373538, 0.1505609206271792, 0.14955151244756362, 0.14847807141689734, 0.14756116032039515, 0.14664291837057913, 0.14751876690831953, 0.14815416265334966], "average_shortest_path_length": [Infinity, Infinity, Infinity, Infinity, Infinity, Infinity, Infinity, Infinity], "average_degree": [2.533333333333333, 2.5625, 2.588235294117647, 2.611111111111111, 2.6315789473684212, 2.65, 2.619047619047619, 2.590909090909091], "connectivity": [15.0, 16.0, 17.0, 18.0, 19.0, 20.0, 21.0, 22.0], "sparseness": [0.18095238095238095, 0.17083333333333334, 0.16176470588235295, 0.15359477124183007, 0.14619883040935672, 0.1394736842105263, 0.13095238095238096, 0.12337662337662338], "hubs": [2.0, 2.0, 2.0, 2.0, 2.0, 2.0, 3.0, 3.0], "clusters": [1.0, 1.0, 1.0, 1.0, 1.0, 1.0, 2.0, 2.0], "communities": [1.0, 1.0, 1.0, 1.0, 1.0, 1.0, 2.0, 2.0], "fourier": [1.39531639393484, 1.3762048168138086, 1.3569244561767508, 1.3370614199305404, 1.3191278613536321, 1.3014479728291286, 1.2751714908139804, 1.2500054245425227], "commute_time_efficiency": [0.680952380952381, 0.6708333333333333, 0.6617647058823529, 0.6535947712418301, 0.6461988304093568, 0.6394736842105263, 0.6309523809523809, 0.6233766233766234], "pagerank": [0.40440892372337733, 0.4017529883113783, 0.39934945202694444, 0.3971772021591883, 0.3952374829915704, 0.3934609727395338, 0.39354855702181124, 0.39361903883864446], "eigenvector_centrality": [0.0, 0.0, 0.0, 0.0, 0.0, 0.0, 0.0, 0.0], "cycle_count": [24.0, 26.0, 28.0, 30.0, 32.0, 34.0, 35.0, 36.0]}, "gemma_9b_instruct": {"clustering": [0.12928227102639325, 0.1269110630263393, 0.12542665883289034, 0.12437825030162172, 0.12361412985210671, 0.12290023240272871], "average_shortest_path_length": [Infinity, Infinity, Infinity, Infinity, Infinity, Infinity], "average_degree": [1.6666666666666667, 1.75, 1.8235294117647058, 1.8888888888888888, 1.9473684210526316, 2.0], "connectivity": [15.0, 16.0, 17.0, 18.0, 19.0, 20.0], "sparseness": [0.11904761904761904, 0.11666666666666667, 0.11397058823529412, 0.1111111111111111, 0.10818713450292397, 0.10526315789473684], "hubs": [2.0, 2.0, 2.0, 2.0, 2.0, 2.0], "clusters": [1.0, 2.0, 2.0, 2.0, 2.0, 2.0], "communities": [1.0, 2.0, 2.0, 2.0, 2.0, 2.0], "fourier": [1.4831883059799127, 1.4763081925605246, 1.4674500785224636, 1.4578321270707741, 1.448622859465558, 1.4378562299637374], "commute_time_efficiency": [0.6190476190476191, 0.6166666666666667, 0.6139705882352942, 0.6111111111111112, 0.6081871345029239, 0.6052631578947368], "pagerank": [0.44987452752527407, 0.44559906311789005, 0.44172362901934775, 0.4382430155094941, 0.4351445351821579, 0.43233022991049375], "eigenvector_centrality": [0.0, 0.0, 0.0, 0.0, 0.0, 0.0], "cycle_count": [11.0, 13.0, 15.0, 17.0, 19.0, 21.0]}, "gemma_27b_instruct": {"clustering": [0.0, 0.0, 0.0, 0.0, 0.0, 0.0, 0.0, 0.0], "average_shortest_path_length": [Infinity, Infinity, Infinity, Infinity, Infinity, Infinity, Infinity, Infinity], "average_degree": [0.9333333333333333, 0.9375, 0.9411764705882353, 0.9444444444444444, 0.9473684210526315, 0.95, 0.9523809523809523, 0.9545454545454546], "connectivity": [15.0, 16.0, 17.0, 18.0, 19.0, 20.0, 21.0, 22.0], "sparseness": [0.06666666666666667, 0.0625, 0.058823529411764705, 0.05555555555555555, 0.05263157894736842, 0.05, 0.047619047619047616, 0.045454545454545456], "hubs": [15.0, 16.0, 17.0, 18.0, 19.0, 20.0, 21.0, 22.0], "clusters": [1.0, 1.0, 1.0, 1.0, 1.0, 1.0, 1.0, 1.0], "communities": [1.0, 1.0, 1.0, 1.0, 1.0, 1.0, 1.0, 1.0], "fourier": [1.6709480055040473, 1.659485153010227, 1.6465544092486912, 1.6337712641765025, 1.6202049975396926, 1.6058106878528549, 1.591684912313401, 1.576591379822527], "commute_time_efficiency": [0.5666666666666667, 0.5625, 0.5588235294117647, 0.5555555555555556, 0.5526315789473685, 0.55, 0.5476190476190477, 0.5454545454545454], "pagerank": [0.47955697995451957, 0.4782577711892021, 0.47712723974198645, 0.476120796264489, 0.4752151387594926, 0.47440806488773385, 0.4736880308968881, 0.47302818311139605], "eigenvector_centrality": [0.0, 0.0, 0.0, 0.0, 0.0, 0.0, 0.0, 0.0], "cycle_count": [0.0, 0.0, 0.0, 0.0, 0.0, 0.0, 0.0, 0.0]}}