{"gemma_2b_instruct": {"clustering": [0.0692642043104299, 0.0704437708416037, 0.07150869208641386, 0.07228410118398897, 0.07308662942303001, 0.07378717408105602, 0.07448376261316333, 0.07496908739382414], "average_shortest_path_length": [Infinity, Infinity, Infinity, Infinity, Infinity, Infinity, Infinity, Infinity], "average_degree": [4.666666666666667, 4.6875, 4.705882352941177, 4.722222222222222, 4.7368421052631575, 4.75, 4.761904761904762, 4.7727272727272725], "connectivity": [5.0, 7.0, 8.0, 9.0, 10.0, 11.0, 12.0, 13.0], "sparseness": [0.3333333333333333, 0.3125, 0.29411764705882354, 0.2777777777777778, 0.2631578947368421, 0.25, 0.23809523809523808, 0.22727272727272727], "hubs": [2.0, 2.0, 2.0, 2.0, 2.0, 2.0, 3.0, 3.0], "clusters": [1.0, 1.0, 1.0, 2.0, 2.0, 2.0, 2.0, 2.0], "communities": [1.0, 1.0, 1.0, 2.0, 2.0, 2.0, 2.0, 2.0], "fourier": [1.5838292505938214, 1.5705161580156963, 1.5564346460598146, 1.5409627961568417, 1.5268677141966345, 1.5125417018991616, 1.4987075952417261, 1.484381872710359], "commute_time_efficiency": [0.7857142857142857, 0.7708333333333334, 0.7573529411764706, 0.7450980392156863, 0.7339181286549707, 0.7236842105263158, 0.7142857142857143, 0.7056277056277056], "pagerank": [0.3835711030735406, 0.3802275947416406, 0.37717674074846613, 0.3744029067962667, 0.3719423642460377, 0.3696868810604704, 0.36762557725158695, 0.36572808253949735], "eigenvector_centrality": [0.0, 0.0, 0.0, 0.0, 0.0, 0.0, 0.0, 0.0], "cycle_count": [46.0, 50.0, 54.0, 58.0, 62.0, 66.0, 70.0, 74.0]}, "gemma_9b_instruct": {"clustering": [0.055115805543936316, 0.05679488730537183, 0.058281098739603035, 0.05956651405559762, 0.06073292446212811, 0.06174951090559159], "average_shortest_path_length": [Infinity, Infinity, Infinity, Infinity, Infinity, Infinity], "average_degree": [4.666666666666667, 4.6875, 4.705882352941177, 4.722222222222222, 4.7368421052631575, 4.75], "connectivity": [6.0, 7.0, 8.0, 9.0, 10.0, 11.0], "sparseness": [0.3333333333333333, 0.3125, 0.29411764705882354, 0.2777777777777778, 0.2631578947368421, 0.25], "hubs": [2.0, 2.0, 2.0, 2.0, 2.0, 2.0], "clusters": [1.0, 1.0, 1.0, 1.0, 1.0, 1.0], "communities": [1.0, 1.0, 1.0, 1.0, 1.0, 1.0], "fourier": [1.7355264686164948, 1.7281930879201652, 1.7193937548852518, 1.7098835657632536, 1.7006972671480385, 1.689894145881628], "commute_time_efficiency": [0.7857142857142857, 0.7708333333333334, 0.7573529411764706, 0.7450980392156863, 0.7339181286549707, 0.7236842105263158], "pagerank": [0.420790738339329, 0.4169455066642857, 0.4133839814389574, 0.41016465240878436, 0.4072945855992835, 0.4046498847504527], "eigenvector_centrality": [0.0, 0.0, 0.0, 0.0, 0.0, 0.0], "cycle_count": [46.0, 50.0, 54.0, 58.0, 62.0, 66.0]}, "gemma_27b_instruct": {"clustering": [0.03626867263614885, 0.0379422922248646, 0.03943650268019288, 0.040957099678798584, 0.04231142265970435, 0.04357905023783622, 0.04474440263853431, 0.04583447986681353], "average_shortest_path_length": [Infinity, Infinity, Infinity, Infinity, Infinity, Infinity, Infinity, Infinity], "average_degree": [4.666666666666667, 4.6875, 4.705882352941177, 4.722222222222222, 4.7368421052631575, 4.75, 4.761904761904762, 4.7727272727272725], "connectivity": [6.0, 7.0, 8.0, 9.0, 10.0, 11.0, 12.0, 13.0], "sparseness": [0.3333333333333333, 0.3125, 0.29411764705882354, 0.2777777777777778, 0.2631578947368421, 0.25, 0.23809523809523808, 0.22727272727272727], "hubs": [2.0, 2.0, 2.0, 2.0, 2.0, 2.0, 3.0, 3.0], "clusters": [1.0, 1.0, 1.0, 1.0, 1.0, 1.0, 1.0, 1.0], "communities": [1.0, 1.0, 1.0, 1.0, 1.0, 1.0, 1.0, 1.0], "fourier": [1.822194955095081, 1.823133447202144, 1.8222257829438904, 1.8203875797295244, 1.8172082787181103, 1.8130120982941584, 1.808656902314805, 1.8024579834680068], "commute_time_efficiency": [0.7857142857142857, 0.7708333333333334, 0.7573529411764706, 0.7450980392156863, 0.7339181286549707, 0.7236842105263158, 0.7142857142857143, 0.7056277056277056], "pagerank": [0.4592004168088942, 0.45625423656463754, 0.4534800329459663, 0.4509813742217064, 0.44862384909017566, 0.44636585085585173, 0.444249394907585, 0.442245903524164], "eigenvector_centrality": [0.0, 0.0, 0.0, 0.0, 0.0, 0.0, 0.0, 0.0], "cycle_count": [46.0, 50.0, 54.0, 58.0, 62.0, 66.0, 70.0, 74.0]}}