{"gemma_2b_instruct": {"clustering": [0.0, 0.0, 0.0, 0.0, 0.0, 0.0, 0.0, 0.0], "average_shortest_path_length": [Infinity, Infinity, Infinity, Infinity, Infinity, Infinity, Infinity, Infinity], "average_degree": [0.4666666666666667, 0.4375, 0.4117647058823529, 0.3888888888888889, 0.3684210526315789, 0.35, 0.3333333333333333, 0.3181818181818182], "connectivity": [15.0, 16.0, 17.0, 18.0, 19.0, 20.0, 21.0, 22.0], "sparseness": [0.03333333333333333, 0.029166666666666667, 0.025735294117647058, 0.02287581699346405, 0.02046783625730994, 0.018421052631578946, 0.016666666666666666, 0.015151515151515152], "hubs": [8.0, 8.0, 8.0, 8.0, 8.0, 8.0, 8.0, 8.0], "clusters": [8.0, 9.0, 10.0, 11.0, 12.0, 13.0, 14.0, 15.0], "communities": [8.0, 9.0, 10.0, 11.0, 12.0, 13.0, 14.0, 15.0], "fourier": [0.6202115614991556, 0.5814483389054583, 0.5472454954404313, 0.516842967915963, 0.48964070644670177, 0.46515867112436665, 0.44300825821368256, 0.4228715192039697], "commute_time_efficiency": [0.16666666666666666, 0.14583333333333334, 0.12867647058823528, 0.11437908496732026, 0.1023391812865497, 0.09210526315789473, 0.08333333333333333, 0.07575757575757576], "pagerank": [0.33174383896281334, 0.3166269240621789, 0.3028314194494621, 0.29018909946830806, 0.2785550649594694, 0.26782155306306643, 0.25788427112615286, 0.24865989161269728], "eigenvector_centrality": [0.0, 0.0, 0.0, 0.0, 0.0, 0.0, 0.0, 0.0], "cycle_count": [0.0, 0.0, 0.0, 0.0, 0.0, 0.0, 0.0, 0.0]}, "gemma_9b_instruct": {"clustering": [0.0, 0.0, 0.0, 0.0, 0.0, 0.0], "average_shortest_path_length": [Infinity, Infinity, Infinity, Infinity, Infinity, Infinity], "average_degree": [0.8, 0.75, 0.7058823529411765, 0.6666666666666666, 0.631578947368421, 0.6], "connectivity": [15.0, 16.0, 17.0, 18.0, 19.0, 20.0], "sparseness": [0.05714285714285714, 0.05, 0.04411764705882353, 0.0392156862745098, 0.03508771929824561, 0.031578947368421054], "hubs": [13.0, 13.0, 13.0, 13.0, 13.0, 13.0], "clusters": [3.0, 4.0, 5.0, 6.0, 7.0, 8.0], "communities": [3.0, 4.0, 5.0, 6.0, 7.0, 8.0], "fourier": [1.1857553036216566, 1.1116455971453028, 1.0462546796661674, 0.9881294196847136, 0.9361226081223603, 0.8893164777162422], "commute_time_efficiency": [0.42857142857142855, 0.375, 0.33088235294117646, 0.29411764705882354, 0.2631578947368421, 0.23684210526315788], "pagerank": [0.44444687112550973, 0.4274779047232578, 0.4117674931654935, 0.3971653769278301, 0.38356408064225894, 0.37085917899704757], "eigenvector_centrality": [0.0, 0.0, 0.0, 0.0, 0.0, 0.0], "cycle_count": [0.0, 0.0, 0.0, 0.0, 0.0, 0.0]}, "gemma_27b_instruct": {"clustering": [0.0, 0.0, 0.0, 0.0, 0.0, 0.0, 0.0, 0.0], "average_shortest_path_length": [Infinity, Infinity, Infinity, Infinity, Infinity, Infinity, Infinity, Infinity], "average_degree": [0.9333333333333333, 0.9375, 0.9411764705882353, 0.9444444444444444, 0.9473684210526315, 0.95, 0.9523809523809523, 0.9545454545454546], "connectivity": [15.0, 16.0, 17.0, 18.0, 19.0, 20.0, 21.0, 22.0], "sparseness": [0.06666666666666667, 0.0625, 0.058823529411764705, 0.05555555555555555, 0.05263157894736842, 0.05, 0.047619047619047616, 0.045454545454545456], "hubs": [15.0, 16.0, 17.0, 18.0, 19.0, 20.0, 21.0, 22.0], "clusters": [1.0, 1.0, 1.0, 1.0, 1.0, 1.0, 1.0, 1.0], "communities": [1.0, 1.0, 1.0, 1.0, 1.0, 1.0, 1.0, 1.0], "fourier": [1.6709480055040473, 1.659485153010227, 1.6465544092486912, 1.6337712641765025, 1.6202049975396926, 1.6058106878528549, 1.591684912313401, 1.576591379822527], "commute_time_efficiency": [0.5666666666666667, 0.5625, 0.5588235294117647, 0.5555555555555556, 0.5526315789473685, 0.55, 0.5476190476190477, 0.5454545454545454], "pagerank": [0.47955697995451957, 0.4782577711892021, 0.47712723974198645, 0.476120796264489, 0.4752151387594926, 0.47440806488773385, 0.4736880308968881, 0.47302818311139605], "eigenvector_centrality": [0.0, 0.0, 0.0, 0.0, 0.0, 0.0, 0.0, 0.0], "cycle_count": [0.0, 0.0, 0.0, 0.0, 0.0, 0.0, 0.0, 0.0]}}