{"mistral_8b_instruct": {"clustering": [0.004069995125779329], "average_shortest_path_length": [Infinity], "average_degree": [19.489795918367346], "connectivity": [8.0], "sparseness": [0.4060374149659864], "hubs": [5.0], "clusters": [1.0], "communities": [1.0], "fourier": [1.9495618742160576], "commute_time_efficiency": [0.8346088435374149], "pagerank": [0.4557931784454575], "eigenvector_centrality": [0.0], "cycle_count": [739.0]}, "mistral_24b_instruct": {"clustering": [0.00375539497712939], "average_shortest_path_length": [Infinity], "average_degree": [19.571428571428573], "connectivity": [9.0], "sparseness": [0.40773809523809523], "hubs": [5.0], "clusters": [1.0], "communities": [1.0], "fourier": [1.9539594065927266], "commute_time_efficiency": [0.83078231292517], "pagerank": [0.45692551222196665], "eigenvector_centrality": [0.0], "cycle_count": [730.0]}}