{"mistral_8b_instruct": {"clustering": [0.09307156915187319, 0.09305319222264122, 0.09305106967609283, 0.09315052706083209, 0.0933540955297585, 0.08905379824507158, 0.08615758039280436, 0.08442875378255776, 0.08323706093161932, 0.08114669944093739, 0.07919102547153867, 0.07750918327812362, 0.0759796447042691, 0.07458026624339836, 0.07328783226786403, 0.07208385742080634, 0.07097080190832701, 0.06992392950902133, 0.06893980140565815, 0.0680126384230568, 0.06713631752044634, 0.06623017913951264, 0.06544582555252369, 0.06469633489405312, 0.06398449905776463, 0.06330514283426539, 0.06265468210454617, 0.06203330159700349, 0.061437195344833634, 0.060866688772833695, 0.06032034098715515, 0.059794207929568854, 0.05928827451620629, 0.0588013610577155, 0.058332339916392535, 0.05788019233785691, 0.05744398479916147, 0.05702290382858798, 0.0566161207843856, 0.056269652348694035, 0.055889458484959006, 0.055521269509713055, 0.05509770843103788, 0.05475246282015997, 0.05441747852981531, 0.05409316673929274, 0.05377804841742178, 0.05347247503525741, 0.053175125966702534, 0.05288631293072497], "average_shortest_path_length": [Infinity, Infinity, Infinity, Infinity, Infinity, Infinity, Infinity, Infinity, Infinity, Infinity, Infinity, Infinity, Infinity, Infinity, Infinity, Infinity, Infinity, Infinity, Infinity, Infinity, Infinity, Infinity, Infinity, Infinity, Infinity, Infinity, Infinity, Infinity, Infinity, Infinity, Infinity, Infinity, Infinity, Infinity, Infinity, Infinity, Infinity, Infinity, Infinity, Infinity, Infinity, Infinity, Infinity, Infinity, Infinity, Infinity, Infinity, Infinity, Infinity, Infinity], "average_degree": [4.8, 4.8076923076923075, 4.814814814814815, 4.821428571428571, 4.827586206896552, 4.8, 4.806451612903226, 4.8125, 4.818181818181818, 4.823529411764706, 4.828571428571428, 4.833333333333333, 4.837837837837838, 4.842105263157895, 4.846153846153846, 4.85, 4.853658536585366, 4.857142857142857, 4.8604651162790695, 4.863636363636363, 4.866666666666666, 4.869565217391305, 4.872340425531915, 4.875, 4.877551020408164, 4.88, 4.882352941176471, 4.884615384615385, 4.886792452830188, 4.888888888888889, 4.890909090909091, 4.892857142857143, 4.894736842105263, 4.896551724137931, 4.898305084745763, 4.9, 4.901639344262295, 4.903225806451613, 4.904761904761905, 4.90625, 4.907692307692308, 4.909090909090909, 4.91044776119403, 4.911764705882353, 4.913043478260869, 4.914285714285715, 4.915492957746479, 4.916666666666667, 4.917808219178082, 4.918918918918919], "connectivity": [14.0, 15.0, 16.0, 17.0, 18.0, 16.0, 17.0, 18.0, 19.0, 20.0, 20.0, 21.0, 22.0, 23.0, 24.0, 25.0, 26.0, 27.0, 28.0, 29.0, 30.0, 31.0, 32.0, 33.0, 34.0, 35.0, 36.0, 37.0, 38.0, 39.0, 40.0, 41.0, 42.0, 43.0, 44.0, 45.0, 46.0, 47.0, 48.0, 49.0, 50.0, 51.0, 52.0, 53.0, 54.0, 55.0, 56.0, 57.0, 58.0, 59.0], "sparseness": [0.2, 0.19230769230769232, 0.18518518518518517, 0.17857142857142858, 0.1724137931034483, 0.16551724137931034, 0.16021505376344086, 0.15524193548387097, 0.15056818181818182, 0.14616755793226383, 0.14201680672268907, 0.1380952380952381, 0.13438438438438438, 0.13086770981507823, 0.12753036437246965, 0.12435897435897436, 0.12134146341463414, 0.11846689895470383, 0.11572535991140642, 0.113107822410148, 0.11060606060606061, 0.10821256038647344, 0.1059204440333025, 0.10372340425531915, 0.1016156462585034, 0.09959183673469388, 0.0976470588235294, 0.09577677224736049, 0.09397677793904209, 0.09224318658280922, 0.09057239057239057, 0.08896103896103896, 0.08740601503759399, 0.08590441621294616, 0.08445353594389246, 0.08305084745762711, 0.08169398907103825, 0.08038075092543628, 0.07910906298003072, 0.07787698412698413, 0.07668269230769231, 0.07552447552447553, 0.07440072365445499, 0.0733099209833187, 0.07225063938618925, 0.07122153209109731, 0.07022132796780683, 0.06924882629107981, 0.06830289193302892, 0.06738245094409478], "hubs": [3.0, 3.0, 3.0, 3.0, 3.0, 3.0, 4.0, 4.0, 4.0, 4.0, 4.0, 4.0, 4.0, 4.0, 4.0, 4.0, 5.0, 5.0, 8.0, 7.0, 7.0, 7.0, 7.0, 7.0, 7.0, 7.0, 7.0, 6.0, 6.0, 6.0, 6.0, 7.0, 6.0, 6.0, 6.0, 6.0, 7.0, 7.0, 7.0, 7.0, 7.0, 7.0, 7.0, 7.0, 7.0, 7.0, 8.0, 8.0, 8.0, 8.0], "clusters": [2.0, 2.0, 2.0, 2.0, 2.0, 3.0, 3.0, 3.0, 3.0, 2.0, 2.0, 2.0, 2.0, 2.0, 2.0, 2.0, 2.0, 2.0, 2.0, 2.0, 2.0, 2.0, 2.0, 2.0, 2.0, 2.0, 2.0, 2.0, 2.0, 2.0, 2.0, 2.0, 2.0, 2.0, 2.0, 2.0, 2.0, 2.0, 2.0, 2.0, 2.0, 2.0, 2.0, 2.0, 2.0, 2.0, 2.0, 2.0, 2.0, 2.0], "communities": [2.0, 2.0, 2.0, 2.0, 2.0, 3.0, 3.0, 3.0, 3.0, 2.0, 2.0, 2.0, 2.0, 2.0, 2.0, 2.0, 2.0, 2.0, 2.0, 2.0, 2.0, 2.0, 2.0, 2.0, 2.0, 2.0, 2.0, 2.0, 2.0, 2.0, 2.0, 2.0, 2.0, 2.0, 2.0, 2.0, 2.0, 2.0, 2.0, 2.0, 2.0, 2.0, 2.0, 2.0, 2.0, 2.0, 2.0, 2.0, 2.0, 2.0], "fourier": [1.3697050009186602, 1.3564910669342443, 1.3431722510947646, 1.3303685214526932, 1.3197255590121564, 1.283013032923709, 1.2799516327959115, 1.2767013215704388, 1.2740205977556058, 1.2715282117255213, 1.2691195273316676, 1.2669494262170087, 1.2648379715183575, 1.262855821406004, 1.260953357595507, 1.2590789608346191, 1.257453480898235, 1.2558236290970144, 1.2542660955680724, 1.2527865274512289, 1.251366347587899, 1.2501662030257534, 1.2488896164814116, 1.2476217941747438, 1.2464298421167472, 1.2452683118995942, 1.2441530656571453, 1.2430893909128793, 1.2420464678331067, 1.2410606010012988, 1.2401190735966385, 1.2392017754386375, 1.2383131360631106, 1.2374505101098043, 1.236621897905834, 1.2358179411171955, 1.2350392595852928, 1.2342841781694165, 1.2335547208209274, 1.23225969290687, 1.2315754529032723, 1.230888249781362, 1.2300953134305332, 1.2294571364910312, 1.2288258380520087, 1.2282294184590121, 1.2276423250879103, 1.2270751946046015, 1.2265142682390788, 1.2259722891835612], "commute_time_efficiency": [0.685, 0.6784615384615384, 0.6723646723646723, 0.6653439153439153, 0.6613300492610837, 0.6574712643678161, 0.6526881720430108, 0.6491935483870968, 0.646780303030303, 0.642602495543672, 0.6386554621848739, 0.6349206349206349, 0.6313813813813813, 0.628022759601707, 0.6248313090418354, 0.6217948717948718, 0.6189024390243902, 0.616144018583043, 0.6135105204872646, 0.6109936575052854, 0.6085858585858586, 0.606280193236715, 0.6040703052728955, 0.6019503546099291, 0.5999149659863946, 0.5979591836734693, 0.596078431372549, 0.5942684766214178, 0.5925253991291727, 0.5908455625436757, 0.5892255892255892, 0.5876623376623377, 0.5861528822055138, 0.5846944948578342, 0.5832846288720047, 0.5819209039548022, 0.5806010928961749, 0.579323109465891, 0.5780849974398361, 0.5768849206349206, 0.5757211538461539, 0.5745920745920746, 0.5734961555857079, 0.57243195785777, 0.5713981244671782, 0.5703933747412008, 0.5694164989939637, 0.5684663536776213, 0.5675418569254186, 0.5666419844502036], "pagerank": [0.33028572191543154, 0.3289321170951387, 0.3276574977701068, 0.3264772503505535, 0.32544251858882056, 0.3226091901671061, 0.3167631198986085, 0.3113566424423655, 0.306430544347267, 0.3018837377649456, 0.29767215185890267, 0.29376648711984493, 0.2901233770979872, 0.2867286571799244, 0.2835529406621381, 0.28057201277736044, 0.27777977170318396, 0.27514821551295215, 0.2726673968983761, 0.2703249817360833, 0.26810915093415566, 0.26598338620827067, 0.26399272628167564, 0.2620985508508094, 0.2602999121616729, 0.25858634520902535, 0.25695078441948016, 0.2553904682730422, 0.2538990595818941, 0.25247357451138275, 0.2511101061524053, 0.24980177471863, 0.24854709760818128, 0.24734286837778416, 0.24618567673348127, 0.24507320848626743, 0.24400269907727928, 0.24297027418109804, 0.24197703617949232, 0.2411559129223953, 0.24023218563381665, 0.2393429157151902, 0.23840791748162302, 0.23757593041628172, 0.2367714396085739, 0.2359924958444166, 0.23523859737745473, 0.23450841550116988, 0.2338005929154977, 0.23311424511530582], "eigenvector_centrality": [0.0, 0.0, 0.0, 0.0, 0.0, 0.0, 0.0, 0.0, 0.0, 0.0, 0.0, 0.0, 0.0, 0.0, 0.0, 0.0, 0.0, 0.0, 0.0, 0.0, 0.0, 0.0, 0.0, 0.0, 0.0, 0.0, 0.0, 0.0, 0.0, 0.0, 0.0, 0.0, 0.0, 0.0, 0.0, 0.0, 0.0, 0.0, 0.0, 0.0, 0.0, 0.0, 0.0, 0.0, 0.0, 0.0, 0.0, 0.0, 0.0, 0.0],