{"mistral_8b_instruct": {"clustering": [0.17325761277735335, 0.17297340220144217, 0.17257507597269203, 0.17216624298671873, 0.17199728146661294, 0.1662640387510592, 0.16090068266231533, 0.1559300520636003, 0.15120189762267391, 0.14675533319202802, 0.14255308113153795, 0.13860176798249077, 0.13485461394222598, 0.1313074979663428, 0.12793925136346518, 0.12472806134991217, 0.1216990884619426, 0.11880193639354648, 0.11603862202901909, 0.11340196977907067, 0.11088203144606648, 0.10834883360687403, 0.1060485571856517, 0.1038370596696458, 0.10172080051602156, 0.09968688504352874, 0.09773091845451193, 0.09585147771500208, 0.09404025688452367, 0.09229909025503469, 0.09062331250410237, 0.08900503906652911, 0.08744354715308122, 0.08593589978837293, 0.08447935911399373, 0.08307136979542716, 0.0817095440610759, 0.08039164818912306, 0.07911559028135921, 0.07794408443152334, 0.07674539088440865, 0.07558290914131476, 0.0743386875562595, 0.07324565158920252, 0.07218359502492115, 0.07115326105637815, 0.07015110244995028, 0.06917755995888468, 0.06822951518870522, 0.06730749471318218], "average_shortest_path_length": [Infinity, Infinity, Infinity, Infinity, Infinity, Infinity, Infinity, Infinity, Infinity, Infinity, Infinity, Infinity, Infinity, Infinity, Infinity, Infinity, Infinity, Infinity, Infinity, Infinity, Infinity, Infinity, Infinity, Infinity, Infinity, Infinity, Infinity, Infinity, Infinity, Infinity, Infinity, Infinity, Infinity, Infinity, Infinity, Infinity, Infinity, Infinity, Infinity, Infinity, Infinity, Infinity, Infinity, Infinity, Infinity, Infinity, Infinity, Infinity, Infinity, Infinity], "average_degree": [2.44, 2.423076923076923, 2.4074074074074074, 2.392857142857143, 2.3793103448275863, 2.3, 2.2580645161290325, 2.21875, 2.1818181818181817, 2.1470588235294117, 2.1142857142857143, 2.0833333333333335, 2.054054054054054, 2.026315789473684, 2.0, 1.975, 1.951219512195122, 1.9285714285714286, 1.9069767441860466, 1.8863636363636365, 1.8666666666666667, 1.8478260869565217, 1.8297872340425532, 1.8125, 1.7959183673469388, 1.78, 1.7647058823529411, 1.75, 1.7358490566037736, 1.7222222222222223, 1.709090909090909, 1.6964285714285714, 1.6842105263157894, 1.6724137931034482, 1.6610169491525424, 1.65, 1.639344262295082, 1.6290322580645162, 1.619047619047619, 1.609375, 1.6, 1.5909090909090908, 1.5820895522388059, 1.5735294117647058, 1.565217391304348, 1.5571428571428572, 1.5492957746478873, 1.5416666666666667, 1.5342465753424657, 1.527027027027027], "connectivity": [25.0, 26.0, 27.0, 28.0, 29.0, 30.0, 31.0, 32.0, 33.0, 34.0, 35.0, 36.0, 37.0, 38.0, 39.0, 40.0, 41.0, 42.0, 43.0, 44.0, 45.0, 46.0, 47.0, 48.0, 49.0, 50.0, 51.0, 52.0, 53.0, 54.0, 55.0, 56.0, 57.0, 58.0, 59.0, 60.0, 61.0, 62.0, 63.0, 64.0, 65.0, 66.0, 67.0, 68.0, 69.0, 70.0, 71.0, 72.0, 73.0, 74.0], "sparseness": [0.10166666666666667, 0.09692307692307692, 0.09259259259259259, 0.08862433862433862, 0.08497536945812807, 0.07931034482758621, 0.07526881720430108, 0.0715725806451613, 0.06818181818181818, 0.06506238859180036, 0.06218487394957983, 0.05952380952380952, 0.057057057057057055, 0.05476529160739687, 0.05263157894736842, 0.05064102564102564, 0.04878048780487805, 0.047038327526132406, 0.04540420819490587, 0.04386892177589852, 0.04242424242424243, 0.04106280193236715, 0.039777983348751156, 0.03856382978723404, 0.03741496598639456, 0.036326530612244896, 0.03529411764705882, 0.03431372549019608, 0.033381712626995644, 0.03249475890985325, 0.03164983164983165, 0.030844155844155844, 0.03007518796992481, 0.029340592861464006, 0.02863822326125073, 0.027966101694915254, 0.0273224043715847, 0.026705446853516657, 0.026113671274961597, 0.02554563492063492, 0.025, 0.024475524475524476, 0.02397105382180009, 0.023485513608428446, 0.023017902813299233, 0.022567287784679087, 0.022132796780684104, 0.02171361502347418, 0.0213089802130898, 0.020918178452425027], "hubs": [3.0, 3.0, 3.0, 3.0, 3.0, 3.0, 17.0, 17.0, 18.0, 4.0, 4.0, 4.0, 4.0, 4.0, 4.0, 4.0, 18.0, 18.0, 18.0, 18.0, 18.0, 18.0, 18.0, 18.0, 18.0, 18.0, 18.0, 18.0, 18.0, 18.0, 18.0, 18.0, 18.0, 18.0, 18.0, 18.0, 18.0, 18.0, 18.0, 18.0, 18.0, 18.0, 18.0, 18.0, 18.0, 18.0, 18.0, 18.0, 18.0, 18.0], "clusters": [1.0, 2.0, 2.0, 2.0, 2.0, 3.0, 2.0, 2.0, 2.0, 2.0, 2.0, 2.0, 2.0, 2.0, 2.0, 2.0, 2.0, 2.0, 2.0, 2.0, 2.0, 2.0, 2.0, 2.0, 2.0, 2.0, 2.0, 2.0, 2.0, 2.0, 2.0, 2.0, 2.0, 2.0, 2.0, 2.0, 2.0, 2.0, 2.0, 2.0, 2.0, 2.0, 2.0, 2.0, 2.0, 2.0, 2.0, 2.0, 2.0, 2.0], "communities": [1.0, 2.0, 2.0, 2.0, 2.0, 3.0, 2.0, 2.0, 2.0, 2.0, 2.0, 2.0, 2.0, 2.0, 2.0, 2.0, 2.0, 2.0, 2.0, 2.0, 2.0, 2.0, 2.0, 2.0, 2.0, 2.0, 2.0, 2.0, 2.0, 2.0, 2.0, 2.0, 2.0, 2.0, 2.0, 2.0, 2.0, 2.0, 2.0, 2.0, 2.0, 2.0, 2.0, 2.0, 2.0, 2.0, 2.0, 2.0, 2.0, 2.0], "fourier": [1.0482594582892033, 1.0296704435825634, 1.0117264076579287, 0.9948179910697016, 0.9800784712657592, 0.9474091888902338, 0.9481267028426753, 0.9482619846277272, 0.9489484369666112, 0.949598489259584, 0.9501570434504726, 0.9507867893026477, 0.9513265360296599, 0.9518489286664346, 0.9523275416948929, 0.9527374319945787, 0.9532417364235941, 0.9536595498516615, 0.9540560380905936, 0.9544402780925524, 0.9548008190797617, 0.9550521639736631, 0.9553967937730755, 0.9556974976314332, 0.9560026954219419, 0.9562768995969216, 0.9565527191926538, 0.9568216616122285, 0.9570643241248705, 0.9573133811698966, 0.9575565846114273, 0.9577869700076423, 0.9580051331322115, 0.9582105152474478, 0.9584143913449163, 0.9586079401308997, 0.9587943115133509, 0.9589728746439291, 0.9591478726065228, 0.9585442080440855, 0.9587109849874351, 0.9588479323157292, 0.9587232333711782, 0.9588631592511997, 0.9589883162212528, 0.9591235737490436, 0.9592499208759512, 0.959374484646546, 0.9594885685730571, 0.9596030576186686], "commute_time_efficiency": [0.6016666666666667, 0.5969230769230769, 0.5925925925925926, 0.5886243386243386, 0.5849753694581281, 0.5459770114942529, 0.5129032258064516, 0.4838709677419355, 0.4583333333333333, 0.4358288770053476, 0.41596638655462187, 0.3984126984126984, 0.38288288288288286, 0.3691322901849218, 0.35695006747638325, 0.34615384615384615, 0.33658536585365856, 0.3281068524970964, 0.32059800664451826, 0.313953488372093, 0.30808080808080807, 0.30289855072463767, 0.29833487511563367, 0.29432624113475175, 0.29081632653061223, 0.28775510204081634, 0.28509803921568627, 0.2828054298642534, 0.2808417997097242, 0.27917540181691125, 0.2777777777777778, 0.2766233766233766, 0.2756892230576441, 0.2749546279491833, 0.2744009351256575, 0.2740112994350282, 0.27377049180327867, 0.2736647276573242, 0.2736815156169995, 0.27380952380952384, 0.27403846153846156, 0.2743589743589744, 0.2747625508819539, 0.2752414398595259, 0.27578857630008524, 0.27639751552795033, 0.27706237424547286, 0.2777777777777778, 0.2785388127853881, 0.2793409848204369], "pagerank": [0.37386410430491257, 0.3739904812198642, 0.37410731973313405, 0.3742142311768551, 0.3743140661188814, 0.36836679440435627, 0.35785017613104014, 0.34793840826505, 0.3385449533972725, 0.32963967329057176, 0.3211914245312876, 0.3131648811354423, 0.3055323209864435, 0.2982617052412893, 0.29132857285226893, 0.28471016030924456, 0.27838555633387996, 0.27233849760464746, 0.2665451574725687, 0.26099392276947136, 0.2556698110150891, 0.25056138540759915, 0.24565038722686583, 0.24092825895474856, 0.23638439593607732, 0.23200849354803862, 0.22779205490406546, 0.22372601402184894, 0.2198021266221574, 0.21601377622055068, 0.21235383943028757, 0.20881659148689471, 0.21215970703010306, 0.2161352504057011, 0.21999485793057025, 0.22373364763916712, 0.2273726124426514, 0.2308892668739555, 0.23430119406063019, 0.23758897813671995, 0.2408022426439615, 0.2439233199782518, 0.24697149376717797, 0.24992293625433357, 0.2527936856213609, 0.2555870912897875, 0.25828611436146426, 0.26093103773854587, 0.2635071415074303, 0.2660366511717605],