{"mistral_8b_instruct": {"clustering": [0.15049972416763016, 0.14891465037794308, 0.14795919476788003, 0.14670655965080348, 0.1457745966089734, 0.14093775308981565, 0.13894081646866313, 0.13569481087207197, 0.13240749730581972, 0.12959405298227167, 0.1270133363397551, 0.1246374969975676, 0.12242097200793943, 0.12034893115356206, 0.11840028416437769, 0.11655569752467554, 0.11482834898604119, 0.11318432960885587, 0.11162292691335948, 0.11013882922311043, 0.10872516760091806, 0.10723577462446017, 0.10595205774519768, 0.10471960442199528, 0.10354355854773008, 0.10241514283062393, 0.10133072872260403, 0.10029074763359926, 0.09928951246282626, 0.0983285160119115, 0.09740503105785338, 0.09651357213469301, 0.09565431340225226, 0.09482538872553524, 0.09402513967150383, 0.09325223546434036, 0.09250522993723785, 0.09178275768950922, 0.09108367669483108, 0.09050645002380614, 0.08985094540048356, 0.08921551435860257, 0.08848090194187086, 0.08788385514945286, 0.08730392322936019, 0.08674161999499785, 0.0861948780563385, 0.08566410325482199, 0.08514719613745717, 0.08464470300974433], "average_shortest_path_length": [Infinity, Infinity, Infinity, Infinity, Infinity, Infinity, Infinity, Infinity, Infinity, Infinity, Infinity, Infinity, Infinity, Infinity, Infinity, Infinity, Infinity, Infinity, Infinity, Infinity, Infinity, Infinity, Infinity, Infinity, Infinity, Infinity, Infinity, Infinity, Infinity, Infinity, Infinity, Infinity, Infinity, Infinity, Infinity, Infinity, Infinity, Infinity, Infinity, Infinity, Infinity, Infinity, Infinity, Infinity, Infinity, Infinity, Infinity, Infinity, Infinity, Infinity], "average_degree": [2.88, 2.8846153846153846, 2.888888888888889, 2.892857142857143, 2.896551724137931, 2.8666666666666667, 2.870967741935484, 2.875, 2.878787878787879, 2.8823529411764706, 2.8857142857142857, 2.888888888888889, 2.891891891891892, 2.8947368421052633, 2.8974358974358974, 2.9, 2.902439024390244, 2.9047619047619047, 2.9069767441860463, 2.909090909090909, 2.911111111111111, 2.9130434782608696, 2.9148936170212765, 2.9166666666666665, 2.9183673469387754, 2.92, 2.9215686274509802, 2.923076923076923, 2.9245283018867925, 2.925925925925926, 2.9272727272727272, 2.9285714285714284, 2.9298245614035086, 2.9310344827586206, 2.9322033898305087, 2.933333333333333, 2.9344262295081966, 2.935483870967742, 2.9365079365079363, 2.9375, 2.9384615384615387, 2.9393939393939394, 2.9402985074626864, 2.9411764705882355, 2.9420289855072466, 2.942857142857143, 2.943661971830986, 2.9444444444444446, 2.9452054794520546, 2.945945945945946], "connectivity": [21.0, 21.0, 22.0, 23.0, 24.0, 24.0, 26.0, 27.0, 27.0, 28.0, 29.0, 30.0, 31.0, 32.0, 33.0, 34.0, 35.0, 36.0, 37.0, 38.0, 39.0, 40.0, 41.0, 42.0, 43.0, 44.0, 45.0, 46.0, 47.0, 48.0, 49.0, 50.0, 51.0, 52.0, 53.0, 54.0, 55.0, 56.0, 57.0, 58.0, 59.0, 60.0, 61.0, 62.0, 63.0, 64.0, 65.0, 66.0, 67.0, 68.0], "sparseness": [0.12, 0.11538461538461539, 0.1111111111111111, 0.10714285714285714, 0.10344827586206896, 0.09885057471264368, 0.0956989247311828, 0.09274193548387097, 0.08996212121212122, 0.0873440285204991, 0.08487394957983194, 0.08253968253968254, 0.08033033033033032, 0.07823613086770982, 0.07624831309041835, 0.07435897435897436, 0.07256097560975609, 0.07084785133565621, 0.06921373200442968, 0.06765327695560254, 0.06616161616161616, 0.0647342995169082, 0.0633672525439408, 0.06205673758865248, 0.060799319727891155, 0.05959183673469388, 0.05843137254901961, 0.05731523378582202, 0.05624092888243832, 0.05520614954577219, 0.054208754208754206, 0.053246753246753244, 0.05231829573934837, 0.0514216575922565, 0.0505552308591467, 0.04971751412429379, 0.04890710382513661, 0.048122686409307246, 0.04736303123399897, 0.04662698412698413, 0.04591346153846154, 0.04522144522144522, 0.04454997738579828, 0.043898156277436345, 0.043265132139812444, 0.04265010351966874, 0.0420523138832998, 0.041471048513302036, 0.040905631659056314, 0.04035542391706775], "hubs": [3.0, 3.0, 3.0, 3.0, 3.0, 3.0, 4.0, 4.0, 4.0, 4.0, 5.0, 4.0, 4.0, 4.0, 4.0, 4.0, 5.0, 5.0, 5.0, 5.0, 5.0, 5.0, 5.0, 5.0, 5.0, 5.0, 6.0, 6.0, 6.0, 6.0, 6.0, 6.0, 6.0, 6.0, 6.0, 6.0, 7.0, 7.0, 7.0, 7.0, 7.0, 7.0, 7.0, 7.0, 7.0, 7.0, 8.0, 8.0, 8.0, 8.0], "clusters": [1.0, 1.0, 1.0, 2.0, 2.0, 2.0, 3.0, 3.0, 3.0, 3.0, 3.0, 3.0, 2.0, 2.0, 2.0, 2.0, 2.0, 2.0, 2.0, 2.0, 2.0, 2.0, 2.0, 2.0, 2.0, 2.0, 2.0, 2.0, 2.0, 2.0, 2.0, 2.0, 2.0, 2.0, 2.0, 2.0, 2.0, 2.0, 2.0, 2.0, 2.0, 2.0, 2.0, 2.0, 2.0, 2.0, 2.0, 2.0, 2.0, 2.0], "communities": [1.0, 1.0, 1.0, 2.0, 2.0, 2.0, 3.0, 3.0, 3.0, 3.0, 3.0, 3.0, 2.0, 2.0, 2.0, 2.0, 2.0, 2.0, 2.0, 2.0, 2.0, 2.0, 2.0, 2.0, 2.0, 2.0, 2.0, 2.0, 2.0, 2.0, 2.0, 2.0, 2.0, 2.0, 2.0, 2.0, 2.0, 2.0, 2.0, 2.0, 2.0, 2.0, 2.0, 2.0, 2.0, 2.0, 2.0, 2.0, 2.0, 2.0], "fourier": [1.1060028174592376, 1.09149001610017, 1.0772119140615999, 1.063639102747716, 1.0520658940966678, 1.0208178013239104, 1.022869130612164, 1.0242528834981484, 1.0261017794957692, 1.0278550773231407, 1.0294523955597799, 1.0310654872594203, 1.0325330840458438, 1.0339361088830978, 1.0352504232829067, 1.0364395258651113, 1.037709725649472, 1.038846789075953, 1.0399282934924006, 1.040967073782784, 1.0419533246188775, 1.042808130534212, 1.0437268473111296, 1.0445724418751399, 1.0454055459854996, 1.0461857036509437, 1.0469413733253525, 1.0476740723864102, 1.0483617163814956, 1.0490407755521733, 1.0497007146200794, 1.0503301666525653, 1.0509341576043123, 1.051512858566628, 1.052076589651563, 1.052618704594497, 1.0531419314046957, 1.0536468383408573, 1.0541372890770249, 1.054054213985926, 1.0545165511711754, 1.0549433195886495, 1.0551468032507063, 1.0555574357274278, 1.0559455133087985, 1.0563367821908063, 1.0567113996808, 1.0570782365103981, 1.0574271811224123, 1.057770122654008], "commute_time_efficiency": [0.615, 0.6107692307692307, 0.6068376068376068, 0.6031746031746031, 0.5997536945812808, 0.5954022988505747, 0.5935483870967742, 0.5907258064516129, 0.5880681818181818, 0.5855614973262032, 0.5831932773109244, 0.580952380952381, 0.5788288288288288, 0.5768136557610242, 0.5748987854251012, 0.573076923076923, 0.5713414634146341, 0.5696864111498258, 0.5681063122923588, 0.5665961945031712, 0.5651515151515152, 0.563768115942029, 0.5624421831637373, 0.5611702127659575, 0.5599489795918368, 0.5587755102040817, 0.5576470588235294, 0.5565610859728507, 0.5555152394775036, 0.5545073375262054, 0.5535353535353535, 0.5525974025974026, 0.5516917293233082, 0.5508166969147006, 0.5499707773232028, 0.5491525423728814, 0.5483606557377049, 0.5475938656795346, 0.5468509984639017, 0.5461309523809523, 0.5454326923076923, 0.5447552447552447, 0.5440976933514247, 0.543459174714662, 0.5428388746803069, 0.5422360248447204, 0.5416498993963783, 0.5410798122065728, 0.5405251141552512, 0.5399851906701222], "pagerank": [0.3617485308306397, 0.3606650426656815, 0.35964375524645265, 0.35869682613714815, 0.3578656710576776, 0.3565633229609284, 0.35091388905223403, 0.3457235061087536, 0.34093978198436015, 0.3365176386591579, 0.33240714387272247, 0.3285937688825797, 0.3250378556788056, 0.32171588967026854, 0.3186038705997289, 0.3156855930862434, 0.31294129586544045, 0.31035429456639724, 0.3079129224022871, 0.3056054407258037, 0.3034207893415224, 0.30132456565757826, 0.29935958233394155, 0.2974872647029303, 0.29570786457562576, 0.29401228237038296, 0.2923924848960765, 0.29084637277187825, 0.28936818477780973, 0.287953953890745, 0.28660119864336636, 0.28530191453080034, 0.284055297906189, 0.28286577946561303, 0.28171535097242045, 0.2806089152687057, 0.279543773870893, 0.27851779784961506, 0.27752865590343934, 0.2767612595547584, 0.2758404629108643, 0.27495426814647567, 0.2739903705098041, 0.27316043732950257, 0.2723577867057482, 0.27158051841958725, 0.2708278156005988, 0.2700985767962201, 0.2693914515047753, 0.26870561857388237],