{"mistral_8b_instruct": {"clustering": [0.0, 0.0, 0.0, 0.0, 0.0, 0.0, 0.0, 0.0, 0.0, 0.0, 0.0, 0.0, 0.0, 0.0, 0.0, 0.0, 0.0, 0.0, 0.0, 0.0, 0.0, 0.0, 0.0, 0.0, 0.0, 0.0, 0.0, 0.0, 0.0, 0.0, 0.0, 0.0, 0.0, 0.0, 0.0, 0.0, 0.0, 0.0, 0.0, 0.0, 0.0, 0.0, 0.0, 0.0, 0.0, 0.0, 0.0, 0.0, 0.0, 0.0], "average_shortest_path_length": [Infinity, Infinity, Infinity, Infinity, Infinity, Infinity, Infinity, Infinity, Infinity, Infinity, Infinity, Infinity, Infinity, Infinity, Infinity, Infinity, Infinity, Infinity, Infinity, Infinity, Infinity, Infinity, Infinity, Infinity, Infinity, Infinity, Infinity, Infinity, Infinity, Infinity, Infinity, Infinity, Infinity, Infinity, Infinity, Infinity, Infinity, Infinity, Infinity, Infinity, Infinity, Infinity, Infinity, Infinity, Infinity, Infinity, Infinity, Infinity, Infinity, Infinity], "average_degree": [0.12, 0.11538461538461539, 0.1111111111111111, 0.10714285714285714, 0.10344827586206896, 0.1, 0.0967741935483871, 0.09375, 0.09090909090909091, 0.08823529411764706, 0.08571428571428572, 0.08333333333333333, 0.08108108108108109, 0.07894736842105263, 0.07692307692307693, 0.075, 0.07317073170731707, 0.07142857142857142, 0.06976744186046512, 0.06818181818181818, 0.06666666666666667, 0.06521739130434782, 0.06382978723404255, 0.0625, 0.061224489795918366, 0.06, 0.058823529411764705, 0.057692307692307696, 0.05660377358490566, 0.05555555555555555, 0.05454545454545454, 0.05357142857142857, 0.05263157894736842, 0.05172413793103448, 0.05084745762711865, 0.05, 0.04918032786885246, 0.04838709677419355, 0.047619047619047616, 0.046875, 0.046153846153846156, 0.045454545454545456, 0.04477611940298507, 0.04411764705882353, 0.043478260869565216, 0.04285714285714286, 0.04225352112676056, 0.041666666666666664, 0.0410958904109589, 0.04054054054054054], "connectivity": [25.0, 26.0, 27.0, 28.0, 29.0, 30.0, 31.0, 32.0, 33.0, 34.0, 35.0, 36.0, 37.0, 38.0, 39.0, 40.0, 41.0, 42.0, 43.0, 44.0, 45.0, 46.0, 47.0, 48.0, 49.0, 50.0, 51.0, 52.0, 53.0, 54.0, 55.0, 56.0, 57.0, 58.0, 59.0, 60.0, 61.0, 62.0, 63.0, 64.0, 65.0, 66.0, 67.0, 68.0, 69.0, 70.0, 71.0, 72.0, 73.0, 74.0], "sparseness": [0.005, 0.004615384615384616, 0.004273504273504274, 0.003968253968253968, 0.003694581280788177, 0.0034482758620689655, 0.0032258064516129032, 0.0030241935483870967, 0.002840909090909091, 0.00267379679144385, 0.0025210084033613447, 0.002380952380952381, 0.0022522522522522522, 0.0021337126600284497, 0.0020242914979757085, 0.0019230769230769232, 0.001829268292682927, 0.0017421602787456446, 0.0016611295681063123, 0.0015856236786469344, 0.0015151515151515152, 0.0014492753623188406, 0.0013876040703052729, 0.0013297872340425532, 0.0012755102040816326, 0.0012244897959183673, 0.001176470588235294, 0.0011312217194570137, 0.0010885341074020319, 0.0010482180293501049, 0.00101010101010101, 0.000974025974025974, 0.0009398496240601503, 0.0009074410163339383, 0.0008766803039158387, 0.000847457627118644, 0.000819672131147541, 0.0007932310946589106, 0.0007680491551459293, 0.000744047619047619, 0.0007211538461538462, 0.0006993006993006993, 0.0006784260515603799, 0.0006584723441615452, 0.0006393861892583121, 0.0006211180124223603, 0.0006036217303822937, 0.0005868544600938967, 0.0005707762557077625, 0.0005553498704183636], "hubs": [4.0, 4.0, 4.0, 4.0, 4.0, 4.0, 4.0, 4.0, 4.0, 4.0, 4.0, 4.0, 4.0, 4.0, 4.0, 4.0, 41.0, 42.0, 43.0, 44.0, 45.0, 46.0, 47.0, 48.0, 49.0, 50.0, 51.0, 52.0, 53.0, 54.0, 55.0, 56.0, 57.0, 58.0, 59.0, 60.0, 61.0, 62.0, 63.0, 64.0, 65.0, 66.0, 67.0, 68.0, 69.0, 70.0, 71.0, 72.0, 73.0, 74.0], "clusters": [22.0, 23.0, 24.0, 25.0, 26.0, 27.0, 28.0, 29.0, 30.0, 31.0, 32.0, 33.0, 34.0, 35.0, 36.0, 37.0, 38.0, 39.0, 40.0, 41.0, 42.0, 43.0, 44.0, 45.0, 46.0, 47.0, 48.0, 49.0, 50.0, 51.0, 52.0, 53.0, 54.0, 55.0, 56.0, 57.0, 58.0, 59.0, 60.0, 61.0, 62.0, 63.0, 64.0, 65.0, 66.0, 67.0, 68.0, 69.0, 70.0, 71.0], "communities": [22.0, 23.0, 24.0, 25.0, 26.0, 27.0, 28.0, 29.0, 30.0, 31.0, 32.0, 33.0, 34.0, 35.0, 36.0, 37.0, 38.0, 39.0, 40.0, 41.0, 42.0, 43.0, 44.0, 45.0, 46.0, 47.0, 48.0, 49.0, 50.0, 51.0, 52.0, 53.0, 54.0, 55.0, 56.0, 57.0, 58.0, 59.0, 60.0, 61.0, 62.0, 63.0, 64.0, 65.0, 66.0, 67.0, 68.0, 69.0, 70.0, 71.0], "fourier": [0.14474346880734165, 0.13917641231475159, 0.1340217303771682, 0.12923524000655504, 0.12477885242012211, 0.12061955733945137, 0.11672860387688842, 0.11295712522709814, 0.1095341820383982, 0.10631258844903355, 0.1032750859219183, 0.10040633353519834, 0.09769264884505785, 0.09512178966492475, 0.09268276941710617, 0.09036570018167851, 0.08816165871383269, 0.08606257160159858, 0.08406111644807303, 0.08215063652879864, 0.08032506682815868, 0.07872271471278365, 0.07704776333591591, 0.075442601599751, 0.07390295666914383, 0.07242489753576095, 0.071004801505648, 0.06963932455361631, 0.06832537503373676, 0.06706009031088978, 0.06584081594160086, 0.06466508708550085, 0.06353061187347453, 0.062435256496345654, 0.06137703180996691, 0.0603540812798008, 0.05936467011127947, 0.058407175432065285, 0.05748007740933409, 0.05653114132896829, 0.05566143146236878, 0.05481807644021167, 0.05404901566669188, 0.05325417720100524, 0.052482377531425456, 0.051732629280976515, 0.05100400069955431, 0.050295611800949394, 0.04960663081737474, 0.04893627094146427], "commute_time_efficiency": [0.015, 0.013846153846153847, 0.01282051282051282, 0.011904761904761904, 0.011083743842364532, 0.010344827586206896, 0.00967741935483871, 0.009072580645161291, 0.008522727272727272, 0.008021390374331552, 0.007563025210084034, 0.007142857142857143, 0.006756756756756757, 0.006401137980085348, 0.006072874493927126, 0.0057692307692307696, 0.00548780487804878, 0.005226480836236934, 0.0049833887043189366, 0.0047568710359408035, 0.004545454545454545, 0.004347826086956522, 0.004162812210915819, 0.003989361702127659, 0.003826530612244898, 0.003673469387755102, 0.0035294117647058825, 0.003393665158371041, 0.003265602322206096, 0.0031446540880503146, 0.0030303030303030303, 0.002922077922077922, 0.002819548872180451, 0.0027223230490018148, 0.002630040911747516, 0.002542372881355932, 0.002459016393442623, 0.002379693283976732, 0.002304147465437788, 0.002232142857142857, 0.0021634615384615386, 0.002097902097902098, 0.0020352781546811396, 0.001975417032484636, 0.0019181585677749361, 0.0018633540372670807, 0.0018108651911468814, 0.0017605633802816902, 0.0017123287671232876, 0.0016660496112550908], "pagerank": [0.12885760536835067, 0.1243440367973015, 0.12013598820667144, 0.11620345023964278, 0.11252022004088703, 0.10906331604718747, 0.1058124975789994, 0.10274986795514743, 0.09985954465581477, 0.0971273836741727, 0.0945407479425636, 0.09208831182182459, 0.08975989526529791, 0.08754632253106318, 0.0854381369183726, 0.08343029225836186, 0.08151464464772164, 0.07968498709227673, 0.0779356574301485, 0.07626147985131691, 0.07465771378875177, 0.07312000911983693, 0.07164436678781726, 0.0702271040936312, 0.06886482402463512, 0.06755438808302003, 0.06629289215686275, 0.06507764504370453, 0.0639061492926586, 0.06277608407825669, 0.06168528985906331, 0.06063175460781166, 0.05961360142842972, 0.05862907739970727, 0.05767654350616427, 0.056754465534505256, 0.05586140582934547, 0.0549960158150611, 0.05415702920197945, 0.053343255804950536, 0.0525535759108628, 0.05178693513905981, 0.05104233974506594, 0.05031885232364427, 0.04961558787212955, 0.048931710179281655, 0.04826642850868478, 0.047618994549043475, 0.04698869960664687, 0.04637487201786462], "eigenvector_centrality": [0.0, 0.0, 0.0, 0.0, 0.0, 0.0, 0.0, 0.0, 0.0, 0.0, 0.0, 0.0, 0.0, 0.0, 0.0, 0.0, 0.0, 0.0, 0.0, 0.0, 0.0, 0.0, 0.0, 0.0, 0.0, 0.0, 0.0, 0.0, 0.0, 0.0, 0.0, 0.0, 0.0, 0.0, 0.0, 0.0, 0.0, 0.0, 0.0, 0.0, 0.0, 0.0, 0.0, 0.0, 0.0, 0.0, 0.0, 0.0, 0.0, 0.0], "cycle_count": [0.0, 0.0, 0.0, 0.0, 0.0, 0.0, 0.0, 0.0, 0.0, 0.0, 0.0, 0.0, 0.0, 0.0, 0.0, 0.0, 0.0, 0.0, 0.0, 0.0, 0.0, 0.0, 0.0, 0.0, 0.0, 0.0, 0.0, 0.0, 0.0, 0.0, 0.0, 0.0, 0.0, 0.0, 0.0, 0.0, 0.0, 0.0, 0.0, 0.0, 0.0, 0.0, 0.0, 0.0, 0.0, 0.0, 0.0, 0.0, 0.0, 0.0]},