{"mistral_8b_instruct": {"clustering": [0.016761089647363506, 0.01707802508686049, 0.017427382978164832, 0.0177952246087837, 0.017992942824517615, 0.01776000783967582, 0.017738009257208937, 0.017860699640849752, 0.017803209214660918, 0.017709954842762478, 0.017537840499010502, 0.01741497096982964, 0.017392973352383354, 0.017522825171503487, 0.017593956056807053, 0.01758846028521089, 0.017656422255820012, 0.017768351485353023, 0.017890970204435544, 0.01777175992048206, 0.017702544139618307, 0.017679686918272593, 0.017739472399033198, 0.017682396265334473, 0.017698636910374134, 0.017700778451291817, 0.017723458635869428, 0.017748915705542573, 0.01777730436158211, 0.01780755803116749, 0.017839625832622132, 0.0178733343722036, 0.017908542930896332, 0.017945065752289865, 0.01798264730508101, 0.01802112148960189, 0.018060459999266365, 0.01810048980460149, 0.018141028890928338, 0.01820474675705687, 0.018246626350091104, 0.0182890094772202, 0.01830937807157874, 0.018351539048149134, 0.01839386958168267, 0.018436005229332746, 0.018478188845056698, 0.018520250307318235, 0.018562270683740285, 0.01860411517434812], "average_shortest_path_length": [0.0340457260376081, 0.033555705310083186, 0.03341028786682617, 0.03630977199215253, 0.03564473816498176, 0.018802968739287114, 0.01641881163659562, 0.016913502093755323, 0.0143887786600966, 0.014676454108356489, 0.014734618193167414, 0.015089613250263603, 0.015515315006206943, 0.016006072338630547, 0.016311259705390435, 0.016529447190635867, Infinity, Infinity, Infinity, Infinity, Infinity, Infinity, Infinity, Infinity, Infinity, Infinity, Infinity, Infinity, Infinity, Infinity, Infinity, Infinity, Infinity, Infinity, Infinity, Infinity, Infinity, Infinity, Infinity, Infinity, Infinity, Infinity, Infinity, Infinity, Infinity, Infinity, Infinity, Infinity, Infinity, Infinity], "average_degree": [19.16, 19.192307692307693, 19.22222222222222, 19.25, 19.275862068965516, 19.266666666666666, 19.29032258064516, 19.3125, 19.333333333333332, 19.352941176470587, 19.37142857142857, 19.38888888888889, 19.405405405405407, 19.42105263157895, 19.435897435897434, 19.45, 19.463414634146343, 19.476190476190474, 19.488372093023255, 19.5, 19.511111111111113, 19.52173913043478, 19.53191489361702, 19.541666666666668, 19.551020408163264, 19.56, 19.568627450980394, 19.576923076923077, 19.58490566037736, 19.59259259259259, 19.6, 19.607142857142858, 19.614035087719298, 19.620689655172413, 19.627118644067796, 19.633333333333333, 19.639344262295083, 19.64516129032258, 19.650793650793652, 19.65625, 19.661538461538463, 19.666666666666668, 19.671641791044777, 19.676470588235293, 19.681159420289855, 19.685714285714287, 19.690140845070424, 19.694444444444443, 19.698630136986303, 19.7027027027027], "connectivity": [1.0, 1.0, 1.0, 1.0, 1.0, 1.0, 1.0, 1.0, 1.0, 1.0, 1.0, 1.0, 1.0, 1.0, 1.0, 1.0, 2.0, 3.0, 5.0, 5.0, 5.0, 6.0, 7.0, 7.0, 8.0, 8.0, 9.0, 10.0, 11.0, 12.0, 13.0, 14.0, 15.0, 16.0, 17.0, 18.0, 19.0, 20.0, 21.0, 22.0, 23.0, 24.0, 25.0, 26.0, 27.0, 28.0, 29.0, 30.0, 31.0, 32.0], "sparseness": [0.7983333333333333, 0.7676923076923077, 0.7393162393162394, 0.7129629629629629, 0.6884236453201971, 0.664367816091954, 0.6430107526881721, 0.6229838709677419, 0.6041666666666666, 0.5864527629233511, 0.5697478991596638, 0.553968253968254, 0.539039039039039, 0.5248933143669986, 0.5114709851551957, 0.4987179487179487, 0.4865853658536585, 0.47502903600464574, 0.4640088593576966, 0.45348837209302323, 0.44343434343434346, 0.43381642512077295, 0.4246068455134135, 0.4157801418439716, 0.407312925170068, 0.39918367346938777, 0.39137254901960783, 0.3838612368024133, 0.37663280116110304, 0.3696715583508036, 0.362962962962963, 0.3564935064935065, 0.35025062656641603, 0.3442226255293406, 0.3383985973115137, 0.3327683615819209, 0.3273224043715847, 0.3220518244315177, 0.3169482846902202, 0.31200396825396826, 0.3072115384615385, 0.30256410256410254, 0.29805517865219355, 0.29367866549604915, 0.2894288150042626, 0.28530020703933745, 0.2812877263581489, 0.2773865414710485, 0.2735920852359209, 0.2699000370233247], "hubs": [5.0, 5.0, 4.0, 4.0, 3.0, 4.0, 4.0, 4.0, 5.0, 4.0, 4.0, 4.0, 4.0, 4.0, 4.0, 4.0, 5.0, 5.0, 5.0, 5.0, 5.0, 5.0, 5.0, 5.0, 5.0, 5.0, 6.0, 6.0, 6.0, 6.0, 6.0, 6.0, 6.0, 6.0, 6.0, 6.0, 7.0, 7.0, 7.0, 7.0, 7.0, 7.0, 7.0, 7.0, 7.0, 7.0, 8.0, 8.0, 8.0, 8.0], "clusters": [1.0, 1.0, 1.0, 1.0, 1.0, 2.0, 2.0, 2.0, 2.0, 2.0, 2.0, 2.0, 2.0, 2.0, 2.0, 2.0, 2.0, 2.0, 2.0, 2.0, 2.0, 2.0, 2.0, 2.0, 2.0, 2.0, 2.0, 2.0, 2.0, 2.0, 2.0, 2.0, 2.0, 2.0, 2.0, 2.0, 2.0, 2.0, 2.0, 2.0, 2.0, 2.0, 2.0, 2.0, 2.0, 2.0, 2.0, 2.0, 2.0, 2.0], "communities": [1.0, 1.0, 1.0, 1.0, 1.0, 2.0, 2.0, 2.0, 2.0, 2.0, 2.0, 2.0, 2.0, 2.0, 2.0, 2.0, 2.0, 2.0, 2.0, 2.0, 2.0, 2.0, 2.0, 2.0, 2.0, 2.0, 2.0, 2.0, 2.0, 2.0, 2.0, 2.0, 2.0, 2.0, 2.0, 2.0, 2.0, 2.0, 2.0, 2.0, 2.0, 2.0, 2.0, 2.0, 2.0, 2.0, 2.0, 2.0, 2.0, 2.0], "fourier": [1.8568318461604456, 1.8604674565088763, 1.8634182163558806, 1.8658882074141194, 1.8683332586961727, 1.8324593482741063, 1.8301954840600725, 1.8280360992296742, 1.8260697616692214, 1.824210272892731, 1.8224354644325866, 1.8207918554090048, 1.8192207799419355, 1.8177408804875625, 1.8163280288936308, 1.814985668552848, 1.8137116850941815, 1.8124976033622975, 1.8113390486545673, 1.810232822180029, 1.8091760899606815, 1.8080633015956862, 1.8070963603482957, 1.8061586583033347, 1.8052589692369754, 1.8043985892819665, 1.8035677825387548, 1.8027720315986833, 1.8020053886519378, 1.801266936917154, 1.8005570352746054, 1.7998698381091625, 1.7992058910201758, 1.7985632074785523, 1.7979436255784582, 1.79734415975132, 1.7967627993084283, 1.7961998652310487, 1.795654676546066, 1.7950026144059648, 1.7944996922614345, 1.7939982463815383, 1.793337654238286, 1.792862771678779, 1.792398156726122, 1.7919533892912973, 1.791518009424644, 1.791095336743987, 1.790680828698023, 1.790278390608149], "commute_time_efficiency": [0.9816666666666667, 0.9753846153846154, 0.9686609686609686, 0.9616402116402116, 0.9544334975369458, 0.9459770114942528, 0.9397849462365592, 0.9344758064516129, 0.9308712121212122, 0.9269162210338681, 0.9226890756302522, 0.9174603174603174, 0.9099099099099099, 0.9025604551920341, 0.8954116059379217, 0.8884615384615384, 0.8817073170731707, 0.8751451800232288, 0.8687707641196013, 0.8625792811839323, 0.8565656565656565, 0.8507246376811595, 0.8450508788159112, 0.8395390070921985, 0.8341836734693877, 0.8289795918367346, 0.823921568627451, 0.8190045248868778, 0.8142235123367199, 0.8095737246680643, 0.805050505050505, 0.8006493506493506, 0.7963659147869674, 0.7921960072595281, 0.788135593220339, 0.784180790960452, 0.780327868852459, 0.7765732416710736, 0.7729134664618535, 0.7693452380952381, 0.7658653846153847, 0.7624708624708625, 0.7591587516960652, 0.7559262510974539, 0.7527706734867861, 0.7496894409937889, 0.7466800804828974, 0.7437402190923318, 0.7408675799086758, 0.7380599777860052], "pagerank": [0.2982935671232536, 0.29603034928692323, 0.29387141256502114, 0.2918579875014292, 0.2901173983706624, 0.28700944910292986, 0.28240608783122423, 0.2780851640602137, 0.2741692473500171, 0.27054743544781984, 0.26718158534098724, 0.26405016400361375, 0.26113655961780124, 0.25840701268597166, 0.2558482457593864, 0.2534353315072173, 0.25118285291194475, 0.24905055251768887, 0.24703731424428435, 0.2451343874694642, 0.24333638507207922, 0.24166101796206116, 0.2400400375556009, 0.23849251779746522, 0.2370220739325772, 0.23561968142657355, 0.23427812709641263, 0.2329974546221811, 0.23177102003184621, 0.2306087971220146, 0.22948790425609458, 0.22841073688055388, 0.22737698320429234, 0.2263841124322337, 0.2254291585150045, 0.22451051748760528, 0.22362587493403965, 0.22278180160751895, 0.2219606253314158, 0.22126853321599788, 0.22050454972901265, 0.21976758672707083, 0.21899057823395504, 0.21830057350592466, 0.21763241237954287, 0.21698721517454467, 0.21636114752681782, 0.215755113150574, 0.21516666366767287, 0.2145959488155439],