{"mistral_8b_instruct": {"clustering": [0.07815549763598865, 0.0751495169576814, 0.07236620151480432, 0.06978169431784702, 0.06737542899654195, 0.06512958136332388, 0.0630286271257973, 0.061079770158693224, 0.059228868032672216, 0.057486842502299504, 0.05584436128794809, 0.05429312902994953, 0.05282574716427522, 0.05143559592311008, 0.05011673448918418, 0.048863816126954576, 0.04767201573361422, 0.04653696773995674, 0.04545471267623682, 0.04442165102450416, 0.04343450322395963, 0.04244064922569247, 0.04153765668897561, 0.040672288841288616, 0.039842242130241914, 0.039045397287637076, 0.038279801262389286, 0.03754365123811257, 0.03683528046003497, 0.036153145636700995, 0.035495815716033705, 0.03486196186396167, 0.034250348497927255, 0.033659825247962995, 0.03308931973528566, 0.0325378310730309, 0.0320044240062599, 0.03148822361906216, 0.030988410545743708, 0.03052490258340162, 0.03005528869750313, 0.02959990553541975, 0.02910813828011815, 0.028680077423057587, 0.028264424127071246, 0.02786064663954166, 0.027468243165745296, 0.027086739788443278, 0.026715688558464602, 0.026354665740106975], "average_shortest_path_length": [Infinity, Infinity, Infinity, Infinity, Infinity, Infinity, Infinity, Infinity, Infinity, Infinity, Infinity, Infinity, Infinity, Infinity, Infinity, Infinity, Infinity, Infinity, Infinity, Infinity, Infinity, Infinity, Infinity, Infinity, Infinity, Infinity, Infinity, Infinity, Infinity, Infinity, Infinity, Infinity, Infinity, Infinity, Infinity, Infinity, Infinity, Infinity, Infinity, Infinity, Infinity, Infinity, Infinity, Infinity, Infinity, Infinity, Infinity, Infinity, Infinity, Infinity], "average_degree": [0.96, 0.9230769230769231, 0.8888888888888888, 0.8571428571428571, 0.8275862068965517, 0.8, 0.8064516129032258, 0.8125, 0.8181818181818182, 0.8235294117647058, 0.8285714285714286, 0.8333333333333334, 0.8378378378378378, 0.8421052631578947, 0.8461538461538461, 0.85, 0.8536585365853658, 0.8571428571428571, 0.8604651162790697, 0.8636363636363636, 0.8666666666666667, 0.8695652173913043, 0.8723404255319149, 0.875, 0.8775510204081632, 0.88, 0.8823529411764706, 0.8846153846153846, 0.8867924528301887, 0.8888888888888888, 0.8909090909090909, 0.8928571428571429, 0.8947368421052632, 0.896551724137931, 0.8983050847457628, 0.9, 0.9016393442622951, 0.9032258064516129, 0.9047619047619048, 0.90625, 0.9076923076923077, 0.9090909090909091, 0.9104477611940298, 0.9117647058823529, 0.9130434782608695, 0.9142857142857143, 0.9154929577464789, 0.9166666666666666, 0.9178082191780822, 0.918918918918919], "connectivity": [25.0, 26.0, 27.0, 28.0, 29.0, 30.0, 31.0, 32.0, 33.0, 34.0, 35.0, 36.0, 37.0, 38.0, 39.0, 40.0, 41.0, 42.0, 43.0, 44.0, 45.0, 46.0, 47.0, 48.0, 49.0, 50.0, 51.0, 52.0, 53.0, 54.0, 55.0, 56.0, 57.0, 58.0, 59.0, 60.0, 61.0, 62.0, 63.0, 64.0, 65.0, 66.0, 67.0, 68.0, 69.0, 70.0, 71.0, 72.0, 73.0, 74.0], "sparseness": [0.04, 0.036923076923076927, 0.03418803418803419, 0.031746031746031744, 0.029556650246305417, 0.027586206896551724, 0.026881720430107527, 0.02620967741935484, 0.02556818181818182, 0.024955436720142603, 0.024369747899159664, 0.023809523809523808, 0.023273273273273273, 0.02275960170697013, 0.022267206477732792, 0.021794871794871794, 0.021341463414634148, 0.020905923344947737, 0.020487264673311186, 0.0200845665961945, 0.019696969696969695, 0.01932367149758454, 0.018963922294172063, 0.018617021276595744, 0.018282312925170068, 0.017959183673469388, 0.01764705882352941, 0.017345399698340876, 0.017053701015965168, 0.016771488469601678, 0.016498316498316498, 0.016233766233766232, 0.015977443609022556, 0.01572897761645493, 0.015488018702513151, 0.015254237288135594, 0.015027322404371584, 0.014806980433632998, 0.014592933947772658, 0.014384920634920634, 0.014182692307692308, 0.013986013986013986, 0.013794663048394391, 0.013608428446005268, 0.013427109974424553, 0.013250517598343685, 0.013078470824949699, 0.012910798122065728, 0.012747336377473363, 0.012587930396149574], "hubs": [8.0, 8.0, 8.0, 8.0, 8.0, 8.0, 8.0, 9.0, 9.0, 9.0, 9.0, 9.0, 9.0, 9.0, 9.0, 9.0, 9.0, 9.0, 9.0, 9.0, 9.0, 9.0, 9.0, 9.0, 9.0, 9.0, 9.0, 9.0, 9.0, 9.0, 9.0, 9.0, 9.0, 9.0, 9.0, 9.0, 9.0, 9.0, 9.0, 9.0, 9.0, 9.0, 9.0, 9.0, 9.0, 9.0, 9.0, 9.0, 9.0, 9.0], "clusters": [8.0, 9.0, 10.0, 11.0, 12.0, 13.0, 13.0, 12.0, 12.0, 12.0, 12.0, 12.0, 12.0, 12.0, 12.0, 12.0, 12.0, 12.0, 12.0, 12.0, 12.0, 12.0, 12.0, 12.0, 12.0, 12.0, 12.0, 12.0, 12.0, 12.0, 12.0, 12.0, 12.0, 12.0, 12.0, 12.0, 12.0, 12.0, 12.0, 12.0, 12.0, 12.0, 12.0, 12.0, 12.0, 12.0, 12.0, 12.0, 12.0, 12.0], "communities": [8.0, 9.0, 10.0, 11.0, 12.0, 13.0, 13.0, 12.0, 12.0, 12.0, 12.0, 12.0, 12.0, 12.0, 12.0, 12.0, 12.0, 12.0, 12.0, 12.0, 12.0, 12.0, 12.0, 12.0, 12.0, 12.0, 12.0, 12.0, 12.0, 12.0, 12.0, 12.0, 12.0, 12.0, 12.0, 12.0, 12.0, 12.0, 12.0, 12.0, 12.0, 12.0, 12.0, 12.0, 12.0, 12.0, 12.0, 12.0, 12.0, 12.0], "fourier": [0.6209547757121151, 0.5970718997231876, 0.5749581256593659, 0.5544239068858171, 0.5353058411311337, 0.5174623130934293, 0.5320490811038322, 0.5454538455934452, 0.558366710757479, 0.5705011114033145, 0.581938655686859, 0.5927520031207065, 0.6029741099676393, 0.612655561744059, 0.6218393576093821, 0.6305766987509598, 0.6388711473497595, 0.6467711963489671, 0.6543069156044773, 0.6615003731480814, 0.668370139423476, 0.674823570356933, 0.6811042685867249, 0.6871300661902194, 0.6929014657839971, 0.6984356035648553, 0.7037736461298855, 0.708903724569898, 0.7138377035746072, 0.7185893316735625, 0.7231611539976373, 0.7275771720833841, 0.7318341035925888, 0.7359389862171288, 0.739910176365959, 0.7437454620682585, 0.7474541691566545, 0.7510414442607279, 0.7545169411182927, 0.7569779108255001, 0.760246182772606, 0.7633888348100808, 0.7662740459999642, 0.7692432139784211, 0.772119162590213, 0.7749195304120504, 0.7776403006845496, 0.7802833533963115, 0.7828528352946396, 0.7853542937088779], "commute_time_efficiency": [0.325, 0.3, 0.2777777777777778, 0.25793650793650796, 0.24014778325123154, 0.22413793103448276, 0.2118279569892473, 0.20161290322580644, 0.19318181818181818, 0.18627450980392157, 0.18067226890756302, 0.1761904761904762, 0.17267267267267267, 0.16998577524893316, 0.1680161943319838, 0.16666666666666666, 0.16585365853658537, 0.16550522648083624, 0.16555924695459578, 0.16596194503171247, 0.16666666666666666, 0.1676328502415459, 0.16882516188714153, 0.1702127659574468, 0.1717687074829932, 0.17346938775510204, 0.17529411764705882, 0.17722473604826547, 0.1792452830188679, 0.18134171907756813, 0.1835016835016835, 0.18571428571428572, 0.18796992481203006, 0.19026013309134907, 0.19257744009351258, 0.19491525423728814, 0.19726775956284154, 0.19962982548915917, 0.2019969278033794, 0.20436507936507936, 0.20673076923076922, 0.20909090909090908, 0.21144278606965175, 0.21378402107111502, 0.21611253196930946, 0.21842650103519667, 0.22072434607645874, 0.22300469483568075, 0.2252663622526636, 0.22750833024805628], "pagerank": [0.3829250359439495, 0.37399504444568465, 0.36546055167861563, 0.357318698163689, 0.3495241284097881, 0.3420599024751059, 0.3290702258255913, 0.31702580995836266, 0.30582849416441094, 0.29539842451185083, 0.2856629386068301, 0.27654483761203047, 0.2679843207112362, 0.2599419282265084, 0.25237426594485357, 0.24523077798050513, 0.23847502957702257, 0.23208529824666368, 0.22602887151338205, 0.22028670429895608, 0.21482459441955074, 0.2096337535158737, 0.2046801921830436, 0.20336561898670535, 0.2091507137917372, 0.21467424515727357, 0.2199594854404118, 0.2250118222633285, 0.22986249244103746, 0.23451631428981037, 0.23898500386961888, 0.24329200753558, 0.24742433674678138, 0.2514018306099323, 0.2552200122785835, 0.25891075144295966, 0.2624703055461328, 0.2659055287683934, 0.2692378954977312, 0.2724404224758058, 0.275541686671726, 0.27854193358626134, 0.2814360152892736, 0.2842463673542187, 0.2869692343977534, 0.2896086275992029, 0.2921683161490003, 0.2946715931607909, 0.29708447903456797, 0.2994278457686329],