{"mistral_8b_instruct": {"clustering": [0.04532151509837341, 0.04601992350331626, 0.046516801079948725, 0.0470011883910641, 0.04748669658656707, 0.04594943177647588, 0.04497164329324173, 0.04429978843234358, 0.043763426952144434, 0.042648147621274356, 0.04150600677751536, 0.04070667202144256, 0.040147838412286425, 0.03977751867995833, 0.039048070186617365, 0.038353883842702816, 0.03775886628321896, 0.03721594702197549, 0.03672012745500331, 0.03626547298802544, 0.03584707012853969, 0.03540930384891206, 0.035053266016218526, 0.03472071711471444, 0.03441195000279634, 0.03412321653994605, 0.03385214343519369, 0.0335981641435007, 0.0333589258928258, 0.033134004076381, 0.032922357231800356, 0.03272170165786227, 0.03253169660830517, 0.03235155404569178, 0.03218038659430829, 0.03201769732704361, 0.03186276486168617, 0.03171508293440462, 0.031574115061376445, 0.03148286326720298, 0.031353689117179055, 0.031230284155759465, 0.031076222515000883, 0.030962700157621623, 0.030853613241388883, 0.03074904040822977, 0.030648314934094565, 0.03055159249057556, 0.03045819635738154, 0.03036823670566335], "average_shortest_path_length": [Infinity, Infinity, Infinity, Infinity, Infinity, Infinity, Infinity, Infinity, Infinity, Infinity, Infinity, Infinity, Infinity, Infinity, Infinity, Infinity, Infinity, Infinity, Infinity, Infinity, Infinity, Infinity, Infinity, Infinity, Infinity, Infinity, Infinity, Infinity, Infinity, Infinity, Infinity, Infinity, Infinity, Infinity, Infinity, Infinity, Infinity, Infinity, Infinity, Infinity, Infinity, Infinity, Infinity, Infinity, Infinity, Infinity, Infinity, Infinity, Infinity, Infinity], "average_degree": [9.6, 9.615384615384615, 9.62962962962963, 9.642857142857142, 9.655172413793103, 9.633333333333333, 9.64516129032258, 9.65625, 9.666666666666666, 9.676470588235293, 9.685714285714285, 9.694444444444445, 9.702702702702704, 9.710526315789474, 9.717948717948717, 9.725, 9.731707317073171, 9.738095238095237, 9.744186046511627, 9.75, 9.755555555555556, 9.76086956521739, 9.76595744680851, 9.770833333333334, 9.775510204081632, 9.78, 9.784313725490197, 9.788461538461538, 9.79245283018868, 9.796296296296296, 9.8, 9.803571428571429, 9.807017543859649, 9.810344827586206, 9.813559322033898, 9.816666666666666, 9.819672131147541, 9.82258064516129, 9.825396825396826, 9.828125, 9.830769230769231, 9.833333333333334, 9.835820895522389, 9.838235294117647, 9.840579710144928, 9.842857142857143, 9.845070422535212, 9.847222222222221, 9.849315068493151, 9.85135135135135], "connectivity": [6.0, 7.0, 8.0, 9.0, 10.0, 8.0, 9.0, 10.0, 11.0, 11.0, 11.0, 12.0, 13.0, 14.0, 15.0, 15.0, 16.0, 17.0, 18.0, 19.0, 20.0, 21.0, 22.0, 23.0, 24.0, 25.0, 26.0, 27.0, 28.0, 29.0, 30.0, 31.0, 32.0, 33.0, 34.0, 35.0, 36.0, 37.0, 38.0, 39.0, 40.0, 41.0, 42.0, 43.0, 44.0, 45.0, 46.0, 47.0, 48.0, 49.0], "sparseness": [0.4, 0.38461538461538464, 0.37037037037037035, 0.35714285714285715, 0.3448275862068966, 0.332183908045977, 0.32150537634408605, 0.31149193548387094, 0.3020833333333333, 0.29322638146167557, 0.2848739495798319, 0.276984126984127, 0.2695195195195195, 0.2624466571834993, 0.25573549257759787, 0.24935897435897436, 0.24329268292682926, 0.23751451800232287, 0.2320044296788483, 0.22674418604651161, 0.22171717171717173, 0.21690821256038648, 0.21230342275670674, 0.2078900709219858, 0.203656462585034, 0.19959183673469388, 0.19568627450980391, 0.19193061840120665, 0.18831640058055152, 0.1848357791754018, 0.1814814814814815, 0.17824675324675324, 0.17512531328320802, 0.1721113127646703, 0.16919929865575686, 0.16638418079096046, 0.16366120218579236, 0.16102591221575885, 0.1584741423451101, 0.15600198412698413, 0.15360576923076924, 0.15128205128205127, 0.14902758932609678, 0.14683933274802458, 0.1447144075021313, 0.14265010351966873, 0.14064386317907446, 0.13869327073552426, 0.13679604261796044, 0.13495001851166236], "hubs": [3.0, 3.0, 3.0, 3.0, 3.0, 4.0, 4.0, 4.0, 4.0, 4.0, 4.0, 4.0, 4.0, 4.0, 4.0, 4.0, 5.0, 5.0, 5.0, 5.0, 5.0, 5.0, 5.0, 5.0, 5.0, 5.0, 12.0, 11.0, 10.0, 10.0, 9.0, 9.0, 9.0, 9.0, 9.0, 9.0, 9.0, 9.0, 9.0, 9.0, 9.0, 9.0, 9.0, 9.0, 9.0, 9.0, 9.0, 9.0, 9.0, 9.0], "clusters": [2.0, 2.0, 2.0, 2.0, 2.0, 3.0, 2.0, 2.0, 2.0, 2.0, 2.0, 2.0, 2.0, 2.0, 2.0, 2.0, 2.0, 2.0, 2.0, 2.0, 2.0, 2.0, 2.0, 2.0, 2.0, 2.0, 2.0, 2.0, 2.0, 2.0, 2.0, 2.0, 2.0, 2.0, 2.0, 2.0, 2.0, 2.0, 2.0, 2.0, 2.0, 2.0, 2.0, 2.0, 2.0, 2.0, 2.0, 2.0, 2.0, 2.0], "communities": [2.0, 2.0, 2.0, 2.0, 2.0, 3.0, 2.0, 2.0, 2.0, 2.0, 2.0, 2.0, 2.0, 2.0, 2.0, 2.0, 2.0, 2.0, 2.0, 2.0, 2.0, 2.0, 2.0, 2.0, 2.0, 2.0, 2.0, 2.0, 2.0, 2.0, 2.0, 2.0, 2.0, 2.0, 2.0, 2.0, 2.0, 2.0, 2.0, 2.0, 2.0, 2.0, 2.0, 2.0, 2.0, 2.0, 2.0, 2.0, 2.0, 2.0], "fourier": [1.721697236140509, 1.7144987834752696, 1.7065627542472996, 1.6986079663397047, 1.692463232864165, 1.6511013547772386, 1.6436938528780085, 1.6369650666563413, 1.6304134601435205, 1.62429522811482, 1.6184727037489373, 1.6130659601091626, 1.6078993123918255, 1.6030282656727588, 1.5983826851660548, 1.5938992022001752, 1.5897919267439409, 1.5857988170290054, 1.5819888577361239, 1.5783593287571274, 1.5748854710001492, 1.5715598347328277, 1.56841945762298, 1.5653579293817315, 1.5624444019004127, 1.5596353175452216, 1.5569294389080852, 1.5543389480679086, 1.551828167991308, 1.5494266344587666, 1.5471232971065878, 1.5448910034262748, 1.5427340367492324, 1.5406473330250785, 1.5386355539230065, 1.5366883720368105, 1.53480366576054, 1.5329784837408138, 1.5312124843581945, 1.5288090182926182, 1.5271514166577658, 1.525521041564489, 1.5238981522484698, 1.5223693901662632, 1.5208738030177427, 1.5194397301629492, 1.518036256570307, 1.5166764296006947, 1.5153437214645287, 1.5140505083549747], "commute_time_efficiency": [0.825, 0.8153846153846154, 0.8062678062678063, 0.7976190476190477, 0.7894088669950738, 0.7873563218390804, 0.7849462365591398, 0.7792338709677419, 0.7746212121212122, 0.7709447415329769, 0.7647058823529411, 0.7579365079365079, 0.7515015015015015, 0.7460881934566145, 0.7402159244264508, 0.7346153846153847, 0.7292682926829268, 0.724157955865273, 0.7192691029900332, 0.7145877378435518, 0.7101010101010101, 0.7057971014492753, 0.7016651248843663, 0.6976950354609929, 0.6938775510204082, 0.690204081632653, 0.6866666666666666, 0.6832579185520362, 0.6799709724238027, 0.6767994409503844, 0.6737373737373737, 0.6707792207792208, 0.6679197994987469, 0.6651542649727767, 0.6624780829924021, 0.6598870056497175, 0.6573770491803279, 0.6549444738233738, 0.6525857654889913, 0.6502976190476191, 0.6480769230769231, 0.6459207459207459, 0.6438263229308006, 0.6417910447761194, 0.6398124467178176, 0.6378881987577639, 0.6360160965794769, 0.6341940532081377, 0.632420091324201, 0.6306923361717882], "pagerank": [0.3058422899781171, 0.3041280229818602, 0.3025139246072014, 0.30101938362751013, 0.299710476241125, 0.29671860833600483, 0.2916522403833884, 0.28690366249661614, 0.2826172206365301, 0.2786543666759235, 0.274979412998677, 0.27156571050744777, 0.2683773906186772, 0.2654053608692607, 0.26262196865980064, 0.2600040395227165, 0.2575477225313055, 0.2552328647289737, 0.2530491005842248, 0.2509859105278296, 0.24902706614823128, 0.2472036363769756, 0.2454463730455188, 0.24377258186228004, 0.24218189647556249, 0.24066602749486124, 0.2392146501803385, 0.23783145822983892, 0.23650805617134754, 0.23524301337650194, 0.2340322505725634, 0.23287003873262185, 0.2317550417071904, 0.23068834052264559, 0.22965916760482763, 0.2286694063830235, 0.22771657473675597, 0.22679880125148333, 0.22591393186466255, 0.2251728424344708, 0.2243491112742964, 0.22355615526953238, 0.2227189281003572, 0.22197624062750637, 0.22125732405359008, 0.2205622710902499, 0.2198999779534247, 0.2192481642070077, 0.21861597046301784, 0.21800284360287903], "eigenvector_centrality": [0.0, 0.0, 0.0, 0.0, 0.0, 0.0, 0.0, 0.0, 0.0, 0.0, 0.0, 0.0, 0.0, 0.0, 0.0, 0.0, 0.0, 0.0, 0.0, 0.0, 0.0, 0.0, 0.0, 0.0, 0.0, 0.0, 0.0, 0.0, 0.0, 0.0, 0.0, 0.0, 0.0, 0.0, 0.0, 0.0, 0.0, 0.0, 0.0, 0.0, 0.0, 0.0, 0.0, 0.0, 0.0, 0.0, 0.0, 0.0, 0.0, 0.0],