{"mistral_8b_instruct": {"clustering": [0.004137627150918509, 0.00421130021138078, 0.004268044468915035, 0.0043322447386458275, 0.004389148434570843, 0.004443715618192408, 0.004490344250017191, 0.004537418332790859, 0.004585955930713907, 0.004634963745810824, 0.004679212596135484, 0.004726396090304903, 0.004768747797953911, 0.00481705080651227, 0.004855637322731653, 0.00489970750699261, 0.004942270169723964, 0.004983197640331508, 0.005022943192742329, 0.005055058999016195, 0.0050863449986140175, 0.005457421887527639, 0.00539852392061156, 0.005467524535725954], "average_degree": [19.15909090909091, 19.155555555555555, 19.152173913043477, 19.148936170212767, 19.145833333333332, 19.142857142857142, 19.14, 19.137254901960784, 19.134615384615383, 19.132075471698112, 19.12962962962963, 19.12727272727273, 19.125, 19.12280701754386, 19.137931034482758, 19.135593220338983, 19.15, 19.16393442622951, 19.177419354838708, 19.19047619047619, 19.203125, 19.23076923076923, 19.242424242424242, 19.238805970149254], "pagerank": [0.45485074501967293, 0.45459969906946185, 0.4544067033748057, 0.4542052717344969, 0.45401645260906476, 0.4538348953639339, 0.4536810216066453, 0.45352611649483826, 0.4533776890990716, 0.4532059312021033, 0.4530449279682431, 0.4528856224124454, 0.45273609895571054, 0.45257926852549263, 0.4524061236718399, 0.4522567972752683, 0.4521016388991421, 0.4519338626877247, 0.45177879741265947, 0.4516297918303998, 0.45145716768672806, 0.4513365109122002, 0.45120054728835296, 0.4510951960714794]}, "mistral_24b_instruct": {"clustering": [0.0034742780373623623, 0.003517357630141278, 0.0035662943014205576], "average_degree": [19.363636363636363, 19.377777777777776, 19.391304347826086], "pagerank": [0.4582327557681279, 0.45804528902365704, 0.4578734563715803]}, "qwen_1.5b_instruct": {"clustering": [0.008564511309265468, 0.008659215473702395, 0.008767984015237833, 0.008882547608808865, 0.008994368112304819, 0.00906010123668281, 0.009149296926446964, 0.009246573868444739, 0.009340630436618964], "average_degree": [19.0, 19.0, 19.0, 19.0, 19.0, 19.0, 19.0, 19.0, 19.0], "pagerank": [0.3709884829851115, 0.37093164269980894, 0.3707953165489653, 0.37064257644560733, 0.37036315945094406, 0.3700832661517576, 0.3698260836336146, 0.3695530317964447, 0.36926822692158967]}, "qwen_3b_instruct": {"clustering": [0.004325934149871751, 0.004383795166651066, 0.0044347729871111845, 0.004495967770543787, 0.004551186630564977, 0.004598017070039789, 0.004647782737309981, 0.004689813678889742, 0.0047301061040532335, 0.004773895780906634, 0.004813036690884502], "average_degree": [19.25581395348837, 19.25, 19.244444444444444, 19.23913043478261, 19.23404255319149, 19.229166666666668, 19.224489795918366, 19.24, 19.235294117647058, 19.25, 19.264150943396228], "pagerank": [0.4530617921024163, 0.4529332350851876, 0.45282170132310806, 0.452664116080056, 0.45252374706028636, 0.4524375223888339, 0.452341051826416, 0.4522386192969076, 0.4521185206148947, 0.4519655069858898, 0.4518036259546693]}, "qwen_7b_instruct": {"clustering": [0.00673314537230314, 0.006817414212592879, 0.006898622848042733, 0.006981677765349344, 0.007057362867721677, 0.007142513222975877, 0.007220353934043116, 0.007307977983835012, 0.007394293899977746, 0.007476512097906492, 0.007537466763811179, 0.007601461019622309, 0.007670214103294306, 0.007734794720745216, 0.0077702672005409415, 0.007842360952267697, 0.007917854517361102, 0.007990905534318396, 0.008062157989493677, 0.008130722333827984, 0.008189834559436213, 0.008197463172657028, 0.00859546847961514], "average_degree": [19.0, 19.0, 19.0, 19.0, 19.0, 19.0, 19.0, 19.0, 19.0, 19.0, 19.0, 19.0, 19.0, 19.0, 19.0, 19.0, 19.0, 19.0, 19.0, 19.0, 19.0, 19.0, 19.0], "pagerank": [0.4336948851251283, 0.43365312516414156, 0.4335728943183006, 0.4334836696203864, 0.43342959841275003, 0.43331597983828035, 0.43320909150457343, 0.43308475142649416, 0.4329371587460832, 0.43284743120894104, 0.4326799679244067, 0.4324953602372603, 0.4322892391592826, 0.43203874277533394, 0.43215761660682644, 0.4319568949492945, 0.4317082021546166, 0.4315119437241315, 0.43132135749732287, 0.4311596258571744, 0.4310003116931569, 0.43085156618938464, 0.43059526081525373]}, "llama_1b_instruct": {"clustering": [0.009191529023380296, 0.009388159567558457, 0.009534351390624812, 0.009649679553408844, 0.009755595760812396, 0.009824759627676045, 0.009936657691105787, 0.010052458831614701, 0.010199612322268105, 0.0103430803337854, 0.010445772853146806, 0.010486795157676917, 0.010531695950332785, 0.010642071787660736, 0.010741387619101499, 0.01084878180277213, 0.010957177575487547, 0.011003238850496217, 0.0110907455962734, 0.011171221601142162, 0.011213236868155892, 0.011191434009269977, 0.011188916495838714], "average_degree": [19.0, 19.0, 19.0, 19.0, 19.0, 19.0, 19.0, 19.0, 19.0, 19.0, 19.0, 19.0, 19.0, 19.0, 19.0, 19.0, 19.0, 19.0, 19.0, 19.0, 19.0, 19.0, 19.0], "pagerank": [0.4049443483880568, 0.4045132314000358, 0.4039485131663942, 0.40355858796564126, 0.40303291158129606, 0.4026400990063351, 0.4023352393693145, 0.40197316707762026, 0.4015767442013298, 0.40121842568670146, 0.4008616133138769, 0.4007568402607679, 0.4004976750140253, 0.4001702170186384, 0.39998086383257647, 0.3997075021896507, 0.39956580138127223, 0.39943719017990115, 0.39910264572287996, 0.3989337612505015, 0.39868016890326735, 0.39862906187145225, 0.39843535216379955]}, "llama_8b_instruct": {"clustering": [0.003804061808792141, 0.003909188841031474, 0.003995321667608039, 0.004074113903003458, 0.004129439263699677, 0.004168022157385449, 0.004212178908859161, 0.004255724298753333, 0.004305120044120227, 0.004359715226278275, 0.004414228679588682, 0.004466312084018306, 0.004521161826589144, 0.00457895918797409, 0.0046319006158956144], "average_degree": [19.0, 19.0, 19.0, 19.0, 19.0, 19.0, 19.0, 19.0, 19.0, 19.0, 19.0, 19.0, 19.0, 19.0, 19.0], "pagerank": [0.4571627895340013, 0.456768135122375, 0.4564139218883737, 0.4560901628051778, 0.4557648995930726, 0.45545031624907556, 0.4552655463321234, 0.4551189144360739, 0.4549848200220776, 0.4548342805009436, 0.4546897375919077, 0.4545116987140342, 0.45436864751398554, 0.45420145332483586, 0.45404883902292786]}, "gemma_2b_instruct": {"clustering": [0.007980888521132927, 0.008067476685427236, 0.00814918793271126, 0.008226789763212814, 0.008306534201138478, 0.008362348737218389, 0.008409854366054919, 0.00844149185723623, 0.00848804635032816, 0.008546627937893653, 0.008603028292545813, 0.008670974376447512, 0.00873075299934825, 0.008789046447893616, 0.008845471695475539, 0.009210041310822637, 0.009093004731024071, 0.009172951808247549, 0.00900405275632343, 0.009025861202825532, 0.009097063603271446, 0.009114817973428906, 0.009051401138054596, 0.009059419029839389, 0.008943942078247408, 0.008977374983896457, 0.008897872029498613, 0.008854631876263109, 0.008790816368472443, 0.008847420464701652, 0.00879150508721981, 0.008797982547587369], "average_degree": [19.0, 19.0, 19.0, 19.0, 19.0, 19.0, 19.0, 19.0, 19.0, 19.0, 19.0, 19.0, 19.0, 19.0, 19.0, 19.0, 19.0, 19.0, 19.0, 19.0, 19.0, 19.0, 19.0, 19.0, 19.0, 19.0, 19.0, 19.0, 19.0, 19.0, 19.0, 19.0], "pagerank": [0.43010188650018644, 0.42992332016254436, 0.42981588683218447, 0.42977575004752894, 0.42962923624946414, 0.4296144052344057, 0.42961117266245163, 0.4294722901177987, 0.4293240339744036, 0.42911520728295144, 0.42895030586263394, 0.42874099538839566, 0.4285615184779339, 0.4284751184626704, 0.4282843014123524, 0.42809495191307007, 0.42796788922053447, 0.4279798452349954, 0.4279843481492015, 0.42800213492072203, 0.42794153026909965, 0.427889417136926, 0.42787102714865904, 0.4278571858135813, 0.42787900556008457, 0.4278578506710972, 0.4278901331173014, 0.4278851000880528, 0.42792459420967127, 0.4278907247425208, 0.42783082632434044, 0.42778131588146995]}, "gemma_9b_instruct": {"clustering": [0.003712765175444216, 0.003755813680133314, 0.0037866117647603246, 0.0038335724778799534, 0.0038703428172866326],