{"llama_1b_instruct": {"clustering": [0.05754316661616487, 0.054966685799718945, 0.05173335134091195, 0.04885927626641684, 0.04628773541028964, 0.04397334863977516, 0.04187937965692872, 0.039975771490704685, 0.0382376944693697, 0.03664445719981263, 0.035178678911820124, 0.03382565279982704, 0.03257285084427789, 0.03140953474269654, 0.03032644733777597, 0.029315565759850105, 0.028369902348242035, 0.027483342899859473, 0.026650514327136457, 0.025866675670455974, 0.025127627794157233, 0.02442963813320842, 0.023769377643121706, 0.02314386770514482, 0.022550435199884696, 0.02198667431988758, 0.02145041397062203, 0.02093968982846436, 0.02045272029756984, 0.019987885745352343, 0.019543710506566735, 0.01911884723468485, 0.01871206325096815, 0.018322228599906315, 0.017948305567255164, 0.017589339455910062, 0.01724445044697065, 0.01691282639991352, 0.01659371646783968, 0.016286425422138946, 0.015990308596281876, 0.01570476737134827, 0.015429245136763213, 0.015163223668887985, 0.014906219877889884, 0.014657782879925052, 0.01441749135730333, 0.014184951174121017, 0.01395979321897624, 0.013479327797679654], "average_shortest_path_length": [Infinity, Infinity, Infinity, Infinity, Infinity, Infinity, Infinity, Infinity, Infinity, Infinity, Infinity, Infinity, Infinity, Infinity, Infinity, Infinity, Infinity, Infinity, Infinity, Infinity, Infinity, Infinity, Infinity, Infinity, Infinity, Infinity, Infinity, Infinity, Infinity, Infinity, Infinity, Infinity, Infinity, Infinity, Infinity, Infinity, Infinity, Infinity, Infinity, Infinity, Infinity, Infinity, Infinity, Infinity, Infinity, Infinity, Infinity, Infinity, Infinity, Infinity], "average_degree": [0.7333333333333333, 0.6875, 0.6470588235294118, 0.6111111111111112, 0.5789473684210527, 0.55, 0.5238095238095238, 0.5, 0.4782608695652174, 0.4583333333333333, 0.44, 0.4230769230769231, 0.4074074074074074, 0.39285714285714285, 0.3793103448275862, 0.36666666666666664, 0.3548387096774194, 0.34375, 0.3333333333333333, 0.3235294117647059, 0.3142857142857143, 0.3055555555555556, 0.2972972972972973, 0.2894736842105263, 0.28205128205128205, 0.275, 0.2682926829268293, 0.2619047619047619, 0.2558139534883721, 0.25, 0.24444444444444444, 0.2391304347826087, 0.23404255319148937, 0.22916666666666666, 0.22448979591836735, 0.22, 0.21568627450980393, 0.21153846153846154, 0.20754716981132076, 0.2037037037037037, 0.2, 0.19642857142857142, 0.19298245614035087, 0.1896551724137931, 0.1864406779661017, 0.18333333333333332, 0.18032786885245902, 0.1774193548387097, 0.1746031746031746, 0.171875], "connectivity": [15.0, 16.0, 17.0, 18.0, 19.0, 20.0, 21.0, 22.0, 23.0, 24.0, 25.0, 26.0, 27.0, 28.0, 29.0, 30.0, 31.0, 32.0, 33.0, 34.0, 35.0, 36.0, 37.0, 38.0, 39.0, 40.0, 41.0, 42.0, 43.0, 44.0, 45.0, 46.0, 47.0, 48.0, 49.0, 50.0, 51.0, 52.0, 53.0, 54.0, 55.0, 56.0, 57.0, 58.0, 59.0, 60.0, 61.0, 62.0, 63.0, 64.0], "sparseness": [0.05238095238095238, 0.04583333333333333, 0.04044117647058824, 0.03594771241830065, 0.03216374269005848, 0.02894736842105263, 0.02619047619047619, 0.023809523809523808, 0.021739130434782608, 0.019927536231884056, 0.018333333333333333, 0.016923076923076923, 0.01566951566951567, 0.01455026455026455, 0.013546798029556651, 0.01264367816091954, 0.011827956989247311, 0.011088709677419355, 0.010416666666666666, 0.00980392156862745, 0.009243697478991597, 0.00873015873015873, 0.008258258258258258, 0.007823613086770981, 0.007422402159244264, 0.007051282051282051, 0.006707317073170732, 0.006387921022067364, 0.006090808416389812, 0.005813953488372093, 0.005555555555555556, 0.005314009661835749, 0.005087881591119334, 0.004875886524822695, 0.00467687074829932, 0.004489795918367347, 0.004313725490196078, 0.004147812971342383, 0.0039912917271407835, 0.003843466107617051, 0.003703703703703704, 0.0035714285714285713, 0.003446115288220551, 0.003327283726557774, 0.0032144944476914087, 0.0031073446327683617, 0.003005464480874317, 0.002908514013749339, 0.0028161802355350742, 0.002728174603174603], "hubs": [4.0, 4.0, 4.0, 4.0, 4.0, 4.0, 4.0, 4.0, 4.0, 4.0, 4.0, 4.0, 4.0, 4.0, 4.0, 4.0, 4.0, 4.0, 4.0, 4.0, 4.0, 4.0, 4.0, 4.0, 4.0, 4.0, 9.0, 9.0, 9.0, 9.0, 9.0, 9.0, 9.0, 9.0, 9.0, 9.0, 9.0, 9.0, 9.0, 9.0, 9.0, 9.0, 9.0, 9.0, 9.0, 9.0, 9.0, 9.0, 9.0, 9.0], "clusters": [8.0, 9.0, 10.0, 11.0, 12.0, 13.0, 14.0, 15.0, 16.0, 17.0, 18.0, 19.0, 20.0, 21.0, 22.0, 23.0, 24.0, 25.0, 26.0, 27.0, 28.0, 29.0, 30.0, 31.0, 32.0, 33.0, 34.0, 35.0, 36.0, 37.0, 38.0, 39.0, 40.0, 41.0, 42.0, 43.0, 44.0, 45.0, 46.0, 47.0, 48.0, 49.0, 50.0, 51.0, 52.0, 53.0, 54.0, 55.0, 56.0, 57.0], "communities": [8.0, 9.0, 10.0, 11.0, 12.0, 13.0, 14.0, 15.0, 16.0, 17.0, 18.0, 19.0, 20.0, 21.0, 22.0, 23.0, 24.0, 25.0, 26.0, 27.0, 28.0, 29.0, 30.0, 31.0, 32.0, 33.0, 34.0, 35.0, 36.0, 37.0, 38.0, 39.0, 40.0, 41.0, 42.0, 43.0, 44.0, 45.0, 46.0, 47.0, 48.0, 49.0, 50.0, 51.0, 52.0, 53.0, 54.0, 55.0, 56.0, 57.0], "fourier": [0.4602898534579325, 0.42484963603445625, 0.3998584809736059, 0.37764412091951666, 0.3577681145553316, 0.339879708827565, 0.3236949607881571, 0.30898155347960454, 0.2955475728935348, 0.2832330906896375, 0.271903767062052, 0.2614459298673577, 0.2517627472796778, 0.24277122059111786, 0.23439979919142415, 0.22658647255171, 0.21927723150165485, 0.21242481801722812, 0.20598770231973637, 0.19992924048680294, 0.1942169764728943, 0.18882206045975833, 0.18371876152841352, 0.1788840572776658, 0.17429728657823845, 0.1699398544137825, 0.16579497991588538, 0.16184748039407856, 0.15808358550119303, 0.15449077673980227, 0.15105764836780666, 0.1477737864467674, 0.14462966333087873, 0.14161654534481874, 0.13872641176635306, 0.135951883531026, 0.1332861603245353, 0.13072296493367885, 0.12825649389719435, 0.1258813736398389, 0.12359262139184182, 0.12138561029555893, 0.11925603818511052, 0.11719989959571207, 0.11521346061951356, 0.113293236275855, 0.11143597010739836, 0.10963861575082742, 0.10789832026271905, 0.10787708939891999], "commute_time_efficiency": [0.22380952380952382, 0.19583333333333333, 0.17279411764705882, 0.15359477124183007, 0.13742690058479531, 0.12368421052631579, 0.11190476190476191, 0.10173160173160173, 0.09288537549407115, 0.08514492753623189, 0.07833333333333334, 0.07230769230769231, 0.06695156695156695, 0.062169312169312166, 0.05788177339901478, 0.054022988505747126, 0.05053763440860215, 0.047379032258064516, 0.04450757575757576, 0.04188948306595366, 0.03949579831932773, 0.0373015873015873, 0.03528528528528529, 0.033428165007112376, 0.03171390013495277, 0.03012820512820513, 0.028658536585365855, 0.0272938443670151, 0.02602436323366556, 0.024841437632135307, 0.023737373737373738, 0.022705314009661835, 0.021739130434782608, 0.020833333333333332, 0.019982993197278913, 0.019183673469387756, 0.01843137254901961, 0.017722473604826545, 0.017053701015965168, 0.01642208245981831, 0.015824915824915825, 0.01525974025974026, 0.014724310776942355, 0.014216575922565033, 0.013734658094681473, 0.01327683615819209, 0.012841530054644808, 0.012427287149656267, 0.012032770097286226, 0.011656746031746032],