{"llama_1b_instruct": {"clustering": [0.12290236431433721, 0.12159600105476637, 0.1197390353361041, 0.11881839828975142, 0.11620970278610876, 0.11509825604550306, 0.11300945391788857, 0.11152503680180259, 0.10791054413298796, 0.10532782864908154, 0.10257374153148735, 0.10063332187881956, 0.0992835456551349, 0.09836642765647421, 0.09630128821510109, 0.09514224440592653, 0.09436313906615601, 0.09387408391816651, 0.09322895876224627, 0.09256539981474347, 0.09161691806159236, 0.09077922317979244, 0.0898364282856868, 0.08930276758911111, 0.08831193951606661, 0.08698664312495694, 0.08650528464295199, 0.08598318553456272, 0.08526907332010199, 0.08497474401081127, 0.08446883177896643, 0.08412023270202915, 0.08371729576552525, 0.08302300527135677, 0.08260306348635951, 0.08213232826035473, 0.08160597083293436, 0.08037111874499511, 0.07945088646903252, 0.07893440810273097, 0.07849330625330532, 0.07837502824862486, 0.07790085159179828, 0.0776774659099515, 0.07747278320421523, 0.07697675064343978, 0.07668425406566484, 0.07629213522658204, 0.07593512979084252, 0.07620708503038519], "average_shortest_path_length": [Infinity, Infinity, Infinity, Infinity, Infinity, Infinity, Infinity, Infinity, Infinity, Infinity, Infinity, Infinity, Infinity, Infinity, Infinity, Infinity, Infinity, Infinity, Infinity, Infinity, Infinity, Infinity, Infinity, Infinity, Infinity, Infinity, Infinity, Infinity, Infinity, Infinity, Infinity, Infinity, Infinity, Infinity, Infinity, Infinity, Infinity, Infinity, Infinity, Infinity, Infinity, Infinity, Infinity, Infinity, Infinity, Infinity, Infinity, Infinity, Infinity, Infinity], "average_degree": [2.533333333333333, 2.5625, 2.5294117647058822, 2.5555555555555554, 2.5789473684210527, 2.6, 2.5714285714285716, 2.5454545454545454, 2.5652173913043477, 2.5833333333333335, 2.6, 2.6153846153846154, 2.6296296296296298, 2.642857142857143, 2.6551724137931036, 2.6666666666666665, 2.6774193548387095, 2.6875, 2.696969696969697, 2.7058823529411766, 2.6857142857142855, 2.6666666666666665, 2.675675675675676, 2.6842105263157894, 2.6923076923076925, 2.7, 2.707317073170732, 2.7142857142857144, 2.7209302325581395, 2.727272727272727, 2.7333333333333334, 2.739130434782609, 2.74468085106383, 2.7291666666666665, 2.7346938775510203, 2.74, 2.7450980392156863, 2.7115384615384617, 2.7358490566037736, 2.740740740740741, 2.7454545454545456, 2.75, 2.754385964912281, 2.7586206896551726, 2.76271186440678, 2.7333333333333334, 2.7540983606557377, 2.7580645161290325, 2.746031746031746, 2.71875], "connectivity": [8.0, 9.0, 11.0, 13.0, 12.0, 13.0, 14.0, 16.0, 16.0, 18.0, 17.0, 19.0, 21.0, 22.0, 23.0, 23.0, 25.0, 26.0, 27.0, 28.0, 29.0, 30.0, 31.0, 32.0, 32.0, 33.0, 34.0, 35.0, 37.0, 38.0, 39.0, 40.0, 41.0, 42.0, 43.0, 44.0, 45.0, 45.0, 46.0, 47.0, 48.0, 49.0, 51.0, 52.0, 53.0, 54.0, 55.0, 56.0, 57.0, 58.0], "sparseness": [0.18095238095238095, 0.17083333333333334, 0.15808823529411764, 0.1503267973856209, 0.14327485380116958, 0.1368421052631579, 0.12857142857142856, 0.12121212121212122, 0.116600790513834, 0.11231884057971014, 0.10833333333333334, 0.10461538461538461, 0.10113960113960115, 0.09788359788359788, 0.09482758620689655, 0.09195402298850575, 0.08924731182795699, 0.08669354838709678, 0.08428030303030302, 0.08199643493761141, 0.07899159663865546, 0.0761904761904762, 0.07432432432432433, 0.07254623044096728, 0.0708502024291498, 0.06923076923076923, 0.0676829268292683, 0.06620209059233449, 0.06478405315614617, 0.06342494714587738, 0.06212121212121212, 0.06086956521739131, 0.059666975023126734, 0.05806737588652482, 0.05697278911564626, 0.05591836734693877, 0.054901960784313725, 0.053167420814479636, 0.052612481857764876, 0.0517120894479385, 0.05084175084175084, 0.05, 0.04918546365914787, 0.04839685420447671, 0.04763296317942724, 0.04632768361581921, 0.04590163934426229, 0.0452141723955579, 0.04429083461341526, 0.043154761904761904], "hubs": [3.0, 2.0, 2.0, 2.0, 2.0, 2.0, 3.0, 3.0, 3.0, 3.0, 3.0, 3.0, 3.0, 3.0, 3.0, 3.0, 4.0, 4.0, 5.0, 4.0, 4.0, 4.0, 4.0, 4.0, 4.0, 4.0, 5.0, 5.0, 5.0, 5.0, 5.0, 5.0, 5.0, 5.0, 5.0, 5.0, 6.0, 6.0, 6.0, 6.0, 6.0, 6.0, 6.0, 6.0, 6.0, 6.0, 10.0, 9.0, 9.0, 8.0], "clusters": [3.0, 3.0, 3.0, 3.0, 3.0, 3.0, 3.0, 3.0, 3.0, 3.0, 3.0, 3.0, 3.0, 4.0, 3.0, 3.0, 3.0, 3.0, 3.0, 3.0, 3.0, 3.0, 3.0, 3.0, 3.0, 3.0, 4.0, 3.0, 4.0, 4.0, 3.0, 3.0, 3.0, 3.0, 3.0, 3.0, 3.0, 3.0, 3.0, 4.0, 4.0, 4.0, 4.0, 4.0, 4.0, 4.0, 4.0, 4.0, 4.0, 4.0], "communities": [3.0, 3.0, 3.0, 3.0, 3.0, 3.0, 3.0, 3.0, 3.0, 3.0, 3.0, 3.0, 3.0, 4.0, 3.0, 3.0, 3.0, 3.0, 3.0, 3.0, 3.0, 3.0, 3.0, 3.0, 3.0, 3.0, 4.0, 3.0, 4.0, 4.0, 3.0, 3.0, 3.0, 3.0, 3.0, 3.0, 3.0, 3.0, 3.0, 4.0, 4.0, 4.0, 4.0, 4.0, 4.0, 4.0, 4.0, 4.0, 4.0, 4.0], "fourier": [0.8836166769617028, 0.8583453118544163, 0.8344991166411978, 0.8210801772851246, 0.8081376373942746, 0.7937423585188679, 0.7708159150286418, 0.7485232117660368, 0.7339906212896108, 0.7196234925915799, 0.7059808897118187, 0.6934488912218758, 0.6819332156369248, 0.6710929027623943, 0.6600434210161887, 0.6517226086305524, 0.6466143938642905, 0.640631464032532, 0.6334124318756251, 0.6253188828292986, 0.6138354283594223, 0.6026327963410794, 0.5946299414745168, 0.5870107610597421, 0.5791347901724954, 0.5714685239880978, 0.5647833906801707, 0.5610228673665653, 0.5570673908580751, 0.5522251810321603, 0.5467795195160646, 0.5413087899832858, 0.5356656346348212, 0.5281864586099166, 0.5225150124760382, 0.5173801037405948, 0.5119823523314961, 0.503851990608742, 0.5004534732273044, 0.4957156533696165, 0.4934420813897151, 0.4909955501130299, 0.4878028583874063, 0.48411482822482743, 0.4801517117351869, 0.4736501660502027, 0.4713112782067593, 0.46745351282579856, 0.4624078343940598, 0.46179286952222987], "commute_time_efficiency": [0.6714285714285714, 0.6625, 0.6507352941176471, 0.6437908496732027, 0.6374269005847953, 0.631578947368421, 0.6238095238095238, 0.6168831168831169, 0.6126482213438735, 0.6086956521739131, 0.605, 0.6015384615384616, 0.5982905982905983, 0.5952380952380952, 0.5923645320197044, 0.5896551724137931, 0.5870967741935483, 0.5846774193548387, 0.5823863636363636, 0.5802139037433155, 0.5773109243697478, 0.5746031746031746, 0.5728228228228228, 0.5711237553342816, 0.5695006747638327, 0.5679487179487179, 0.5664634146341463, 0.5650406504065041, 0.5636766334440753, 0.5623678646934461, 0.5611111111111111, 0.5599033816425121, 0.5587419056429233, 0.5571808510638298, 0.5561224489795918, 0.5551020408163265, 0.5541176470588235, 0.552790346907994, 0.5522496371552975, 0.5513626834381551, 0.5474747474747469, 0.5467532467532463, 0.5460526315789469, 0.5453720508166965, 0.5447106954997074, 0.5435028248587567, 0.5431693989071035, 0.5425700687466946, 0.5417306707629285, 0.5406746031746028], "pagerank": [0.3532946039852379, 0.3458140832095834, 0.345731242617523, 0.343021842401868, 0.3403842968431581, 0.33791578887127804, 0.3371590200049474, 0.3364492042674237, 0.3333111250969884, 0.3307949328397184, 0.3286949830233922, 0.327122491664121, 0.32570947669450223, 0.3243864993033049, 0.32300304677432873, 0.3220535034915691, 0.3212567696857063, 0.3204406867731677, 0.31954999636159725, 0.31865386120395967, 0.3187138114472239, 0.3187544091366408, 0.31789982746505263, 0.31701844912586513, 0.3159094653298801, 0.31482001844731017, 0.3141792298493213, 0.3137065533467271, 0.3132318004033972, 0.31269467464708556, 0.3121298036389309, 0.3116434263684051, 0.31112487334822286, 0.31121910464853975, 0.3107300385296424, 0.3102584684308348, 0.30974313855769575, 0.3081868527642033, 0.30701599165526905, 0.3064409069700599, 0.306224982311421, 0.3059790823771456, 0.30567296406151295, 0.30535196915091617, 0.30500783164173867, 0.30565415913760896, 0.30485052431928256, 0.30450920476341486, 0.3046093173411915, 0.3085866057891213], "eigenvector_centrality": [0.0, 0.0, 0.0, 0.0, 0.0, 0.0, 0.0, 0.0, 0.0, 0.0, 0.0, 0.0, 0.0, 0.0, 0.0, 0.0, 0.0, 0.0, 0.0, 0.0, 0.0, 0.0, 0.0, 0.0, 0.0, 0.0, 0.0, 0.0, 0.0, 0.0, 0.0, 0.0, 0.0, 0.0, 0.0, 0.0, 0.0, 0.0, 0.0, 0.0, 0.0, 0.0, 0.0, 0.0, 0.0, 0.0, 0.0, 0.0, 0.0, 0.0],