{"llama_1b_instruct": {"clustering": [0.02231065495237034, 0.02137154275494581, 0.02018513132700657, 0.019151756030167392, 0.018238592370296434, 0.01739214863824346, 0.01829328884790667, 0.019057884250941706, 0.01971810307004729, 0.02029401398199902, 0.020673669023594174, 0.021063656023414364, 0.02147552672086945, 0.021862553570942432, 0.022154620569901275, 0.022393731887330792, 0.02265551749310572, 0.022954757038025728, 0.023054942097121795, 0.023110989954771354, 0.02324209664597892, 0.02315602587182454, 0.0235108243697409, 0.02381436410432438, 0.023972191849791387, 0.023963556719190926, 0.024027675603313918, 0.024062452582459728, 0.024280863649672597, 0.024464757705658077, 0.024564284441561664, 0.024700613009882327, 0.024743155071273455, 0.024734860122728297, 0.024689740685126093, 0.024745526441695843, 0.024796291559527093, 0.02492239604121193, 0.02486400677853549, 0.02486878659106895, 0.02488916665046804, 0.024882725097077663, 0.024904799513548723, 0.024898068936050764, 0.0249351651542988, 0.02498312764126733, 0.025023475657167726, 0.02498981133826324, 0.02506874570929131, 0.024699240195954788], "average_shortest_path_length": [0.028276359967010018, 0.025467535794881598, 0.02503363745257988, 0.02437383438138188, 0.023648407435916906, 0.021250309676634372, 0.019916008725469676, 0.020529088733260575, 0.0201012277763858, 0.022252586367096587, 0.0220952593970365, 0.02448356185860628, 0.0255119339718003, 0.02793822116004546, 0.027289489648091258, 0.02754178480267539, 0.027750518729969982, 0.029393608608367466, 0.02802420664233366, 0.028866183452315106, 0.028783073093467375, 0.029400390641007027, Infinity, Infinity, Infinity, Infinity, Infinity, Infinity, Infinity, Infinity, Infinity, Infinity, Infinity, Infinity, Infinity, Infinity, Infinity, Infinity, Infinity, Infinity, Infinity, Infinity, Infinity, Infinity, Infinity, Infinity, Infinity, Infinity, Infinity, Infinity], "average_degree": [14.0, 15.0, 16.0, 17.0, 18.0, 19.0, 19.0, 19.0, 19.0, 19.0, 19.0, 19.0, 19.0, 19.0, 19.0, 19.0, 19.0, 19.0, 19.0, 19.0, 19.0, 19.0, 19.0, 19.0, 19.0, 19.0, 19.0, 19.0, 19.0, 19.0, 19.0, 19.0, 19.0, 19.0, 19.0, 19.02, 19.019607843137255, 19.01923076923077, 19.0188679245283, 19.01851851851852, 19.01818181818182, 19.017857142857142, 19.035087719298247, 19.03448275862069, 19.033898305084747, 19.033333333333335, 19.049180327868854, 19.048387096774192, 19.047619047619047, 19.046875], "connectivity": [1.0, 1.0, 1.0, 1.0, 1.0, 1.0, 1.0, 1.0, 1.0, 1.0, 1.0, 1.0, 1.0, 1.0, 1.0, 1.0, 1.0, 1.0, 1.0, 1.0, 1.0, 1.0, 2.0, 2.0, 2.0, 2.0, 2.0, 2.0, 2.0, 3.0, 4.0, 6.0, 7.0, 7.0, 7.0, 8.0, 9.0, 9.0, 9.0, 9.0, 9.0, 9.0, 10.0, 10.0, 11.0, 12.0, 14.0, 13.0, 14.0, 15.0], "sparseness": [1.0, 1.0, 1.0, 1.0, 1.0, 1.0, 0.95, 0.9047619047619048, 0.8636363636363636, 0.8260869565217391, 0.7916666666666666, 0.76, 0.7307692307692307, 0.7037037037037037, 0.6785714285714286, 0.6551724137931034, 0.6333333333333333, 0.6129032258064516, 0.59375, 0.5757575757575758, 0.5588235294117647, 0.5428571428571428, 0.5277777777777778, 0.5135135135135135, 0.5, 0.48717948717948717, 0.475, 0.4634146341463415, 0.4523809523809524, 0.4418604651162791, 0.4318181818181818, 0.4222222222222222, 0.41304347826086957, 0.40425531914893614, 0.3958333333333333, 0.38816326530612244, 0.3803921568627451, 0.3729260935143288, 0.36574746008708275, 0.3588399720475192, 0.35218855218855216, 0.3457792207792208, 0.3399122807017544, 0.3339382940108893, 0.3281706604324956, 0.3225988700564972, 0.3174863387978142, 0.3122686409307245, 0.30721966205837176, 0.3023313492063492], "hubs": [15.0, 16.0, 17.0, 18.0, 19.0, 20.0, 11.0, 8.0, 6.0, 8.0, 4.0, 4.0, 3.0, 4.0, 5.0, 3.0, 4.0, 4.0, 5.0, 4.0, 4.0, 4.0, 4.0, 4.0, 4.0, 5.0, 5.0, 5.0, 5.0, 5.0, 5.0, 5.0, 5.0, 5.0, 5.0, 5.0, 6.0, 7.0, 7.0, 6.0, 6.0, 6.0, 6.0, 6.0, 6.0, 6.0, 7.0, 7.0, 7.0, 7.0], "clusters": [2.0, 2.0, 2.0, 2.0, 2.0, 2.0, 2.0, 2.0, 2.0, 2.0, 3.0, 2.0, 2.0, 2.0, 2.0, 2.0, 2.0, 2.0, 2.0, 2.0, 2.0, 3.0, 3.0, 3.0, 3.0, 3.0, 3.0, 3.0, 3.0, 3.0, 3.0, 3.0, 3.0, 3.0, 3.0, 3.0, 3.0, 3.0, 3.0, 3.0, 3.0, 3.0, 3.0, 3.0, 3.0, 3.0, 3.0, 3.0, 3.0, 3.0], "communities": [2.0, 2.0, 2.0, 2.0, 2.0, 2.0, 2.0, 2.0, 2.0, 2.0, 3.0, 2.0, 2.0, 2.0, 2.0, 2.0, 2.0, 2.0, 2.0, 2.0, 2.0, 3.0, 3.0, 3.0, 3.0, 3.0, 3.0, 3.0, 3.0, 3.0, 3.0, 3.0, 3.0, 3.0, 3.0, 3.0, 3.0, 3.0, 3.0, 3.0, 3.0, 3.0, 3.0, 3.0, 3.0, 3.0, 3.0, 3.0, 3.0, 3.0], "fourier": [1.57961696191492, 1.598343995783654, 1.6124509626498327, 1.6278124605112132, 1.643060974462387, 1.655866430371401, 1.663896415650584, 1.6688883464341422, 1.6742743238877957, 1.6769862723689002, 1.677548286240598, 1.6787513422681515, 1.6795090785047124, 1.678928718247623, 1.6759128969171433, 1.6741836641880172, 1.6746170501298898, 1.673994133098194, 1.6704572310209052, 1.665423717500478, 1.6580089851561939, 1.6490921290589104, 1.641199863837267, 1.6325291172413914, 1.6231384502557178, 1.6132362286330053, 1.6045833690313926, 1.6004365327647148, 1.5964123569760797, 1.5906164472197561, 1.5832324444758055, 1.5753659661145547, 1.5671108026833278, 1.5581495632913127, 1.548868951225697, 1.5417809380198646, 1.5326394842487525, 1.522926076875518, 1.513928619570643, 1.5052352386989853, 1.5015343915111206, 1.4977895223069637, 1.4932753658906277, 1.4868691890586168, 1.4797593105329563, 1.4720623664344987, 1.4658185272047337, 1.4579288110794533, 1.4495910556780176, 1.4405757427347592], "commute_time_efficiency": [1.0, 1.0, 1.0, 1.0, 1.0, 1.0, 1.0, 0.9978354978354979, 0.9940711462450593, 0.9891304347826086, 0.99, 0.9846153846153847, 0.9757834757834758, 0.9642857142857143, 0.9593596059113301, 0.9517241379310345, 0.943010752688172, 0.9334677419354839, 0.9289772727272727, 0.9251336898395722, 0.9201680672268907, 0.9158730158730158, 0.9076576576576577, 0.8997155049786629, 0.8947368421052632, 0.889102564102564, 0.8817073170731707, 0.8739837398373984, 0.867109634551495, 0.8604651162790697, 0.8550505050505051, 0.8487922705314009, 0.8432007400555042, 0.837322695035461, 0.8312074829931972, 0.8261224489795919, 0.8211764705882353, 0.8174962292609351, 0.8124092888243831, 0.8078266946191475, 0.8016835016835017, 0.7954545454545454, 0.7913533834586466, 0.7870538415003024, 0.7831677381648159, 0.7790960451977401, 0.7754098360655738, 0.7723426758328926, 0.7693292370711725, 0.7663690476190477], "pagerank": [0.2933120109178167, 0.2848403428673349, 0.280169357531126, 0.27560644866702816, 0.27152687248174795, 0.26748311627232574, 0.263412622625686, 0.25948135190463634, 0.255578437113291, 0.2519413281271087, 0.24860999671520112, 0.24575437955696047, 0.24339351494713873, 0.24116828445967808, 0.23883870416628292, 0.23714262458323881, 0.23592163127178867, 0.23468133512836398, 0.23328033025733716, 0.23175417465036713, 0.23024566469045846, 0.22866248000970305, 0.22723629907878007, 0.2258946884570678, 0.22439452792113515, 0.22283484906785642, 0.22177092172030588, 0.22118543797917412, 0.220602151870258, 0.21983218881659478, 0.2190141170575194, 0.21826349794597746, 0.21748003128368373, 0.21667370017071183, 0.21589907684338164, 0.21513812739737598, 0.21431294795593456, 0.21333179031999389, 0.21267654805281222, 0.2119648863758468, 0.21171687521382024, 0.21144364967435023, 0.2109799391848092, 0.21051539742653566, 0.20992803154348363, 0.20936334186611405, 0.20886502943020657, 0.2083094067305132, 0.20774320954610778, 0.20848967357388815], "eigenvector_centrality": [0.9998845766464939, 0.9997893646447673, 0.9997904838015571, 0.9997652046515897, 0.9996805883904023, 0.9996708837412653, 0.999610239652867, 0.9994522368166592, 0.9995976567601385, 0.9994610519078087, 0.9992994547368876, 0.9992426722456708, 0.9995157564904782, 0.9991291049716045, 0.9994671091195033, 0.9994151665140593, 0.9992208202326008, 0.9992505340260687, 0.9992011445875258, 0.9994174894631827, 0.9993839386849765, 0.0, 0.0, 0.0, 0.0, 0.0, 0.0, 0.0, 0.0, 0.0, 0.0, 0.0, 0.0, 0.0, 0.0, 0.0, 0.0, 0.0, 0.0, 0.0, 0.0, 0.0, 0.0, 0.0, 0.0, 0.0, 0.0, 0.0, 0.0, 0.0],