{"llama_1b_instruct": {"clustering": [0.08414581179029734, 0.08385060731246637, 0.08402726026533594, 0.08394378931638666, 0.08380384972102459, 0.08319174662689688, 0.08201395084073113, 0.08085452624565997, 0.08010953022586108, 0.0793704627789704, 0.07927588690539186, 0.07807088533820682, 0.07590511297139656, 0.07488417360717746, 0.07393256965488616, 0.07313463426129521, 0.07276000653433196, 0.0724854017062598, 0.07213693083883617, 0.0719415153315811, 0.07138392053285453, 0.07119509330787877, 0.07068927185996741, 0.07001713414745224, 0.06942871120332422, 0.06869683939732343, 0.06760838690651724, 0.06748200318980876, 0.0672300690389357, 0.06708826481478283, 0.06649239401582184, 0.06613093036632964, 0.06588364954118892, 0.06563792446638327, 0.0654692061956686, 0.06511596478325615, 0.0646131982646788, 0.06406354507779212, 0.063584494635955, 0.06320881772468988, 0.06298240860071096, 0.06281948986517465, 0.06277142604022562, 0.06253497813694067, 0.06213877805135745, 0.0620432506386125, 0.06199230800233991, 0.06143135245598392, 0.061114052858765394, 0.059507066717611995], "average_shortest_path_length": [Infinity, Infinity, Infinity, Infinity, Infinity, Infinity, Infinity, Infinity, Infinity, Infinity, Infinity, Infinity, Infinity, Infinity, Infinity, Infinity, Infinity, Infinity, Infinity, Infinity, Infinity, Infinity, Infinity, Infinity, Infinity, Infinity, Infinity, Infinity, Infinity, Infinity, Infinity, Infinity, Infinity, Infinity, Infinity, Infinity, Infinity, Infinity, Infinity, Infinity, Infinity, Infinity, Infinity, Infinity, Infinity, Infinity, Infinity, Infinity, Infinity, Infinity], "average_degree": [4.2, 4.25, 4.235294117647059, 4.277777777777778, 4.315789473684211, 4.35, 4.333333333333333, 4.318181818181818, 4.3478260869565215, 4.375, 4.36, 4.384615384615385, 4.407407407407407, 4.428571428571429, 4.448275862068965, 4.466666666666667, 4.483870967741935, 4.5, 4.515151515151516, 4.529411764705882, 4.514285714285714, 4.5, 4.513513513513513, 4.526315789473684, 4.538461538461538, 4.525, 4.536585365853658, 4.5476190476190474, 4.558139534883721, 4.568181818181818, 4.5777777777777775, 4.586956521739131, 4.595744680851064, 4.583333333333333, 4.571428571428571, 4.58, 4.588235294117647, 4.576923076923077, 4.566037735849057, 4.574074074074074, 4.581818181818182, 4.589285714285714, 4.5964912280701755, 4.603448275862069, 4.610169491525424, 4.6, 4.60655737704918, 4.612903225806452, 4.603174603174603, 4.59375], "connectivity": [4.0, 4.0, 6.0, 7.0, 8.0, 9.0, 9.0, 9.0, 10.0, 12.0, 14.0, 14.0, 13.0, 14.0, 15.0, 16.0, 19.0, 20.0, 21.0, 22.0, 23.0, 24.0, 25.0, 26.0, 27.0, 27.0, 27.0, 28.0, 29.0, 30.0, 33.0, 34.0, 35.0, 36.0, 37.0, 38.0, 38.0, 39.0, 40.0, 41.0, 44.0, 45.0, 46.0, 45.0, 47.0, 48.0, 49.0, 49.0, 50.0, 53.0], "sparseness": [0.3, 0.2833333333333333, 0.2647058823529412, 0.25163398692810457, 0.23976608187134502, 0.22894736842105262, 0.21666666666666667, 0.20562770562770563, 0.1976284584980237, 0.19021739130434784, 0.18166666666666667, 0.1753846153846154, 0.16951566951566951, 0.164021164021164, 0.15886699507389163, 0.15402298850574714, 0.14946236559139786, 0.14516129032258066, 0.14109848484848486, 0.13725490196078433, 0.13277310924369748, 0.12857142857142856, 0.12537537537537538, 0.12233285917496443, 0.1194331983805668, 0.11602564102564103, 0.11341463414634147, 0.11091753774680604, 0.10852713178294573, 0.1062367864693446, 0.10404040404040404, 0.10193236714975845, 0.09990749306197964, 0.0975177304964539, 0.09523809523809523, 0.09346938775510204, 0.09176470588235294, 0.08974358974358974, 0.08780841799709724, 0.08630328441649196, 0.08484848484848485, 0.08344155844155844, 0.08208020050125313, 0.08076225045372051, 0.07948568088836938, 0.07796610169491526, 0.076775956284153, 0.07562136435748282, 0.0742447516641065, 0.07291666666666667], "hubs": [3.0, 3.0, 3.0, 3.0, 3.0, 3.0, 3.0, 3.0, 3.0, 3.0, 3.0, 4.0, 3.0, 3.0, 3.0, 3.0, 4.0, 4.0, 4.0, 4.0, 4.0, 4.0, 4.0, 4.0, 4.0, 4.0, 5.0, 5.0, 5.0, 5.0, 5.0, 5.0, 5.0, 5.0, 5.0, 5.0, 6.0, 6.0, 6.0, 6.0, 6.0, 6.0, 6.0, 6.0, 6.0, 6.0, 7.0, 7.0, 7.0, 7.0], "clusters": [2.0, 2.0, 2.0, 2.0, 3.0, 3.0, 3.0, 3.0, 3.0, 3.0, 3.0, 3.0, 3.0, 3.0, 3.0, 3.0, 3.0, 3.0, 3.0, 3.0, 3.0, 3.0, 3.0, 3.0, 3.0, 3.0, 3.0, 3.0, 3.0, 3.0, 3.0, 3.0, 3.0, 3.0, 3.0, 3.0, 3.0, 3.0, 4.0, 3.0, 4.0, 3.0, 3.0, 3.0, 3.0, 4.0, 4.0, 3.0, 3.0, 4.0], "communities": [2.0, 2.0, 2.0, 2.0, 3.0, 3.0, 3.0, 3.0, 3.0, 3.0, 3.0, 3.0, 3.0, 3.0, 3.0, 3.0, 3.0, 3.0, 3.0, 3.0, 3.0, 3.0, 3.0, 3.0, 3.0, 3.0, 3.0, 3.0, 3.0, 3.0, 3.0, 3.0, 3.0, 3.0, 3.0, 3.0, 3.0, 3.0, 4.0, 3.0, 4.0, 3.0, 3.0, 3.0, 3.0, 4.0, 4.0, 3.0, 3.0, 4.0], "fourier": [1.1391413443840177, 1.1188514571243802, 1.098202349335879, 1.086879444901208, 1.0749268562922503, 1.0613480314573471, 1.0385725436781839, 1.0157655260046417, 1.000202352501927, 0.984219668986919, 0.964395760379838, 0.9507077309193656, 0.9376405739695526, 0.9255896509404176, 0.912619618204657, 0.9030542162077039, 0.8975563173117648, 0.8909495547468986, 0.88242970920828, 0.8728594363888011, 0.8597741923953378, 0.8466603508733601, 0.8366761113856903, 0.8268009943418669, 0.8168687925933229, 0.8052849158382094, 0.7966705272251015, 0.7919847641222125, 0.7871800728969575, 0.7810108770900454, 0.7740651813753254, 0.7671481388805969, 0.7599368682068275, 0.7508947650854677, 0.7420311554135353, 0.7353355643940069, 0.7283854983937603, 0.7202870006289666, 0.7127265881095853, 0.706574814018563, 0.7036706205084292, 0.7005878765624018, 0.6963950153422496, 0.6915456946217076, 0.686201569987023, 0.6797989386194903, 0.6748473291893954, 0.6696024343727446, 0.6634054815278982, 0.6599131228282791], "commute_time_efficiency": [0.7761904761904762, 0.7625, 0.7426470588235294, 0.7320261437908496, 0.7222222222222222, 0.7131578947368421, 0.7047619047619048, 0.6948051948051948, 0.6877470355731226, 0.6811594202898551, 0.675, 0.6692307692307692, 0.6638176638176638, 0.6587301587301587, 0.6539408866995073, 0.6494252873563219, 0.6440860215053763, 0.6401209677419355, 0.6354166666666666, 0.6327985739750446, 0.6285714285714286, 0.6246031746031746, 0.6223723723723724, 0.6194879089615932, 0.6167341430499326, 0.6134615384615385, 0.6109756097560975, 0.6085946573751452, 0.606312292358804, 0.6035940803382663, 0.6015151515151516, 0.5995169082125604, 0.5975948196114709, 0.5953014184397163, 0.5935374149659864, 0.5918367346938775, 0.5901960784313726, 0.5882352941176471, 0.5863570391872278, 0.5849056603773585, 0.5831649831649832, 0.5818181818181818, 0.5805137844611529, 0.5792498487598307, 0.5777323202805377, 0.5765536723163842, 0.5756830601092896, 0.5745637228979376, 0.573220686123912, 0.5719246031746031], "pagerank": [0.31470211776376095, 0.30721444570385165, 0.3054958526480903, 0.30254608363182806, 0.30007763422399913, 0.2973345028771864, 0.29471546583971425, 0.29172591933217396, 0.2879292247768832, 0.28463113778988114, 0.2822894295985981, 0.2800085047021401, 0.27829153408222757, 0.27666817949728456, 0.2750448163682865, 0.2738280009708098, 0.2732302882717802, 0.27260186917732476, 0.27191586391839595, 0.27078995465606626, 0.2699420597592918, 0.2694169157302444, 0.26795971554813713, 0.26694587998764346, 0.26586501943180496, 0.26496381979735756, 0.2641598900462057, 0.2639054098154661, 0.2636337568122406, 0.2636089408413645, 0.26266740486522494, 0.2620711000017642, 0.2614596309401332, 0.26100648526737696, 0.26073890759269236, 0.260209529094402, 0.25957717296199745, 0.25897536702171214, 0.258522967093588, 0.2579734149288302, 0.2578917763575998, 0.25778021920406885, 0.25762584099984137, 0.2572308963786856, 0.2568344542784036, 0.25668082873798875, 0.25632785861709795, 0.2559345086244501, 0.2555831943168955, 0.25772086106170894], "eigenvector_centrality": [0.0, 0.0, 0.0, 0.0, 0.0, 0.0, 0.0, 0.0, 0.0, 0.0, 0.0, 0.0, 0.0, 0.0, 0.0, 0.0, 0.0, 0.0, 0.0, 0.0, 0.0, 0.0, 0.0, 0.0, 0.0, 0.0, 0.0, 0.0, 0.0, 0.0, 0.0, 0.0, 0.0, 0.0, 0.0, 0.0, 0.0, 0.0, 0.0, 0.0, 0.0, 0.0, 0.0, 0.0, 0.0, 0.0, 0.0, 0.0, 0.0, 0.0],