{"llama_1b_instruct": {"clustering": [0.12381614572282906, 0.11620215948926987, 0.10894664223322913, 0.10256730957946175, 0.0969110763763943, 0.09185915955636115, 0.08748491386320109, 0.08350832686941922, 0.07987753004900969, 0.07654929963030095, 0.07348732764508892, 0.07066089196643165, 0.06804382189360085, 0.06561368539740083, 0.06335114452162838, 0.06123943970424076, 0.05926397390732977, 0.05741197472272572, 0.05567221791294615, 0.054034799739035966, 0.05249094831792066, 0.051032866420200634, 0.04965359976019521, 0.04834692608229534, 0.04710726131095443, 0.045929579778180574, 0.04480934612505422, 0.043742456931600546, 0.042725190491330764, 0.04175416343470961, 0.04082629313616051, 0.039938765024504844, 0.03908900406653666, 0.038274649815150476, 0.03749353451280047, 0.03674366382254446, 0.03602319982602398, 0.03533044598321582, 0.034663833794853265, 0.034021910946800425, 0.03340333074776769, 0.03280684269870041, 0.03223128405486356, 0.03167557226081419, 0.031138698154698694, 0.03061971985212038, 0.03011775723159382, 0.029631986953664886, 0.029161637954400365, 0.028500439154906458], "average_shortest_path_length": [Infinity, Infinity, Infinity, Infinity, Infinity, Infinity, Infinity, Infinity, Infinity, Infinity, Infinity, Infinity, Infinity, Infinity, Infinity, Infinity, Infinity, Infinity, Infinity, Infinity, Infinity, Infinity, Infinity, Infinity, Infinity, Infinity, Infinity, Infinity, Infinity, Infinity, Infinity, Infinity, Infinity, Infinity, Infinity, Infinity, Infinity, Infinity, Infinity, Infinity, Infinity, Infinity, Infinity, Infinity, Infinity, Infinity, Infinity, Infinity, Infinity, Infinity], "average_degree": [2.8666666666666667, 2.8125, 2.7058823529411766, 2.611111111111111, 2.526315789473684, 2.45, 2.3333333333333335, 2.227272727272727, 2.130434782608696, 2.0416666666666665, 1.96, 1.8846153846153846, 1.8148148148148149, 1.75, 1.6896551724137931, 1.6333333333333333, 1.5806451612903225, 1.53125, 1.4848484848484849, 1.4411764705882353, 1.4, 1.3611111111111112, 1.3243243243243243, 1.2894736842105263, 1.2564102564102564, 1.225, 1.1951219512195121, 1.1666666666666667, 1.1395348837209303, 1.1136363636363635, 1.0888888888888888, 1.065217391304348, 1.0425531914893618, 1.0208333333333333, 1.0, 0.98, 0.9607843137254902, 0.9423076923076923, 0.9245283018867925, 0.9074074074074074, 0.8909090909090909, 0.875, 0.8596491228070176, 0.8448275862068966, 0.8305084745762712, 0.8166666666666667, 0.8032786885245902, 0.7903225806451613, 0.7777777777777778, 0.765625], "connectivity": [15.0, 16.0, 17.0, 18.0, 19.0, 20.0, 21.0, 22.0, 23.0, 24.0, 25.0, 26.0, 27.0, 28.0, 29.0, 30.0, 31.0, 32.0, 33.0, 34.0, 35.0, 36.0, 37.0, 38.0, 39.0, 40.0, 41.0, 42.0, 43.0, 44.0, 45.0, 46.0, 47.0, 48.0, 49.0, 50.0, 51.0, 52.0, 53.0, 54.0, 55.0, 56.0, 57.0, 58.0, 59.0, 60.0, 61.0, 62.0, 63.0, 64.0], "sparseness": [0.20476190476190476, 0.1875, 0.16911764705882354, 0.15359477124183007, 0.14035087719298245, 0.12894736842105264, 0.11666666666666667, 0.10606060606060606, 0.09683794466403162, 0.08876811594202899, 0.08166666666666667, 0.07538461538461538, 0.0698005698005698, 0.06481481481481481, 0.0603448275862069, 0.05632183908045977, 0.05268817204301075, 0.04939516129032258, 0.04640151515151515, 0.04367201426024955, 0.041176470588235294, 0.03888888888888889, 0.03678678678678678, 0.03485064011379801, 0.033063427800269905, 0.03141025641025641, 0.029878048780487804, 0.028455284552845527, 0.027131782945736434, 0.025898520084566595, 0.024747474747474747, 0.023671497584541065, 0.022664199814986123, 0.02171985815602837, 0.020833333333333332, 0.02, 0.019215686274509803, 0.01847662141779789, 0.017779390420899856, 0.017120894479385047, 0.016498316498316498, 0.015909090909090907, 0.015350877192982455, 0.014821536600120993, 0.014319111630625365, 0.01384180790960452, 0.013387978142076503, 0.012956107879428873, 0.012544802867383513, 0.012152777777777778], "hubs": [2.0, 2.0, 2.0, 2.0, 2.0, 2.0, 3.0, 3.0, 3.0, 3.0, 3.0, 3.0, 3.0, 3.0, 3.0, 3.0, 5.0, 5.0, 5.0, 5.0, 5.0, 5.0, 5.0, 5.0, 5.0, 5.0, 5.0, 5.0, 5.0, 5.0, 5.0, 5.0, 5.0, 5.0, 5.0, 5.0, 6.0, 6.0, 6.0, 6.0, 6.0, 6.0, 6.0, 6.0, 6.0, 6.0, 8.0, 8.0, 8.0, 8.0], "clusters": [2.0, 2.0, 2.0, 2.0, 2.0, 2.0, 3.0, 4.0, 5.0, 6.0, 7.0, 8.0, 9.0, 10.0, 11.0, 12.0, 13.0, 14.0, 15.0, 16.0, 17.0, 18.0, 19.0, 20.0, 21.0, 22.0, 23.0, 24.0, 25.0, 26.0, 27.0, 28.0, 29.0, 30.0, 31.0, 32.0, 33.0, 34.0, 35.0, 36.0, 37.0, 38.0, 39.0, 40.0, 41.0, 42.0, 43.0, 44.0, 45.0, 45.0], "communities": [2.0, 2.0, 2.0, 2.0, 2.0, 2.0, 3.0, 4.0, 5.0, 6.0, 7.0, 8.0, 9.0, 10.0, 11.0, 12.0, 13.0, 14.0, 15.0, 16.0, 17.0, 18.0, 19.0, 20.0, 21.0, 22.0, 23.0, 24.0, 25.0, 26.0, 27.0, 28.0, 29.0, 30.0, 31.0, 32.0, 33.0, 34.0, 35.0, 36.0, 37.0, 38.0, 39.0, 40.0, 41.0, 42.0, 43.0, 44.0, 45.0, 45.0], "fourier": [1.0267366214595937, 0.9835976755235765, 0.9418003037023304, 0.9031168843510906, 0.8683110602496033, 0.8350942605584752, 0.7953278671985478, 0.7591766005077047, 0.726168922224761, 0.6959118837987291, 0.66807540844678, 0.6423802004295962, 0.618588341154426, 0.5964959003989108, 0.5759270762472242, 0.5567295070389834, 0.5387704906828871, 0.5219339128490469, 0.506117733671803, 0.49123191797557353, 0.4771967203191286, 0.46394125586581947, 0.4514023030045811, 0.4395232950307763, 0.4282534669530641, 0.4175471302792375, 0.40736305393096345, 0.3976639335992738, 0.3884159351434768, 0.37958830025385226, 0.37115300469265555, 0.36308446111238046, 0.355359259812117, 0.3479559418993646, 0.340854800227949, 0.33403770422339, 0.327487945317049, 0.3211901002147981, 0.31512990964470755, 0.309294170577213, 0.3036706402030818, 0.2982479501994554, 0.29301553002051756, 0.2879635381236121, 0.2830828001893136, 0.2783647535194917, 0.273801396904418, 0.26938524534144354, 0.26510928906618253, 0.2629746062972549], "commute_time_efficiency": [0.7047619047619048, 0.6875, 0.6691176470588235, 0.6535947712418301, 0.6403508771929824, 0.6289473684210526, 0.569047619047619, 0.5173160173160173, 0.4723320158102767, 0.4329710144927536, 0.3983333333333333, 0.3676923076923077, 0.34045584045584043, 0.31613756613756616, 0.29433497536945813, 0.2747126436781609, 0.256989247311828, 0.24092741935483872, 0.22632575757575757, 0.21301247771836007, 0.2008403361344538, 0.18968253968253967, 0.17942942942942944, 0.16998577524893316, 0.1612685560053981, 0.15320512820512822, 0.14573170731707316, 0.13879210220673635, 0.13233665559246954, 0.1263213530655391, 0.12070707070707071, 0.11545893719806763, 0.11054579093432007, 0.10593971631205673, 0.1016156462585034, 0.09755102040816327, 0.09372549019607843, 0.09012066365007541, 0.0867198838896952, 0.08350803633822501, 0.08047138047138047, 0.0775974025974026, 0.07487468671679198, 0.07229280096793708, 0.06984219754529515, 0.06751412429378531, 0.06530054644808743, 0.06319407720782655, 0.061187916026625704, 0.0642361111111111], "pagerank": [0.3298207035892189, 0.33290966178888887, 0.33894082389991337, 0.34442544432044747, 0.3494355000374048, 0.35402036691970584, 0.34621835697498865, 0.33875002031295215, 0.33159269892480986, 0.32473849016169626, 0.3181550483752688, 0.31183768390676886, 0.3057673300329696, 0.2999235435508969, 0.29430307704429226, 0.28889284298578427, 0.2836730680315451, 0.2786389290615257, 0.2737805569199059, 0.26908882324214706, 0.2645552514856944, 0.2601719480389924, 0.25593154626611714, 0.25182715940018335, 0.24785233985732358, 0.24400104346409182, 0.24026759761579705, 0.23664667269096992, 0.23313325623384437, 0.2297226295344522, 0.22641034631346874, 0.22319221327241423, 0.2200642723084196, 0.2170227842219022, 0.21406421376828838, 0.2111852159233882, 0.20838262324729556, 0.20565343424464624, 0.2029948026301311, 0.20040402741779825, 0.19787854376106523, 0.19541591447777723, 0.19301382220116153, 0.19067006210332754, 0.18838253514311762, 0.1861492417946978, 0.18396827621739079, 0.1818341697726128, 0.17975236029751587, 0.18658160825112924],