{"llama_1b_instruct": {"clustering": [0.0, 0.0, 0.0, 0.0, 0.0, 0.0, 0.0, 0.0, 0.0, 0.0, 0.0, 0.0, 0.0, 0.0, 0.0, 0.0, 0.0, 0.0, 0.0, 0.0, 0.0, 0.0, 0.0, 0.0, 0.0, 0.0, 0.0, 0.0, 0.0, 0.0, 0.0, 0.0, 0.0, 0.0, 0.0, 0.0, 0.0, 0.0, 0.0, 0.0, 0.0, 0.0, 0.0, 0.0, 0.0, 0.0, 0.0, 0.0, 0.0, 0.0], "average_shortest_path_length": [Infinity, Infinity, Infinity, Infinity, Infinity, Infinity, Infinity, Infinity, Infinity, Infinity, Infinity, Infinity, Infinity, Infinity, Infinity, Infinity, Infinity, Infinity, Infinity, Infinity, Infinity, Infinity, Infinity, Infinity, Infinity, Infinity, Infinity, Infinity, Infinity, Infinity, Infinity, Infinity, Infinity, Infinity, Infinity, Infinity, Infinity, Infinity, Infinity, Infinity, Infinity, Infinity, Infinity, Infinity, Infinity, Infinity, Infinity, Infinity, Infinity, Infinity], "average_degree": [0.06666666666666667, 0.0625, 0.058823529411764705, 0.05555555555555555, 0.05263157894736842, 0.05, 0.047619047619047616, 0.045454545454545456, 0.043478260869565216, 0.041666666666666664, 0.04, 0.038461538461538464, 0.037037037037037035, 0.03571428571428571, 0.034482758620689655, 0.03333333333333333, 0.03225806451612903, 0.03125, 0.030303030303030304, 0.029411764705882353, 0.02857142857142857, 0.027777777777777776, 0.02702702702702703, 0.02631578947368421, 0.02564102564102564, 0.025, 0.024390243902439025, 0.023809523809523808, 0.023255813953488372, 0.022727272727272728, 0.022222222222222223, 0.021739130434782608, 0.02127659574468085, 0.020833333333333332, 0.02040816326530612, 0.02, 0.0196078431372549, 0.019230769230769232, 0.018867924528301886, 0.018518518518518517, 0.01818181818181818, 0.017857142857142856, 0.017543859649122806, 0.017241379310344827, 0.01694915254237288, 0.016666666666666666, 0.01639344262295082, 0.016129032258064516, 0.015873015873015872, 0.015625], "connectivity": [15.0, 16.0, 17.0, 18.0, 19.0, 20.0, 21.0, 22.0, 23.0, 24.0, 25.0, 26.0, 27.0, 28.0, 29.0, 30.0, 31.0, 32.0, 33.0, 34.0, 35.0, 36.0, 37.0, 38.0, 39.0, 40.0, 41.0, 42.0, 43.0, 44.0, 45.0, 46.0, 47.0, 48.0, 49.0, 50.0, 51.0, 52.0, 53.0, 54.0, 55.0, 56.0, 57.0, 58.0, 59.0, 60.0, 61.0, 62.0, 63.0, 64.0], "sparseness": [0.004761904761904762, 0.004166666666666667, 0.003676470588235294, 0.0032679738562091504, 0.0029239766081871343, 0.002631578947368421, 0.002380952380952381, 0.0021645021645021645, 0.001976284584980237, 0.0018115942028985507, 0.0016666666666666668, 0.0015384615384615385, 0.0014245014245014246, 0.0013227513227513227, 0.0012315270935960591, 0.0011494252873563218, 0.001075268817204301, 0.0010080645161290322, 0.000946969696969697, 0.00089126559714795, 0.0008403361344537816, 0.0007936507936507937, 0.0007507507507507507, 0.0007112375533428165, 0.0006747638326585695, 0.000641025641025641, 0.0006097560975609756, 0.0005807200929152149, 0.0005537098560354374, 0.0005285412262156448, 0.000505050505050505, 0.0004830917874396135, 0.00046253469010175765, 0.0004432624113475177, 0.00042517006802721087, 0.00040816326530612246, 0.000392156862745098, 0.0003770739064856712, 0.000362844702467344, 0.00034940600978336826, 0.0003367003367003367, 0.0003246753246753247, 0.0003132832080200501, 0.00030248033877797946, 0.0002922267679719462, 0.0002824858757062147, 0.000273224043715847, 0.00026441036488630354, 0.0002560163850486431, 0.000248015873015873], "hubs": [2.0, 2.0, 2.0, 2.0, 2.0, 2.0, 21.0, 22.0, 23.0, 24.0, 25.0, 26.0, 27.0, 28.0, 29.0, 30.0, 31.0, 32.0, 33.0, 34.0, 35.0, 36.0, 37.0, 38.0, 39.0, 40.0, 41.0, 42.0, 43.0, 44.0, 45.0, 46.0, 47.0, 48.0, 49.0, 50.0, 51.0, 52.0, 53.0, 54.0, 55.0, 56.0, 57.0, 58.0, 59.0, 60.0, 61.0, 62.0, 63.0, 64.0], "clusters": [14.0, 15.0, 16.0, 17.0, 18.0, 19.0, 20.0, 21.0, 22.0, 23.0, 24.0, 25.0, 26.0, 27.0, 28.0, 29.0, 30.0, 31.0, 32.0, 33.0, 34.0, 35.0, 36.0, 37.0, 38.0, 39.0, 40.0, 41.0, 42.0, 43.0, 44.0, 45.0, 46.0, 47.0, 48.0, 49.0, 50.0, 51.0, 52.0, 53.0, 54.0, 55.0, 56.0, 57.0, 58.0, 59.0, 60.0, 61.0, 62.0, 63.0], "communities": [14.0, 15.0, 16.0, 17.0, 18.0, 19.0, 20.0, 21.0, 22.0, 23.0, 24.0, 25.0, 26.0, 27.0, 28.0, 29.0, 30.0, 31.0, 32.0, 33.0, 34.0, 35.0, 36.0, 37.0, 38.0, 39.0, 40.0, 41.0, 42.0, 43.0, 44.0, 45.0, 46.0, 47.0, 48.0, 49.0, 50.0, 51.0, 52.0, 53.0, 54.0, 55.0, 56.0, 57.0, 58.0, 59.0, 60.0, 61.0, 62.0, 63.0], "fourier": [0.07667973736132172, 0.07098872342216297, 0.06681291616203575, 0.06310108748636709, 0.059779977618663556, 0.05679097873773038, 0.054086646416886076, 0.0516281624888458, 0.04938345977193946, 0.047325815614775314, 0.0454327829901843, 0.0436853682597926, 0.04206739165757806, 0.04056498481266456, 0.0391661922329175, 0.03786065249182025, 0.03663934112111637, 0.03549436171108149, 0.034418774992563864, 0.03340645808101787, 0.03245198785013165, 0.03155054374318354, 0.030697826344719126, 0.029889988809331778, 0.029123578839861733, 0.02839548936886519, 0.027702916457429453, 0.027043323208443038, 0.026414408715223433, 0.0258140812444229, 0.025240434994546836, 0.02469172988596973, 0.024166373930949097, 0.023662907807387657, 0.023179991321522604, 0.02271639149509215, 0.022270972054011913, 0.0218426841298963, 0.02143055801423788, 0.02103369582878903, 0.02065126499553832, 0.02028249240633228, 0.019926659206221185, 0.01958309611645875, 0.019251179233128943, 0.018930326245910126, 0.01861999302876406, 0.018319670560558186, 0.018028882138962025, 0.017967345210258792], "commute_time_efficiency": [0.009523809523809525, 0.008333333333333333, 0.007352941176470588, 0.006535947712418301, 0.005847953216374269, 0.005263157894736842, 0.004761904761904762, 0.004329004329004329, 0.003952569169960474, 0.0036231884057971015, 0.0033333333333333335, 0.003076923076923077, 0.002849002849002849, 0.0026455026455026454, 0.0024630541871921183, 0.0022988505747126436, 0.002150537634408602, 0.0020161290322580645, 0.001893939393939394, 0.0017825311942959, 0.0016806722689075631, 0.0015873015873015873, 0.0015015015015015015, 0.001422475106685633, 0.001349527665317139, 0.001282051282051282, 0.0012195121951219512, 0.0011614401858304297, 0.0011074197120708748, 0.0010570824524312897, 0.00101010101010101, 0.000966183574879227, 0.0009250693802035153, 0.0008865248226950354, 0.0008503401360544217, 0.0008163265306122449, 0.000784313725490196, 0.0007541478129713424, 0.000725689404934688, 0.0006988120195667365, 0.0006734006734006734, 0.0006493506493506494, 0.0006265664160401002, 0.0006049606775559589, 0.0005844535359438924, 0.0005649717514124294, 0.000546448087431694, 0.0005288207297726071, 0.0005120327700972862, 0.000496031746031746], "pagerank": [0.11671927214809324, 0.10979190817475318, 0.10364117647058822, 0.09814302430171873, 0.09319882994884283, 0.08872889043164066, 0.08466809277610911, 0.08096272175016574, 0.07756807058177287, 0.07444662850540856, 0.07156668895744, 0.06890126876666054, 0.06642726017999134, 0.06412475923415752, 0.06197652912203991, 0.059967567924639906, 0.058084757772331436, 0.056316578084416674, 0.05465286963644394, 0.05308501838235294, 0.051604235068721346, 0.05020382300180522, 0.04887741154575295, 0.0476192860441717, 0.04642430550422509, 0.04528783237304694, 0.04420567238347474, 0.043174022823887666, 0.04218942788714524, 0.04124873999358602, 0.04034908617588787, 0.03948783876938151, 0.03866258977789737, 0.03787112838839307, 0.037111421192162555, 0.03638159474, 0.035679920116194655, 0.035004799263938347, 0.034354752834459684, 0.03372840936540931, 0.03312449562188374, 0.03254182795691824, 0.03197930456808413, 0.031435898543595145, 0.03091065160557647, 0.030402668470293263, 0.029911111755508434, 0.029435197374030955, 0.028974190360148776, 0.028527401082217727], "eigenvector_centrality": [0.0, 0.0, 0.0, 0.0, 0.0, 0.0, 0.0, 0.0, 0.0, 0.0, 0.0, 0.0, 0.0, 0.0, 0.0, 0.0, 0.0, 0.0, 0.0, 0.0, 0.0, 0.0, 0.0, 0.0, 0.0, 0.0, 0.0, 0.0, 0.0, 0.0, 0.0, 0.0, 0.0, 0.0, 0.0, 0.0, 0.0, 0.0, 0.0, 0.0, 0.0, 0.0, 0.0, 0.0, 0.0, 0.0, 0.0, 0.0, 0.0, 0.0],