{"llama_1b_instruct": {"clustering": [0.04198901930317479, 0.0431519355013539, 0.04344741718243871, 0.04324784137006989, 0.04493631968713294, 0.0452918890238589, 0.04541011332714874, 0.045371895109436594, 0.04554377993722205, 0.045987064347482946, 0.04665173193137652, 0.045915761998551026, 0.045867774766933996, 0.0455560855334199, 0.045431487531241585, 0.045651497604222574, 0.04537794964336293, 0.04508305883486614, 0.044953277644862004, 0.044946342619377064, 0.04483381229621977, 0.04463324164508838, 0.044921265343565664, 0.04470649019855041, 0.044385228409068035, 0.04401366979088257, 0.043975557729425074, 0.04410785633473824, 0.043968590116886794, 0.0437705101438569, 0.0437174007636383, 0.043430781142262884, 0.04330448630621419, 0.04308273415067949, 0.04287369318902472, 0.04247494397104578, 0.0421261622647161, 0.041960510156855965, 0.04191262215847946, 0.04183918011622865, 0.041871369506558606, 0.041872491841613305, 0.04184360970340079, 0.04159524780993944, 0.04155517465056099, 0.0414773537288857, 0.04134751899082851, 0.041206351190671925, 0.04109015736093359, 0.039564456499945694], "average_shortest_path_length": [0.05701096785930778, 0.059687087104724805, 0.06045219231236141, 0.06233583067803177, Infinity, Infinity, Infinity, Infinity, Infinity, Infinity, Infinity, Infinity, Infinity, Infinity, Infinity, Infinity, Infinity, Infinity, Infinity, Infinity, Infinity, Infinity, Infinity, Infinity, Infinity, Infinity, Infinity, Infinity, Infinity, Infinity, Infinity, Infinity, Infinity, Infinity, Infinity, Infinity, Infinity, Infinity, Infinity, Infinity, Infinity, Infinity, Infinity, Infinity, Infinity, Infinity, Infinity, Infinity, Infinity, Infinity], "average_degree": [9.066666666666666, 9.0625, 9.058823529411764, 9.055555555555555, 9.105263157894736, 9.1, 9.095238095238095, 9.090909090909092, 9.130434782608695, 9.125, 9.12, 9.153846153846153, 9.185185185185185, 9.214285714285714, 9.206896551724139, 9.233333333333333, 9.258064516129032, 9.28125, 9.303030303030303, 9.323529411764707, 9.314285714285715, 9.305555555555555, 9.324324324324325, 9.31578947368421, 9.307692307692308, 9.3, 9.317073170731707, 9.333333333333334, 9.348837209302326, 9.363636363636363, 9.377777777777778, 9.369565217391305, 9.361702127659575, 9.354166666666666, 9.346938775510203, 9.36, 9.352941176470589, 9.346153846153847, 9.339622641509434, 9.351851851851851, 9.363636363636363, 9.375, 9.385964912280702, 9.39655172413793, 9.389830508474576, 9.383333333333333, 9.39344262295082, 9.387096774193548, 9.380952380952381, 9.375], "connectivity": [1.0, 1.0, 1.0, 1.0, 2.0, 2.0, 2.0, 2.0, 3.0, 3.0, 4.0, 4.0, 5.0, 6.0, 7.0, 8.0, 8.0, 8.0, 8.0, 9.0, 10.0, 11.0, 14.0, 16.0, 16.0, 17.0, 18.0, 19.0, 20.0, 21.0, 21.0, 21.0, 22.0, 21.0, 22.0, 22.0, 25.0, 26.0, 27.0, 28.0, 30.0, 30.0, 30.0, 30.0, 31.0, 32.0, 32.0, 34.0, 35.0, 41.0], "sparseness": [0.6476190476190476, 0.6041666666666666, 0.5661764705882353, 0.5326797385620915, 0.5058479532163743, 0.4789473684210526, 0.45476190476190476, 0.4329004329004329, 0.4150197628458498, 0.3967391304347826, 0.38, 0.36615384615384616, 0.35327635327635326, 0.3412698412698413, 0.3288177339901478, 0.31839080459770114, 0.3086021505376344, 0.29939516129032256, 0.29071969696969696, 0.2825311942959002, 0.2739495798319328, 0.26587301587301587, 0.25900900900900903, 0.25177809388335703, 0.24493927125506074, 0.23846153846153847, 0.2329268292682927, 0.22764227642276422, 0.22259136212624583, 0.21775898520084566, 0.21313131313131314, 0.20821256038647343, 0.20351526364477335, 0.19902482269503546, 0.19472789115646258, 0.1910204081632653, 0.18705882352941178, 0.1832579185520362, 0.17960812772133528, 0.176450034940601, 0.1734006734006734, 0.17045454545454544, 0.16760651629072681, 0.1648517846339988, 0.16189362945645822, 0.15903954802259887, 0.15655737704918032, 0.15388683236382866, 0.15130568356374807, 0.1488095238095238], "hubs": [2.0, 3.0, 2.0, 2.0, 2.0, 2.0, 3.0, 3.0, 3.0, 3.0, 3.0, 4.0, 3.0, 3.0, 3.0, 3.0, 4.0, 4.0, 4.0, 4.0, 4.0, 4.0, 4.0, 4.0, 4.0, 4.0, 5.0, 5.0, 5.0, 5.0, 5.0, 5.0, 5.0, 5.0, 5.0, 5.0, 6.0, 6.0, 6.0, 6.0, 6.0, 6.0, 6.0, 6.0, 6.0, 6.0, 7.0, 7.0, 7.0, 7.0], "clusters": [2.0, 2.0, 2.0, 3.0, 3.0, 3.0, 3.0, 3.0, 3.0, 3.0, 3.0, 3.0, 3.0, 3.0, 3.0, 3.0, 3.0, 3.0, 3.0, 4.0, 3.0, 3.0, 3.0, 3.0, 3.0, 4.0, 3.0, 3.0, 3.0, 3.0, 3.0, 3.0, 3.0, 3.0, 3.0, 3.0, 3.0, 3.0, 3.0, 3.0, 3.0, 3.0, 3.0, 3.0, 3.0, 3.0, 3.0, 3.0, 3.0, 3.0], "communities": [2.0, 2.0, 2.0, 3.0, 3.0, 3.0, 3.0, 3.0, 3.0, 3.0, 3.0, 3.0, 3.0, 3.0, 3.0, 3.0, 3.0, 3.0, 3.0, 4.0, 3.0, 3.0, 3.0, 3.0, 3.0, 4.0, 3.0, 3.0, 3.0, 3.0, 3.0, 3.0, 3.0, 3.0, 3.0, 3.0, 3.0, 3.0, 3.0, 3.0, 3.0, 3.0, 3.0, 3.0, 3.0, 3.0, 3.0, 3.0, 3.0, 3.0], "fourier": [1.4992601114118074, 1.4932816681211276, 1.4847103705075615, 1.4764960637162514, 1.4733910696145778, 1.4627014827283626, 1.4463671701302363, 1.4288410306466233, 1.4169048913657247, 1.3998813022877103, 1.3825896425329853, 1.3713743463972092, 1.3601447781151685, 1.3490350845481605, 1.3331956670742542, 1.3243295633971381, 1.3195109354683603, 1.3131408685164807, 1.3045890949290893, 1.2941239444855979, 1.2798658099677152, 1.265306136886104, 1.2536548942303405, 1.2401873684770395, 1.226531088955602, 1.2130101814518333, 1.2024505520763131, 1.1967179605599891, 1.191036023121302, 1.1837031763175052, 1.1751088826191496, 1.1650077600082995, 1.15447748229025, 1.1435364589378245, 1.1326441977491137, 1.124116525575243, 1.1139273730430006, 1.1035730561110777, 1.0940522540750777, 1.0857268005279046, 1.081877944421738, 1.0778936773752554, 1.0726211212274184, 1.0663315621893152, 1.05839579237097, 1.0502689808032966, 1.0436999206043676, 1.0358617400481547, 1.0278410031457736, 1.0194491497359883], "commute_time_efficiency": [0.9571428571428572, 0.9458333333333333, 0.9338235294117647, 0.9215686274509803, 0.9035087719298246, 0.8868421052631579, 0.8738095238095238, 0.8614718614718615, 0.8557312252964426, 0.8460144927536232, 0.8366666666666667, 0.8292307692307692, 0.8190883190883191, 0.8095238095238095, 0.8004926108374384, 0.7919540229885057, 0.7827956989247312, 0.7731854838709677, 0.7642045454545454, 0.7566844919786097, 0.7495798319327731, 0.7436507936507937, 0.7387387387387387, 0.7332859174964438, 0.728744939271255, 0.7243589743589743, 0.7201219512195122, 0.7154471544715447, 0.7104097452934662, 0.7066596194503171, 0.7025252525252526, 0.6980676328502415, 0.6938020351526365, 0.6901595744680851, 0.6857993197278912, 0.6816326530612244, 0.6780392156862745, 0.6753393665158371, 0.6723512336719883, 0.6694619147449337, 0.665993265993266, 0.662987012987013, 0.6604010025062657, 0.6575922565033273, 0.6548801870251315, 0.6522598870056497, 0.65, 0.6475409836065574, 0.6454173067076293, 0.6433531746031746], "pagerank": [0.29560992738802794, 0.28776861174086127, 0.28452575575646666, 0.28134064960389216, 0.2782017984852151, 0.2753596494180326, 0.27223567405541116, 0.2686225391463947, 0.2644156047775241, 0.2612739427422047, 0.25846601410996434, 0.2558024734872856, 0.25346573553944507, 0.25142342997244116, 0.24952881654134548, 0.24831337584226632, 0.2475457613570022, 0.24676281534553682, 0.24571519105927583, 0.2446540874479132, 0.2434762658080025, 0.24199763387755852, 0.24095035423605382, 0.2398029193907453, 0.23835545132973587, 0.2369693184135276, 0.23601819785620165, 0.2355853821394056, 0.23514743286538461, 0.23419714410088438, 0.2336679414647547, 0.23308221353089162, 0.23248532699944466, 0.23159731501468372, 0.2309308081647886, 0.23027204616291172, 0.22960651242583072, 0.2286449013939123, 0.22805944941422326, 0.22746213629993622, 0.22735972618845904, 0.22716884249767016, 0.22675188227788218, 0.22631506000493984, 0.22594090437679434, 0.22558981777082526, 0.22518944753183331, 0.2247694618661154, 0.2241661444622473, 0.22465100582663064],