{"llama_1b_instruct": {"clustering": [0.009941692157291508, 0.009941126729847928, 0.009959847413608242], "average_shortest_path_length": [Infinity, Infinity, Infinity], "average_degree": [19.0, 19.0, 19.0], "connectivity": [4.0, 5.0, 5.0], "sparseness": [0.4318181818181818, 0.4222222222222222, 0.41304347826086957], "hubs": [6.0, 7.0, 7.0], "clusters": [1.0, 2.0, 2.0], "communities": [1.0, 2.0, 2.0], "fourier": [1.8124546021003836, 1.8099443027825772, 1.8075743240666222], "commute_time_efficiency": [0.8601010101010101, 0.8545893719806763, 0.8482886216466234], "pagerank": [0.4026952229507114, 0.4027012034894706, 0.402372705312075], "eigenvector_centrality": [0.0, 0.0, 0.0], "cycle_count": [669.0, 689.0, 707.0]}, "llama_8b_instruct": {"clustering": [0.004354010036201279, 0.004393956322824565, 0.004443733685498956], "average_shortest_path_length": [Infinity, Infinity, Infinity], "average_degree": [19.044444444444444, 19.043478260869566, 19.06382978723404], "connectivity": [6.0, 7.0, 8.0], "sparseness": [0.43282828282828284, 0.42318840579710143, 0.4144310823311748], "hubs": [5.0, 5.0, 5.0], "clusters": [1.0, 1.0, 1.0], "communities": [1.0, 1.0, 1.0], "fourier": [1.9436041071687258, 1.9438105228386109, 1.944249621283742], "commute_time_efficiency": [0.8404040404040404, 0.8352657004830918, 0.8293246993524515], "pagerank": [0.4556752971763225, 0.45546476616096543, 0.4552411780447992], "eigenvector_centrality": [0.0, 0.0, 0.0], "cycle_count": [630.0, 649.0, 666.0]}}