{"mistral_8b_instruct": {"clustering": [0.004012386193203083, 0.0040797017741178694, 0.0041465630845037025, 0.004193141162294534, 0.004244569656443697, 0.004278828061332048, 0.004318933851628856, 0.0043798263241566545, 0.0044411584764083535, 0.004496007983994996, 0.004552213321417306, 0.004599436831293342, 0.004650304700132109, 0.0047005839108409985, 0.004738576897560444, 0.004780043958411728, 0.0048262069994124066, 0.00487700626720322, 0.004905989259983704, 0.0049432770108924886, 0.004981678831828606, 0.005016323715369077, 0.005057437392576037, 0.005601311660913537, 0.005555527211231619, 0.005631878143607527, 0.005547505089351477], "average_degree": [19.261904761904763, 19.27906976744186, 19.295454545454547, 19.31111111111111, 19.32608695652174, 19.340425531914892, 19.354166666666668, 19.367346938775512, 19.38, 19.392156862745097, 19.403846153846153, 19.41509433962264, 19.425925925925927, 19.436363636363637, 19.446428571428573, 19.45614035087719, 19.46551724137931, 19.47457627118644, 19.5, 19.508196721311474, 19.516129032258064, 19.523809523809526, 19.515625, 19.523076923076925, 19.53030303030303, 19.53731343283582, 19.544117647058822], "pagerank": [0.45393203994939874, 0.4536799510214135, 0.45342548128136706, 0.4531363948580409, 0.452898964927127, 0.45271169897697167, 0.4524792523953759, 0.45225374280763053, 0.45204152531430214, 0.45185463125068376, 0.4516739247506309, 0.45154190168250363, 0.4513683841011333, 0.4511795441594786, 0.45107764436227293, 0.4509444336970073, 0.45077168851053423, 0.4505778458232983, 0.45044700232732326, 0.4503008343426702, 0.4501228208093112, 0.44999939069160594, 0.44979113381177294, 0.44972654094088343, 0.4495700643740364, 0.4494061026269115, 0.4492494772742037]}, "mistral_24b_instruct": {"clustering": [0.003435349556499126, 0.0034962449189217025, 0.0035589035243882797, 0.0036116972146216066, 0.003659701702870098, 0.0036959306747091436, 0.003737326693451446, 0.0037807980238021596, 0.00382407137020852, 0.003864965282041072, 0.003907482810321031, 0.003943587940459567, 0.003982916244498179, 0.004033997317829644, 0.004063305312095645, 0.0041081127739334596, 0.00415038012757051, 0.004193172194692395, 0.004232277667666489, 0.0042797146232813965, 0.004306422737754984, 0.0043470690786012916, 0.004383954569486804, 0.004866704256611838, 0.004841526606554364], "average_degree": [19.30952380952381, 19.325581395348838, 19.34090909090909, 19.355555555555554, 19.369565217391305, 19.382978723404257, 19.395833333333332, 19.408163265306122, 19.42, 19.431372549019606, 19.442307692307693, 19.452830188679247, 19.462962962962962, 19.490909090909092, 19.5, 19.50877192982456, 19.517241379310345, 19.52542372881356, 19.533333333333335, 19.540983606557376, 19.548387096774192, 19.555555555555557, 19.5625, 19.56923076923077, 19.575757575757574], "pagerank": [0.45722119088623875, 0.45693837015996175, 0.4566857482915349, 0.45646284063973197, 0.4562278469148691, 0.45604225583819047, 0.45590374830173797, 0.45575849961488746, 0.45561863667417873, 0.45545778578574847, 0.4552872559266798, 0.45513850933996064, 0.45501669183893195, 0.45478903966574336, 0.45471566102544486, 0.45455334718728735, 0.4543916098559237, 0.4542283956025999, 0.4540733396693265, 0.453929589352458, 0.4538207934430676, 0.4536736471236552, 0.45355054378282555, 0.45339184773817004, 0.45321205139736087]}, "qwen_1.5b_instruct": {"clustering": [0.006171378656099484, 0.006296191777188624], "average_degree": [19.121951219512194, 19.11904761904762], "pagerank": [0.43710675498172546, 0.43671970421468254]}, "qwen_3b_instruct": {"clustering": [0.004155714456372814, 0.004238625923477318, 0.004310408697513445, 0.004321461039359918, 0.004390576898310478, 0.004449061960106337, 0.004501663568758722], "average_degree": [19.26829268292683, 19.285714285714285, 19.302325581395348, 19.318181818181817, 19.333333333333332, 19.347826086956523, 19.361702127659573], "pagerank": [0.45149265041177317, 0.4511601682805238, 0.4508839779719214, 0.4505927360544924, 0.4502988552162921, 0.4500354087428812, 0.44978470399069903]}, "qwen_7b_instruct": {"clustering": [0.006836204384077842, 0.006968700386278569, 0.00715659456934232, 0.007175169458479619, 0.00728524775081743, 0.007375075498778562, 0.007453179683391704, 0.007513351819388807, 0.007605045808708063, 0.007687713106437044, 0.007771140450502798, 0.007863173926971638, 0.007939461912994088, 0.008008003395711661, 0.008077518092520483, 0.008147926991941886, 0.00824707449049375, 0.008278217926519432, 0.008345068255443826, 0.008416298658524135], "average_degree": [19.146341463414632, 19.142857142857142, 19.13953488372093, 19.136363636363637, 19.133333333333333, 19.130434782608695, 19.127659574468087, 19.125, 19.142857142857142, 19.16, 19.15686274509804, 19.153846153846153, 19.169811320754718, 19.185185185185187, 19.2, 19.214285714285715, 19.210526315789473, 19.224137931034484, 19.23728813559322, 19.25], "pagerank": [0.42728923983249856, 0.42689340844303336, 0.4262963712085113, 0.42590864710226717, 0.4256057299730526, 0.42526822180086327, 0.4250610044493756, 0.4247994248445742, 0.4244877990942567, 0.4242751242911456, 0.4241919746157341, 0.4240366238798581, 0.4237563818916878, 0.42354877069723695, 0.4233551652808685, 0.42318252600490863, 0.422708307530024, 0.42250070707434595, 0.4223472033855113, 0.42209130915366155]}, "llama_1b_instruct": {"clustering": [0.01022247547727411, 0.010372557685597899, 0.010532463393896328, 0.010580447412697537, 0.010595634431265653, 0.010640869586338938, 0.010690151775077603, 0.010736032871167853, 0.010806469925655876, 0.010898287544045274, 0.010999707500530875, 0.011049472357237505, 0.011102452879591536, 0.01118202661797406, 0.011242014505289461, 0.011292585916442806, 0.011350603122310586, 0.01129509076243047, 0.0113531847343378], "average_degree": [19.0, 19.0, 19.0, 19.0, 19.0, 19.0, 19.0, 19.0, 19.0, 19.0, 19.0, 19.0, 19.0, 19.0, 19.0, 19.0, 19.0, 19.0, 19.0], "pagerank": [0.39805743733555216, 0.39747918130709303, 0.39694294411784753, 0.39640151325668777, 0.3960365201790149, 0.39571256703476027, 0.3953010007784497, 0.3955466044443231, 0.39542165703731613, 0.3951660740437126, 0.3947917677299803, 0.3946641846565911, 0.3945509891575101, 0.39437990309037096, 0.39458608313649113, 0.3949770528620312, 0.39490692314560555, 0.3951582106976099, 0.39497925954569546]}, "llama_8b_instruct": {"clustering": [0.004261690334365497, 0.004347639060361219, 0.004431072478006213, 0.004474733935579724, 0.004529230267149408, 0.00457144482585785, 0.004600545370417267, 0.0046510746008538205, 0.004702418482502324, 0.004765667474158123, 0.004802598647723102, 0.004843640007930293, 0.004891290391490537, 0.0049300325834835314, 0.00496762521603109], "average_degree": [19.095238095238095, 19.093023255813954, 19.09090909090909, 19.08888888888889, 19.08695652173913, 19.085106382978722, 19.083333333333332, 19.081632653061224, 19.08, 19.07843137254902, 19.076923076923077, 19.07547169811321, 19.074074074074073, 19.072727272727274, 19.089285714285715], "pagerank": [0.4547218683249651, 0.4544583688653782, 0.45416945336669956, 0.45389908140285773, 0.4536823090201019, 0.4535039678326278, 0.45335549657612967, 0.4532185127989706, 0.4530844591067073, 0.45291799534460464, 0.4528402350407135, 0.45276376619103725, 0.45261502219507, 0.45256908336696494, 0.4523791388853133]}, "gemma_2b_instruct": {"clustering": [0.007246814689133643, 0.007286761167835527, 0.007314405378943913], "average_degree": [19.0, 19.0, 19.0], "pagerank": [0.43179378835618537, 0.4313573155170931, 0.43111916377722587]}, "gemma_9b_instruct": {"clustering": [0.003517659869215386, 0.003544955309039675, 0.0036002625833152966, 0.0036227890341901424, 0.003649144920045958], "average_degree": [19.386363636363637, 19.4, 19.41304347826087, 19.425531914893618, 19.4375], "pagerank": [0.4558580457671603, 0.4556095383784823, 0.45533714488742205, 0.4552054910835748, 0.45501403235469645]},