{"mistral_8b_instruct": {"clustering": [0.004071520702681962, 0.004122863208080473], "average_degree": [19.489795918367346, 19.5], "pagerank": [0.45579511801385514, 0.4555997603318673]}, "mistral_24b_instruct": {"clustering": [0.003755928822657902], "average_degree": [19.571428571428573], "pagerank": [0.4569043071775435]}, "qwen_1.5b_instruct": {"clustering": [0.006761663246412444, 0.006850717245773127], "average_degree": [19.416666666666668, 19.408163265306122], "pagerank": [0.4361466569924118, 0.4359333867576919]}, "qwen_3b_instruct": {"clustering": [0.0052393039179635175, 0.005303874389361067], "average_degree": [19.541666666666668, 19.53061224489796], "pagerank": [0.4469821076481277, 0.4468782852770384]}, "qwen_7b_instruct": {"clustering": [0.007830032534282856, 0.007924028045881172], "average_degree": [19.4375, 19.428571428571427], "pagerank": [0.4246573301012308, 0.42446252550424574]}, "llama_1b_instruct": {"clustering": [0.009229437558991584, 0.009288727669103434, 0.009362721142086665], "average_degree": [19.0, 19.0, 19.0], "pagerank": [0.40581468616202604, 0.40562048509266796, 0.4053872161520052]}, "llama_8b_instruct": {"clustering": [0.00431587882949043, 0.004370508234769841, 0.0044205345930511146, 0.004470613140666517, 0.004509322697511822, 0.004559057237198986, 0.004605275100447828, 0.0046513620532823265, 0.004701199888015391, 0.004751002742432093], "average_degree": [19.20408163265306, 19.2, 19.19607843137255, 19.192307692307693, 19.18867924528302, 19.185185185185187, 19.181818181818183, 19.178571428571427, 19.19298245614035, 19.189655172413794], "pagerank": [0.4552972327572067, 0.45510578861941714, 0.4549351729882393, 0.45479592011479925, 0.45466011739932555, 0.45450987897709894, 0.45434727788938467, 0.4542044763208874, 0.45402912898769227, 0.4538724819242831]}, "gemma_2b_instruct": {"clustering": [0.006902027553007966, 0.007001613192518424, 0.007102897002281567, 0.007185318211218673, 0.0072743894083891645, 0.007351442360429622, 0.0074142599774768775], "average_degree": [19.0, 19.0, 19.0, 19.0, 19.0, 19.0, 19.0], "pagerank": [0.43406414421929557, 0.4338394490113671, 0.43360694907776676, 0.43339927561512576, 0.43313132153389644, 0.432834201285243, 0.43273670995051916]}, "gemma_9b_instruct": {"clustering": [0.0038887399164413117, 0.003935769582022868, 0.003984093884677323], "average_degree": [19.58, 19.58823529411765, 19.596153846153847], "pagerank": [0.45501799196748943, 0.4549039944591909, 0.4547751596154411]}, "gemma_27b_instruct": {"clustering": [0.0033009342016461023, 0.0033447984425424414, 0.00338159666283593, 0.003425294785724926, 0.0034563602010364543], "average_degree": [19.58, 19.58823529411765, 19.596153846153847, 19.60377358490566, 19.61111111111111], "pagerank": [0.4568733934891283, 0.45671962570277325, 0.45658714172144493, 0.4564415687717576, 0.4563675333505809]}}