{"mistral_8b_instruct": {"clustering": [0.004069995125779329], "average_degree": [19.489795918367346], "pagerank": [0.4557931784454575]}, "mistral_24b_instruct": {"clustering": [0.00375539497712939], "average_degree": [19.571428571428573], "pagerank": [0.45692551222196665]}, "qwen_1.5b_instruct": {"clustering": [0.006761663246412444, 0.006850717245773127], "average_degree": [19.416666666666668, 19.408163265306122], "pagerank": [0.4361466569924118, 0.4359333867576919]}, "qwen_3b_instruct": {"clustering": [0.0052393039179635175, 0.005303874389361067], "average_degree": [19.541666666666668, 19.53061224489796], "pagerank": [0.4469821076481277, 0.4468782852770384]}, "qwen_7b_instruct": {"clustering": [0.007830032534282856, 0.007924028045881172], "average_degree": [19.4375, 19.428571428571427], "pagerank": [0.4246573301012308, 0.42446252550424574]}, "llama_1b_instruct": {"clustering": [0.009229437558991584, 0.00929083521554761], "average_degree": [19.0, 19.0], "pagerank": [0.40581468616202604, 0.4055967492494555]}, "llama_8b_instruct": {"clustering": [0.004325097812438092, 0.004369214859028516, 0.0044197080524597905, 0.004471929836186468], "average_degree": [19.20408163265306, 19.2, 19.19607843137255, 19.192307692307693], "pagerank": [0.4552522897336434, 0.45513912508318827, 0.4549836380254861, 0.4548455828475341]}, "gemma_2b_instruct": {"clustering": [0.006903500465567706, 0.006998461208743929, 0.007097962730923774, 0.00717355217487743, 0.007259243986397756, 0.007320275015356177, 0.007382507358280303, 0.0074487040407037, 0.007518162257318403, 0.007585086376519446, 0.0076484375648553675, 0.007712660858211545, 0.007779185363187212, 0.007839855655217125, 0.00789432982610324, 0.007958350975826145, 0.008020587092682822, 0.008067771518885542, 0.008108973215575275, 0.00815623986773073, 0.008213289672874104, 0.008246981719008907, 0.008295772382239969, 0.008343194606653115, 0.00838121392432121, 0.008426281951150699, 0.00847432934781237, 0.008524823965016526, 0.00856485256376603, 0.008608961530760025, 0.008656488623896345, 0.008684336546905624, 0.00872221500689541, 0.008748559203356031, 0.008793236441975754, 0.008828319324370674, 0.008857299742695248, 0.008885976926413445, 0.008919926046469477, 0.008951699024328193, 0.00897871263492411, 0.00900995250928365, 0.009038324655928734, 0.009072695245044334, 0.00911104099291356, 0.009140491845063024, 0.00917039540240715, 0.00920390374807543, 0.009231984029689664, 0.009258871559718471], "average_degree": [19.0, 19.0, 19.0, 19.0, 19.0, 19.0, 19.0, 19.0, 19.0, 19.0, 19.016666666666666, 19.016393442622952, 19.016129032258064, 19.03174603174603, 19.046875, 19.06153846153846, 19.075757575757574, 19.08955223880597, 19.08823529411765, 19.10144927536232, 19.1, 19.098591549295776, 19.11111111111111, 19.123287671232877, 19.12162162162162, 19.12, 19.144736842105264, 19.142857142857142, 19.153846153846153, 19.164556962025316, 19.175, 19.19753086419753, 19.195121951219512, 19.204819277108435, 19.226190476190474, 19.223529411764705, 19.232558139534884, 19.24137931034483, 19.25, 19.269662921348313, 19.266666666666666, 19.274725274725274, 19.282608695652176, 19.27956989247312, 19.28723404255319, 19.294736842105262, 19.302083333333332, 19.31958762886598, 19.316326530612244, 19.333333333333332], "pagerank": [0.43402751570677833, 0.43383659462340285, 0.43367757427637577, 0.4335548496224304, 0.4334143701711863, 0.43319714736746684, 0.4330597146060463, 0.43296023514771426, 0.43277225713915407, 0.43260792168109646, 0.4323388933203559, 0.43222614954952604, 0.4320300840624049, 0.43183726572278053, 0.43160716243563746, 0.43134997580224077, 0.4311259375164259, 0.43106377607224294, 0.43086708605420265, 0.43064856355855907, 0.43053591722341056, 0.43050327444048303, 0.43032999496651037, 0.4301328415728754, 0.43005775065532764, 0.42995335293758025, 0.4297294768951659, 0.4294941752754667, 0.4293238352125678, 0.42909685800308545, 0.4288729671559734, 0.4287875031079128, 0.42868260587206575, 0.42858171588993943, 0.42844583969302535, 0.4283745127492195, 0.42825069688436157, 0.42815021310056744, 0.4279590756925559, 0.4277658257892514, 0.42769231107478695, 0.42752464101940335, 0.42741986307825164, 0.4272863960960595, 0.42709478556374986, 0.4270220600025272, 0.4269124702694426, 0.4267399094830786, 0.4267393160985483, 0.4266271414576533]}, "gemma_9b_instruct": {"clustering": [0.0038904185469090576, 0.003948392299484536, 0.0039901000473090064, 0.004042083080581572, 0.004088422525756384, 0.004128842456347437, 0.004164680637124578], "average_degree": [19.58, 19.58823529411765, 19.596153846153847, 19.60377358490566, 19.61111111111111, 19.618181818181817, 19.625], "pagerank": [0.4549881658827774, 0.45481186130266854, 0.4546854347507631, 0.45451035827827435, 0.45434005510797193, 0.4542183612518247, 0.4541103673776683]}, "gemma_27b_instruct": {"clustering": [0.003302519364881026, 0.003343526623036663, 0.0033926686999071623, 0.0034278497410342047, 0.0034727771420059624, 0.0035040054487740814, 0.0035293080111921055, 0.0035693705544812956, 0.003607619874650062], "average_degree": [19.6, 19.607843137254903, 19.596153846153847, 19.60377358490566, 19.61111111111111, 19.618181818181817, 19.625, 19.63157894736842, 19.637931034482758], "pagerank": [0.4568461869453659, 0.4567221019586396, 0.45651627253572646, 0.4564159930862083, 0.45619902293840886, 0.4560763834330335, 0.45595511616256984, 0.4558082655642369, 0.45564916241870135]}}