{"mistral_8b_instruct": {"clustering": [0.007108063200951886, 0.007040019325383152], "average_degree": [19.291666666666668, 19.285714285714285], "pagerank": [0.2148530293227989, 0.2123499182352944]}, "mistral_24b_instruct": {"clustering": [0.006260768793483085], "average_degree": [19.354166666666668], "pagerank": [0.2320204023258143]}, "qwen_1.5b_instruct": {"clustering": [0.006157489760474422, 0.006092128311848919], "average_degree": [19.270833333333332, 19.26530612244898], "pagerank": [0.1985318940949452, 0.19632767989032482]}, "qwen_3b_instruct": {"clustering": [0.005593488055875655, 0.005523306587155181], "average_degree": [19.375, 19.367346938775512], "pagerank": [0.2132199336519799, 0.21086835333060872]}, "qwen_7b_instruct": {"clustering": [0.0060586958261512015, 0.005993909947850657], "average_degree": [19.333333333333332, 19.3265306122449], "pagerank": [0.1998936373791149, 0.1973950094187281]}, "llama_1b_instruct": {"clustering": [0.007915829951343687, 0.007859451590485416], "average_degree": [19.102040816326532, 19.1], "pagerank": [0.18139915380376959, 0.17817033479147432]}, "llama_8b_instruct": {"clustering": [0.0072110511875531575, 0.007170926290494403, 0.007154173095449861], "average_degree": [19.20408163265306, 19.2, 19.19607843137255], "pagerank": [0.2194157335473108, 0.21525776322169393, 0.21031337104189496]}, "gemma_2b_instruct": {"clustering": [0.004846683716770604, 0.004797590929453302, 0.004761451440902973], "average_degree": [19.346153846153847, 19.339622641509433, 19.333333333333332], "pagerank": [0.20404413248587475, 0.20190675159052116, 0.19805430405870816]}, "gemma_9b_instruct": {"clustering": [0.003019315685927052, 0.0029901969631227236, 0.0029736900710065333], "average_degree": [19.48076923076923, 19.471698113207548, 19.462962962962962], "pagerank": [0.1994590283628708, 0.19730176761012844, 0.19344209235164153]}, "gemma_27b_instruct": {"clustering": [0.0023510941102245584, 0.0023288347809870043, 0.002318303126079637, 0.0023305753183196737], "average_degree": [19.48076923076923, 19.471698113207548, 19.462962962962962, 19.454545454545453], "pagerank": [0.20656856409851804, 0.2043210947262687, 0.2025774145209989, 0.19797452645442984]}}