{"qwen_1.5b_instruct": {"clustering": [0.005885899303285595, 0.005885617237599035], "average_shortest_path_length": [0.028074450373909432, 0.02747012131016272], "average_degree": [19.085714285714285, 19.083333333333332], "connectivity": [1.0, 1.0], "sparseness": [0.561344537815126, 0.5452380952380952], "hubs": [4.0, 4.0], "clusters": [1.0, 1.0], "communities": [1.0, 1.0], "fourier": [1.9245922983821455, 1.9251123913178871], "commute_time_efficiency": [0.907563025210084, 0.9007936507936508], "pagerank": [0.43941835628698767, 0.4388515441525897], "eigenvector_centrality": [0.9999992747881584, 0.9999993308329292], "cycle_count": [451.0, 470.0]}, "qwen_3b_instruct": {"clustering": [0.004165698026300689, 0.004156929573072275], "average_shortest_path_length": [0.027911817947430674, 0.02719518671499414], "average_degree": [19.2, 19.22222222222222], "connectivity": [1.0, 1.0], "sparseness": [0.5647058823529412, 0.5492063492063493], "hubs": [4.0, 4.0], "clusters": [1.0, 1.0], "communities": [1.0, 1.0], "fourier": [1.9373017449500172, 1.9385805275886083], "commute_time_efficiency": [0.907563025210084, 0.9007936507936508], "pagerank": [0.45145509033740044, 0.4510375451012618], "eigenvector_centrality": [0.9999998830480258, 0.999999882571798], "cycle_count": [451.0, 470.0]}, "qwen_7b_instruct": {"clustering": [0.006370935765768159, 0.006365377367479015], "average_shortest_path_length": [0.027977988258823104, 0.02731444338011297], "average_degree": [19.02857142857143, 19.02777777777778], "connectivity": [1.0, 1.0], "sparseness": [0.5596638655462185, 0.5436507936507936], "hubs": [4.0, 4.0], "clusters": [1.0, 1.0], "communities": [1.0, 1.0], "fourier": [1.9259118716749584, 1.926725063751523], "commute_time_efficiency": [0.9033613445378151, 0.8960317460317461], "pagerank": [0.43269454429734494, 0.43209380602210556], "eigenvector_centrality": [0.9999990071961578, 0.9999990385613527], "cycle_count": [446.0, 464.0]}}