{"mistral_8b_instruct": {"clustering": [0.004527973296423548, 0.004454744080488198], "average_degree": [19.305555555555557, 19.2972972972973], "pagerank": [0.1972663892538802, 0.19396724736134582]}, "mistral_24b_instruct": {"clustering": [0.00391903038398141, 0.0038555287473860675], "average_degree": [19.305555555555557, 19.2972972972973], "pagerank": [0.20604128032669042, 0.20253919942381435]}, "qwen_1.5b_instruct": {"clustering": [0.003942893794436977, 0.006403236203370013], "average_degree": [19.142857142857142, 19.25], "pagerank": [0.16041420802938622, 0.1805618927068746]}, "qwen_3b_instruct": {"clustering": [0.0023364644856885206, 0.003909235283422618], "average_degree": [19.17142857142857, 19.305555555555557], "pagerank": [0.1764136135533963, 0.16142043185722896]}, "qwen_7b_instruct": {"clustering": [0.0035015334035728963, 0.005564250642269283], "average_degree": [19.142857142857142, 19.27777777777778], "pagerank": [0.15028771863602364, 0.1771427239650768]}, "llama_1b_instruct": {"clustering": [0.007591826720668277, 0.007483073047560088], "average_degree": [19.0, 19.0], "pagerank": [0.18589416617794366, 0.1831737373187161]}, "llama_8b_instruct": {"clustering": [0.00432615862114488, 0.004255562843075116, 0.0041558270828426684, 0.004112847390539355, 0.005765773581614376, 0.005575714832717424, 0.005482851787023562, 0.0053573330292900284, 0.00414558703929767, 0.004066966357093374], "average_degree": [19.194444444444443, 19.18918918918919, 19.18421052631579, 19.17948717948718, 19.175, 19.170731707317074, 19.166666666666668, 19.162790697674417, 19.34090909090909, 19.333333333333332], "pagerank": [0.22919696643766752, 0.22573300103760438, 0.21941684331338684, 0.2121694016445117, 0.2058763849850648, 0.20355207173109718, 0.19892698721247795, 0.19406741391989676, 0.22149022448018632, 0.21873714918698448]}, "gemma_2b_instruct": {"clustering": [0.005378270703737569, 0.005363309350344109, 0.007853754918546469, 0.007636112142490507, 0.007530168111549842], "average_degree": [19.157894736842106, 19.153846153846153, 19.2, 19.195121951219512, 19.19047619047619], "pagerank": [0.1853683862904387, 0.17968992471512035, 0.18326388367423135, 0.1810290809238511, 0.17703285401800556]}, "gemma_9b_instruct": {"clustering": [0.003062248482835716, 0.003078193776401461, 0.005006478019802983], "average_degree": [19.289473684210527, 19.28205128205128, 19.25], "pagerank": [0.19085751143142976, 0.18540690433549453, 0.19886038110112678]}, "gemma_27b_instruct": {"clustering": [0.0022848558482097513, 0.0023286891891994943, 0.003764115169627929, 0.0036726183066836055, 0.0035821142475437836, 0.003494085291027648, 0.0027040152433639147], "average_degree": [19.289473684210527, 19.28205128205128, 19.3, 19.29268292682927, 19.285714285714285, 19.27906976744186, 19.454545454545453], "pagerank": [0.18360308256070557, 0.17716205615776712, 0.20159282678379112, 0.20024271558795623, 0.19470757559285906, 0.18938128171685759, 0.20070657096772543]}}