{"mistral_8b_instruct": {"clustering": [0.004527973296423548, 0.004454744080488198], "average_degree": [19.305555555555557, 19.2972972972973], "pagerank": [0.1972663892538802, 0.19396724736134582]}, "mistral_24b_instruct": {"clustering": [0.00391903038398141, 0.0038555287473860675], "average_degree": [19.305555555555557, 19.2972972972973], "pagerank": [0.20604128032669042, 0.20253919942381435]}, "qwen_1.5b_instruct": {"clustering": [0.003942893794436977, 0.006396881178866378, 0.006244334965165355, 0.006143686715670399], "average_degree": [19.142857142857142, 19.25, 19.27027027027027, 19.263157894736842], "pagerank": [0.16041420802938622, 0.18055723074827168, 0.17746469404767812, 0.17223363178380305]}, "qwen_3b_instruct": {"clustering": [0.0023364644856885206, 0.003909235283422618], "average_degree": [19.17142857142857, 19.305555555555557], "pagerank": [0.1764136135533963, 0.16142043185722896]}, "qwen_7b_instruct": {"clustering": [0.0035015334035728963, 0.005564250642269283], "average_degree": [19.142857142857142, 19.27777777777778], "pagerank": [0.15028771863602364, 0.1771427239650768]}, "llama_1b_instruct": {"clustering": [0.007591826720668277, 0.007483073047560088], "average_degree": [19.0, 19.0], "pagerank": [0.18589416617794366, 0.1831737373187161]}, "llama_8b_instruct": {"clustering": [0.004325954482876403, 0.004257375539894164], "average_degree": [19.194444444444443, 19.18918918918919], "pagerank": [0.22928757933731234, 0.2257251043181776]}, "gemma_2b_instruct": {"clustering": [0.005378270703737569, 0.005362331072341275, 0.00785231463238821, 0.007634034910101294, 0.007508547301938483], "average_degree": [19.157894736842106, 19.153846153846153, 19.2, 19.195121951219512, 19.19047619047619], "pagerank": [0.1853683862904387, 0.17969889215742682, 0.18326931836705013, 0.18104779410558633, 0.17703442940995076]}, "gemma_9b_instruct": {"clustering": [0.003062248482835716, 0.003078193776401461, 0.005006478019802983], "average_degree": [19.289473684210527, 19.28205128205128, 19.25], "pagerank": [0.19085751143142976, 0.18540690433549453, 0.19886038110112678]}, "gemma_27b_instruct": {"clustering": [0.002307535381634814, 0.002326626748009165, 0.0037905183333201142, 0.0036623514345135023, 0.0035745759622769022, 0.0034719170135983084, 0.00268674451871961], "average_degree": [19.289473684210527, 19.28205128205128, 19.3, 19.29268292682927, 19.285714285714285, 19.27906976744186, 19.454545454545453], "pagerank": [0.183856962560146, 0.1784613960703259, 0.20209063270108335, 0.20260441968437032, 0.19507672389038655, 0.19116368358734614, 0.20258052763784498]}}