{"gemma_2b_instruct": {"clustering": [0.006513193024999002, 0.006620402506086995, 0.006699235176721047, 0.006795551654020298, 0.006845455103959467], "average_shortest_path_length": [0.04622983609952244, 0.04550421787062006, 0.04451844553345969, Infinity, Infinity], "average_degree": [19.0, 19.0, 19.0, 19.0, 19.0], "connectivity": [1.0, 1.0, 1.0, 2.0, 2.0], "sparseness": [0.5135135135135135, 0.5, 0.48717948717948717, 0.475, 0.4634146341463415], "hubs": [4.0, 4.0, 4.0, 5.0, 5.0], "clusters": [1.0, 1.0, 1.0, 1.0, 1.0], "communities": [1.0, 1.0, 1.0, 1.0, 1.0], "fourier": [1.915682308225331, 1.9156699102231887, 1.9157782636179157, 1.9153370151550915, 1.9143001873591419], "commute_time_efficiency": [0.8911806543385491, 0.8839406207827261, 0.8775641025641026, 0.8713414634146341, 0.8652729384436701], "pagerank": [0.4338699699741301, 0.433344425618012, 0.4329304518498347, 0.4326801540079015, 0.43218659604002146], "eigenvector_centrality": [0.999997978914886, 0.9999983657034469, 0.9999979880740605, 0.0, 0.0], "cycle_count": [513.0, 531.0, 550.0, 569.0, 588.0]}, "gemma_9b_instruct": {"clustering": [0.0031028360769174133, 0.003147251431938885, 0.0031975979439470862], "average_shortest_path_length": [0.05007786618406802, 0.049090800154733924, Infinity], "average_degree": [19.263157894736842, 19.28205128205128, 19.3], "connectivity": [1.0, 1.0, 2.0], "sparseness": [0.5206258890469416, 0.5074224021592443, 0.4948717948717949], "hubs": [4.0, 4.0, 4.0], "clusters": [1.0, 1.0, 1.0], "communities": [1.0, 1.0, 1.0], "fourier": [1.9451201638606428, 1.946390237236404, 1.9475811177023925], "commute_time_efficiency": [0.887624466571835, 0.8812415654520918, 0.875], "pagerank": [0.45800530122202193, 0.4577126921024726, 0.45750045419958335], "eigenvector_centrality": [0.9999999829701719, 0.9999999826899496, 0.0], "cycle_count": [508.0, 527.0, 546.0]}, "gemma_27b_instruct": {"clustering": [0.002653819907043723, 0.002710805379425175, 0.0027697316182131457, 0.0028189428284732844, 0.002847128003239453], "average_shortest_path_length": [0.05002711829867717, 0.04890922344157316, Infinity, Infinity, Infinity], "average_degree": [19.289473684210527, 19.28205128205128, 19.3, 19.317073170731707, 19.333333333333332], "connectivity": [1.0, 1.0, 2.0, 3.0, 3.0], "sparseness": [0.5213371266002845, 0.5074224021592443, 0.4948717948717949, 0.48292682926829267, 0.4715447154471545], "hubs": [4.0, 4.0, 4.0, 5.0, 5.0], "clusters": [1.0, 1.0, 1.0, 1.0, 1.0], "communities": [1.0, 1.0, 1.0, 1.0, 1.0], "fourier": [1.9463178567085835, 1.9476094068414118, 1.9488127288297121, 1.9499695870781493, 1.951079909501727], "commute_time_efficiency": [0.8869132290184921, 0.8792172739541161, 0.8730769230769231, 0.8676829268292683, 0.8623693379790941], "pagerank": [0.4593187082181147, 0.45900349251790806, 0.4586847221064554, 0.45848954089707966, 0.45826834678710027], "eigenvector_centrality": [0.9999999946255455, 0.9999999965129317, 0.0, 0.0, 0.0], "cycle_count": [507.0, 524.0, 543.0, 563.0, 583.0]}}