{"mistral_8b_instruct": {"clustering": [0.003976710317596452, 0.004044734465271324], "average_shortest_path_length": [Infinity, Infinity], "average_degree": [19.153846153846153, 19.15], "connectivity": [2.0, 3.0], "sparseness": [0.5040485829959515, 0.491025641025641], "hubs": [4.0, 4.0], "clusters": [1.0, 1.0], "communities": [1.0, 1.0], "fourier": [1.9436412171633066, 1.9447071025162805], "commute_time_efficiency": [0.8758434547908233, 0.8698717948717949], "pagerank": [0.45527455455070426, 0.45500024818845985], "eigenvector_centrality": [0.0, 0.0], "cycle_count": [519.0, 538.0]}, "mistral_24b_instruct": {"clustering": [0.0032289474202489344, 0.0032757739850648635], "average_shortest_path_length": [Infinity, Infinity], "average_degree": [19.28205128205128, 19.3], "connectivity": [2.0, 3.0], "sparseness": [0.5074224021592443, 0.4948717948717949], "hubs": [4.0, 4.0], "clusters": [1.0, 1.0], "communities": [1.0, 1.0], "fourier": [1.9462080512631894, 1.9474091395958575], "commute_time_efficiency": [0.8812415654520918, 0.875], "pagerank": [0.45936857758844285, 0.4592342768189625], "eigenvector_centrality": [0.0, 0.0], "cycle_count": [527.0, 546.0]}}