{"mistral_8b_instruct": {"clustering": [0.004492247628240316], "average_degree": [19.229166666666668], "pagerank": [0.4536027250335968]}, "mistral_24b_instruct": {"clustering": [0.0037311383303268264], "average_degree": [19.375], "pagerank": [0.45654825483514583]}, "qwen_1.5b_instruct": {"clustering": [0.0070834516146416485, 0.007167329026791828, 0.0072559913423828086], "average_degree": [19.1875, 19.183673469387756, 19.18], "pagerank": [0.43459003462725765, 0.4344263607195086, 0.43418503310531537]}, "qwen_3b_instruct": {"clustering": [0.004948512883936911, 0.005016005064910972], "average_degree": [19.395833333333332, 19.408163265306122], "pagerank": [0.44729675563689925, 0.44706005624977047]}, "qwen_7b_instruct": {"clustering": [0.00775099462751131, 0.007861424722334007], "average_degree": [19.0, 19.0], "pagerank": [0.42688117900912476, 0.4265085618705478]}, "llama_1b_instruct": {"clustering": [0.010106254078654743, 0.010200983942236327], "average_degree": [19.0, 19.0], "pagerank": [0.40217703939956273, 0.4018174592342003]}, "llama_8b_instruct": {"clustering": [0.00461375682053382, 0.004662213485541461, 0.004720187227731484], "average_degree": [19.0, 19.0, 19.0], "pagerank": [0.45427620273211683, 0.4541940483317888, 0.45401914302864116]}, "gemma_2b_instruct": {"clustering": [0.00765069808829071, 0.007721433075636382, 0.007796289759127526, 0.007866664323247034], "average_degree": [19.0, 19.0, 19.0, 19.0], "pagerank": [0.4301669442283096, 0.4299528409901546, 0.4297345420475894, 0.42955557080642853]}, "gemma_9b_instruct": {"clustering": [0.003822432509117978, 0.0038648360316847603, 0.0039024674349577627], "average_degree": [19.48076923076923, 19.49056603773585, 19.5], "pagerank": [0.4544946481561547, 0.454350273528379, 0.4542530304365949]}, "gemma_27b_instruct": {"clustering": [0.0033740355583237137, 0.0034223547654298678, 0.0034499715004818877, 0.0034914323266280085, 0.003531647931225369], "average_degree": [19.48076923076923, 19.49056603773585, 19.51851851851852, 19.527272727272727, 19.535714285714285], "pagerank": [0.45557594337506585, 0.4554130880595889, 0.45540392023535464, 0.45526767034426163, 0.4551073107740318]}}