{"mistral_8b_instruct": {"clustering": [0.032869854406646144, 0.03202703762698855, 0.031226361686313837, 0.030464743108598865, 0.029739392082203654, 0.02904777831285008, 0.028387601533012577, 0.027756765943390077, 0.027153357988098988, 0.026575626967075605, 0.026021968071928196, 0.0254909074990317, 0.024981089349051067, 0.024491264067697128, 0.02402027822024141, 0.023567065423633085, 0.023130638286158398, 0.02271008122641006, 0.02230454406165274, 0.02191323627109743, 0.021535421852630233, 0.021167598659181292, 0.02081480534819494, 0.020473579031011414, 0.0201433600143822, 0.019826261388135768, 0.01951634753281535, 0.0192160960323105, 0.018924943062123976, 0.018642481225375856, 0.018368327089708564, 0.018102119450727282, 0.01784351774428832, 0.017592200592960315, 0.017347864473613646, 0.01711022249452305, 0.016879003271624088, 0.0166539498946691, 0.016434818975002402, 0.0162214865902929, 0.01601341336025875, 0.015810711925318764, 0.01561307802625228, 0.015420323976545462, 0.015232271245124177, 0.01504884900545245, 0.014869598120240267, 0.014694661671766852, 0.014523793512792819, 0.014356853357473361], "average_shortest_path_length": [Infinity, Infinity, Infinity, Infinity, Infinity, Infinity, Infinity, Infinity, Infinity, Infinity, Infinity, Infinity, Infinity, Infinity, Infinity, Infinity, Infinity, Infinity, Infinity, Infinity, Infinity, Infinity, Infinity, Infinity, Infinity, Infinity, Infinity, Infinity, Infinity, Infinity, Infinity, Infinity, Infinity, Infinity, Infinity, Infinity, Infinity, Infinity, Infinity, Infinity, Infinity, Infinity, Infinity, Infinity, Infinity, Infinity, Infinity, Infinity, Infinity, Infinity], "average_degree": [1.236842105263158, 1.2307692307692308, 1.225, 1.2195121951219512, 1.2142857142857142, 1.2093023255813953, 1.2045454545454546, 1.2, 1.1956521739130435, 1.1914893617021276, 1.1875, 1.183673469387755, 1.18, 1.1764705882352942, 1.1730769230769231, 1.169811320754717, 1.1666666666666667, 1.1636363636363636, 1.1607142857142858, 1.1578947368421053, 1.1551724137931034, 1.152542372881356, 1.15, 1.1475409836065573, 1.1451612903225807, 1.1428571428571428, 1.140625, 1.1384615384615384, 1.1363636363636365, 1.1343283582089552, 1.1323529411764706, 1.1304347826086956, 1.1285714285714286, 1.1267605633802817, 1.125, 1.1232876712328768, 1.1216216216216217, 1.12, 1.118421052631579, 1.1168831168831168, 1.1153846153846154, 1.1139240506329113, 1.1125, 1.1111111111111112, 1.1097560975609757, 1.108433734939759, 1.1071428571428572, 1.1058823529411765, 1.1046511627906976, 1.103448275862069], "connectivity": [38.0, 39.0, 40.0, 41.0, 42.0, 43.0, 44.0, 45.0, 46.0, 47.0, 48.0, 49.0, 50.0, 51.0, 52.0, 53.0, 54.0, 55.0, 56.0, 57.0, 58.0, 59.0, 60.0, 61.0, 62.0, 63.0, 64.0, 65.0, 66.0, 67.0, 68.0, 69.0, 70.0, 71.0, 72.0, 73.0, 74.0, 75.0, 76.0, 77.0, 78.0, 79.0, 80.0, 81.0, 82.0, 83.0, 84.0, 85.0, 86.0, 87.0], "sparseness": [0.033428165007112376, 0.032388663967611336, 0.03141025641025641, 0.03048780487804878, 0.029616724738675958, 0.028792912513842746, 0.028012684989429177, 0.02727272727272727, 0.026570048309178744, 0.025901942645698426, 0.02526595744680851, 0.02465986394557823, 0.024081632653061225, 0.023529411764705882, 0.023001508295625944, 0.022496371552975326, 0.0220125786163522, 0.02154882154882155, 0.021103896103896104, 0.020676691729323307, 0.02026618269812462, 0.019871420222092345, 0.019491525423728815, 0.01912568306010929, 0.01877313590692755, 0.018433179723502304, 0.018105158730158732, 0.017788461538461538, 0.017482517482517484, 0.017186793306196293, 0.016900790166812993, 0.016624040920716114, 0.016356107660455487, 0.01609657947686117, 0.01584507042253521, 0.015601217656012176, 0.015364679748241392, 0.015135135135135135, 0.014912280701754385, 0.01469583048530417, 0.014485514485514486, 0.014281077572216814, 0.014082278481012659, 0.013888888888888888, 0.01370069256248118, 0.013517484572436086, 0.01333907056798623, 0.013165266106442577, 0.012995896032831737, 0.012830793905372895], "hubs": [4.0, 4.0, 4.0, 5.0, 5.0, 5.0, 5.0, 5.0, 5.0, 5.0, 5.0, 5.0, 5.0, 7.0, 7.0, 7.0, 7.0, 7.0, 7.0, 7.0, 7.0, 7.0, 7.0, 7.0, 7.0, 7.0, 7.0, 7.0, 7.0, 7.0, 7.0, 7.0, 7.0, 8.0, 8.0, 8.0, 8.0, 8.0, 8.0, 8.0, 8.0, 8.0, 8.0, 81.0, 82.0, 83.0, 84.0, 85.0, 86.0, 87.0], "clusters": [2.0, 2.0, 2.0, 2.0, 2.0, 2.0, 2.0, 2.0, 2.0, 2.0, 2.0, 2.0, 2.0, 2.0, 2.0, 2.0, 2.0, 2.0, 2.0, 2.0, 2.0, 2.0, 2.0, 2.0, 2.0, 2.0, 2.0, 2.0, 2.0, 2.0, 2.0, 2.0, 2.0, 2.0, 2.0, 2.0, 2.0, 2.0, 2.0, 2.0, 2.0, 2.0, 2.0, 2.0, 2.0, 2.0, 2.0, 2.0, 2.0, 2.0], "communities": [2.0, 2.0, 2.0, 2.0, 2.0, 2.0, 2.0, 2.0, 2.0, 2.0, 2.0, 2.0, 2.0, 2.0, 2.0, 2.0, 2.0, 2.0, 2.0, 2.0, 2.0, 2.0, 2.0, 2.0, 2.0, 2.0, 2.0, 2.0, 2.0, 2.0, 2.0, 2.0, 2.0, 2.0, 2.0, 2.0, 2.0, 2.0, 2.0, 2.0, 2.0, 2.0, 2.0, 2.0, 2.0, 2.0, 2.0, 2.0, 2.0, 2.0], "fourier": [1.4017776338202388, 1.402498474282188, 1.403185688288728, 1.4038354473383996, 1.404455472353903, 1.4050429918363938, 1.4056054190378573, 1.4061481850322737, 1.4066661444248294, 1.4071601294539686, 1.4076288327946862, 1.4080805243807475, 1.4085107581481744, 1.4089218821191398, 1.4093158312912817, 1.4096920951276686, 1.4100502359562879, 1.4103958478507372, 1.4107382028692081, 1.4110766698001909, 1.4113923234250136, 1.41166989619087, 1.4119726860237867, 1.4122634454973753, 1.4125327144305129, 1.4128223661784192, 1.4130761808152081, 1.4133206554280509, 1.4135514018647943, 1.4137746049631523, 1.4139932576943557, 1.4142134044296708, 1.4144326726965712, 1.4146407792403282, 1.4148367086189853, 1.4150306069030052, 1.4152259926516824, 1.4154148273122675, 1.4155838598236747, 1.4157547156711414, 1.4159080632206984, 1.4160650187783952, 1.4162160960832182, 1.4163665691204703, 1.4165173287884432, 1.4166738575644542, 1.4168092997775579, 1.4169475277711567, 1.4170851045674264, 1.4172157489878687], "commute_time_efficiency": [0.3790896159317212, 0.38124156545209176, 0.38333333333333336, 0.3853658536585366, 0.3873403019744483, 0.3892580287929125, 0.39112050739957716, 0.3929292929292929, 0.39468599033816426, 0.3963922294172063, 0.3980496453900709, 0.39965986394557823, 0.40122448979591835, 0.4027450980392157, 0.4042232277526395, 0.4056603773584906, 0.40705800139762405, 0.4084175084175084, 0.40974025974025974, 0.41102756892230574, 0.41228070175438597, 0.41350087668030394, 0.41468926553672314, 0.4158469945355191, 0.4169751454257007, 0.4180747567844342, 0.4191468253968254, 0.4201923076923077, 0.4212121212121212, 0.4222071460877431, 0.4231782265144864, 0.42412617220801363, 0.42505175983436855, 0.42595573440643864, 0.42683881064162754, 0.4277016742770167, 0.42854498333950386, 0.42936936936936937, 0.4301754385964912, 0.4309637730690362, 0.4317349317349317, 0.43248945147679324, 0.4332278481012658, 0.4339506172839506, 0.4346582354712436, 0.43535116074052305, 0.43602983362019504, 0.43669467787114846, 0.43734610123119017, 0.437984496124031], "pagerank": [0.3759296471282387, 0.3780669074902951, 0.3800818274950145, 0.38201186749480925, 0.3838501219548635, 0.38562027607150623, 0.38729550222365966, 0.38889653472206903, 0.39041002210888204, 0.3918749309982616, 0.393278862160773, 0.39464411013961, 0.39593860715193774, 0.397182502065428, 0.39837870929795083, 0.3995299236424465, 0.40061710973405845, 0.4016840709538698, 0.4027129505969286, 0.4037057488875037, 0.404664328412809, 0.40561902427047863, 0.406515637891964, 0.4073829408612062, 0.4082223492055559, 0.40903045617583644, 0.40983034024954473, 0.41056747409948163, 0.4113063421167685, 0.4120231600595007, 0.41271889927324085, 0.41339447489694037, 0.41405074987055834, 0.41468853860454613, 0.4153373322975048, 0.41594161075815467, 0.4165296008338878, 0.4171019530912157, 0.41765928389281787, 0.4181917360672791, 0.418731188702493, 0.4192468435483458, 0.41974964225799566, 0.42020785254079457, 0.42068527643176046, 0.4211414841075657, 0.42160602001092684, 0.42205014138365515, 0.42248393257123656, 0.4229077494731911],