{"mistral_8b_instruct": {"clustering": [0.0256819581559711, 0.025875958200164657, 0.02606128674966014, 0.02624297051008461, 0.02641887828853568, 0.026591129638552726, 0.02675616499526089, 0.02691389629164974, 0.027066599371831753, 0.027214954163743175, 0.02735912263329573, 0.027499513382089058, 0.02763753245562311, 0.027772175515870988, 0.027902740877762348, 0.028031718550488, 0.028156116539544418, 0.02827388126615854, 0.028387292808425196, 0.028496092370459178, 0.028606282311921756, 0.028712936117451033, 0.028817073574437982, 0.02891846155759015, 0.02901798440325734, 0.029113584390572666, 0.029213436791640637, 0.02930816689070912, 0.029399016074143233, 0.02948764760039063, 0.029576113565952734, 0.02966110143933446, 0.029739984029530327, 0.02982157298924679, 0.02990259771203899, 0.029981337955919618, 0.030056083811247702, 0.030129325900405148, 0.030201145464119398, 0.03026987769458794, 0.030343973249524325, 0.030412339333556464, 0.03047798582832963, 0.030544449186368443, 0.0306108958261992, 0.030604883148003838, 0.030732131883014553, 0.030790315599820272, 0.030849889289798697, 0.03090897036180424], "average_shortest_path_length": [Infinity, Infinity, Infinity, Infinity, Infinity, Infinity, Infinity, Infinity, Infinity, Infinity, Infinity, Infinity, Infinity, Infinity, Infinity, Infinity, Infinity, Infinity, Infinity, Infinity, Infinity, Infinity, Infinity, Infinity, Infinity, Infinity, Infinity, Infinity, Infinity, Infinity, Infinity, Infinity, Infinity, Infinity, Infinity, Infinity, Infinity, Infinity, Infinity, Infinity, Infinity, Infinity, Infinity, Infinity, Infinity, Infinity, Infinity, Infinity, Infinity, Infinity], "average_degree": [9.736842105263158, 9.743589743589743, 9.75, 9.75609756097561, 9.761904761904763, 9.767441860465116, 9.772727272727273, 9.777777777777779, 9.782608695652174, 9.787234042553191, 9.791666666666666, 9.795918367346939, 9.8, 9.803921568627452, 9.807692307692308, 9.81132075471698, 9.814814814814815, 9.818181818181818, 9.821428571428571, 9.824561403508772, 9.827586206896552, 9.830508474576272, 9.833333333333334, 9.836065573770492, 9.838709677419354, 9.841269841269842, 9.84375, 9.846153846153847, 9.848484848484848, 9.850746268656716, 9.852941176470589, 9.855072463768115, 9.857142857142858, 9.859154929577464, 9.86111111111111, 9.863013698630137, 9.864864864864865, 9.866666666666667, 9.868421052631579, 9.87012987012987, 9.871794871794872, 9.873417721518987, 9.875, 9.876543209876543, 9.878048780487806, 9.879518072289157, 9.880952380952381, 9.882352941176471, 9.883720930232558, 9.885057471264368], "connectivity": [20.0, 21.0, 22.0, 23.0, 24.0, 25.0, 26.0, 27.0, 28.0, 29.0, 30.0, 31.0, 32.0, 33.0, 34.0, 35.0, 36.0, 37.0, 38.0, 39.0, 40.0, 41.0, 42.0, 43.0, 44.0, 45.0, 46.0, 47.0, 48.0, 49.0, 50.0, 51.0, 52.0, 53.0, 54.0, 55.0, 56.0, 57.0, 58.0, 59.0, 60.0, 61.0, 62.0, 63.0, 64.0, 64.0, 66.0, 67.0, 68.0, 69.0], "sparseness": [0.2631578947368421, 0.2564102564102564, 0.25, 0.24390243902439024, 0.23809523809523808, 0.23255813953488372, 0.22727272727272727, 0.2222222222222222, 0.21739130434782608, 0.2127659574468085, 0.20833333333333334, 0.20408163265306123, 0.2, 0.19607843137254902, 0.19230769230769232, 0.18867924528301888, 0.18518518518518517, 0.18181818181818182, 0.17857142857142858, 0.17543859649122806, 0.1724137931034483, 0.1694915254237288, 0.16666666666666666, 0.16393442622950818, 0.16129032258064516, 0.15873015873015872, 0.15625, 0.15384615384615385, 0.15151515151515152, 0.14925373134328357, 0.14705882352941177, 0.14492753623188406, 0.14285714285714285, 0.14084507042253522, 0.1388888888888889, 0.136986301369863, 0.13513513513513514, 0.13333333333333333, 0.13157894736842105, 0.12987012987012986, 0.1282051282051282, 0.12658227848101267, 0.125, 0.12345679012345678, 0.12195121951219512, 0.12048192771084337, 0.11904761904761904, 0.11764705882352941, 0.11627906976744186, 0.11494252873563218], "hubs": [4.0, 4.0, 4.0, 5.0, 5.0, 5.0, 5.0, 5.0, 5.0, 5.0, 5.0, 5.0, 5.0, 6.0, 6.0, 6.0, 6.0, 6.0, 6.0, 6.0, 6.0, 6.0, 6.0, 7.0, 7.0, 7.0, 7.0, 7.0, 7.0, 7.0, 7.0, 7.0, 7.0, 8.0, 8.0, 8.0, 8.0, 8.0, 8.0, 8.0, 8.0, 8.0, 8.0, 9.0, 9.0, 9.0, 9.0, 9.0, 9.0, 9.0], "clusters": [2.0, 2.0, 2.0, 2.0, 2.0, 2.0, 2.0, 2.0, 2.0, 2.0, 2.0, 2.0, 2.0, 2.0, 2.0, 2.0, 2.0, 2.0, 2.0, 2.0, 2.0, 2.0, 2.0, 2.0, 2.0, 2.0, 2.0, 2.0, 2.0, 2.0, 2.0, 2.0, 2.0, 2.0, 2.0, 2.0, 2.0, 2.0, 2.0, 2.0, 2.0, 2.0, 2.0, 2.0, 2.0, 2.0, 2.0, 2.0, 2.0, 2.0], "communities": [2.0, 2.0, 2.0, 2.0, 2.0, 2.0, 2.0, 2.0, 2.0, 2.0, 2.0, 2.0, 2.0, 2.0, 2.0, 2.0, 2.0, 2.0, 2.0, 2.0, 2.0, 2.0, 2.0, 2.0, 2.0, 2.0, 2.0, 2.0, 2.0, 2.0, 2.0, 2.0, 2.0, 2.0, 2.0, 2.0, 2.0, 2.0, 2.0, 2.0, 2.0, 2.0, 2.0, 2.0, 2.0, 2.0, 2.0, 2.0, 2.0, 2.0], "fourier": [1.878152109409506, 1.881261881582966, 1.8842173525773571, 1.887025614750088, 1.889700609104055, 1.8922482993764362, 1.8946819035771691, 1.8970109909093653, 1.8992378083526344, 1.9013683493126536, 1.903406349202158, 1.905362167206147, 1.907237503401869, 1.9090370256570874, 1.9107660193715488, 1.9124271329334679, 1.914023252492278, 1.9155617452069216, 1.9170531386772098, 1.9184986300821607, 1.9198850382878232, 1.9212367013789806, 1.9225377942655222, 1.9237944441075316, 1.92499999685879, 1.9261557303279964, 1.9273286326996784, 1.928422673025313, 1.9294773074175913, 1.930500979717087, 1.9314964872233682, 1.9324700175959413, 1.9334209046530466, 1.9343400293352153, 1.9352277514654506, 1.936093990748677, 1.9369427549562637, 1.9377676195416602, 1.9385563605266736, 1.9392879848202864, 1.9400708145009344, 1.9407997504517231, 1.9415085912448435, 1.9422054000418774, 1.942888868681426, 1.9435218844809306, 1.9442075166339539, 1.9448408973412665, 1.9454612383150895, 1.9460645455401604], "commute_time_efficiency": [0.7311522048364154, 0.7260458839406208, 0.7211538461538461, 0.7164634146341463, 0.7119628339140535, 0.707641196013289, 0.7034883720930233, 0.6994949494949495, 0.6956521739130435, 0.6919518963922294, 0.688386524822695, 0.6849489795918368, 0.6816326530612244, 0.6784313725490196, 0.6753393665158371, 0.6723512336719883, 0.6694619147449337, 0.6666666666666666, 0.663961038961039, 0.6613408521303258, 0.6588021778584392, 0.6563413208649912, 0.653954802259887, 0.6516393442622951, 0.6493918561607614, 0.6472094214029698, 0.6450892857142857, 0.6430288461538461, 0.6410256410256411, 0.6390773405698779, 0.6371817383669885, 0.6353367433930094, 0.6335403726708074, 0.6317907444668008, 0.6300860719874805, 0.6284246575342466, 0.6268048870788597, 0.6252252252252253, 0.6236842105263158, 0.6221804511278195, 0.6207126207126207, 0.6192794547224927, 0.617879746835443, 0.6165123456790124, 0.6151761517615176, 0.6138701146047605, 0.6125932300631096, 0.6113445378151261, 0.6101231190150479, 0.6089280940924886], "pagerank": [0.2284623793895404, 0.22770053419546574, 0.2269793702071035, 0.22629688248123328, 0.22564801723951097, 0.22503130332438145, 0.22444440336626034, 0.22388511245017612, 0.22335157275828937, 0.22284209618278944, 0.222355084364395, 0.22188902069897665, 0.22144265730494747, 0.22101474102791496, 0.22060414918858068, 0.22020986779485602, 0.21983096225605173, 0.2194665006970562, 0.21911560574839362, 0.2187775321532723, 0.21845174577200152, 0.2181606770024355, 0.21785726561149504, 0.21756425486674572, 0.217281199799983, 0.2169844788614816, 0.21677463450506523, 0.21651823717885266, 0.21626995280818634, 0.2160294204764867, 0.21579622125682624, 0.215569984636592, 0.21535044011934207, 0.21513732380970496, 0.21493037988622804, 0.21472928680682538, 0.21453378563464387, 0.214343690560302, 0.21415884044666225, 0.21392504383232736, 0.21380381678654756, 0.2136332553113682, 0.21346711551603123, 0.2133052714667134, 0.21314748780393472, 0.21294004891823107, 0.21284351677958596, 0.21269706981629208, 0.21255410597964772, 0.21241456203260198],