{"mistral_8b_instruct": {"clustering": [0.08640104373393871, 0.08622177138688533, 0.08605275788069153, 0.08589309587694777, 0.08574207100754222, 0.08559898456138983, 0.08546320563121988, 0.08533431602409727, 0.08521160444408024, 0.08509478448843166, 0.08498336407018871, 0.08487693185676544, 0.08477528588251876, 0.08467800773893246, 0.08458480775449068, 0.08449544048836462, 0.08440971451899913, 0.08432742059860218, 0.08424833350644399, 0.08417247378323925, 0.08409925510597815, 0.08403368972385221, 0.08396594240348348, 0.08390064680546605, 0.0838374892611677, 0.08377128099888927, 0.08372707378148274, 0.08367007637489068, 0.0836148326859147, 0.08356141740816878, 0.08350966336181014, 0.08345963787269516, 0.08341117237231652, 0.08336409621667576, 0.0833184527528955, 0.08327413377643447, 0.08323120485958628, 0.083189381543411, 0.08314871660165539, 0.08309245541081825, 0.08307040755567914, 0.08303278695859602, 0.08299612082935365, 0.08296058730437342, 0.08292598084963668, 0.08287514027754994, 0.08285937301315353, 0.08282735630178971, 0.082796143440161, 0.08276570433317489], "average_shortest_path_length": [Infinity, Infinity, Infinity, Infinity, Infinity, Infinity, Infinity, Infinity, Infinity, Infinity, Infinity, Infinity, Infinity, Infinity, Infinity, Infinity, Infinity, Infinity, Infinity, Infinity, Infinity, Infinity, Infinity, Infinity, Infinity, Infinity, Infinity, Infinity, Infinity, Infinity, Infinity, Infinity, Infinity, Infinity, Infinity, Infinity, Infinity, Infinity, Infinity, Infinity, Infinity, Infinity, Infinity, Infinity, Infinity, Infinity, Infinity, Infinity, Infinity, Infinity], "average_degree": [2.8947368421052633, 2.8974358974358974, 2.9, 2.902439024390244, 2.9047619047619047, 2.9069767441860463, 2.909090909090909, 2.911111111111111, 2.9130434782608696, 2.9148936170212765, 2.9166666666666665, 2.9183673469387754, 2.92, 2.9215686274509802, 2.923076923076923, 2.9245283018867925, 2.925925925925926, 2.9272727272727272, 2.9285714285714284, 2.9298245614035086, 2.9310344827586206, 2.9322033898305087, 2.933333333333333, 2.9344262295081966, 2.935483870967742, 2.9365079365079363, 2.9375, 2.9384615384615387, 2.9393939393939394, 2.9402985074626864, 2.9411764705882355, 2.9420289855072466, 2.942857142857143, 2.943661971830986, 2.9444444444444446, 2.9452054794520546, 2.945945945945946, 2.9466666666666668, 2.9473684210526314, 2.948051948051948, 2.948717948717949, 2.949367088607595, 2.95, 2.950617283950617, 2.951219512195122, 2.9518072289156625, 2.9523809523809526, 2.9529411764705884, 2.953488372093023, 2.954022988505747], "connectivity": [32.0, 33.0, 34.0, 35.0, 36.0, 37.0, 38.0, 39.0, 40.0, 41.0, 42.0, 43.0, 44.0, 45.0, 46.0, 47.0, 48.0, 49.0, 50.0, 51.0, 52.0, 53.0, 54.0, 55.0, 56.0, 57.0, 58.0, 59.0, 60.0, 61.0, 62.0, 63.0, 64.0, 65.0, 66.0, 67.0, 68.0, 69.0, 70.0, 71.0, 72.0, 73.0, 74.0, 75.0, 76.0, 77.0, 78.0, 79.0, 80.0, 81.0], "sparseness": [0.07823613086770982, 0.07624831309041835, 0.07435897435897436, 0.07256097560975609, 0.07084785133565621, 0.06921373200442968, 0.06765327695560254, 0.06616161616161616, 0.0647342995169082, 0.0633672525439408, 0.06205673758865248, 0.060799319727891155, 0.05959183673469388, 0.05843137254901961, 0.05731523378582202, 0.05624092888243832, 0.05520614954577219, 0.054208754208754206, 0.053246753246753244, 0.05231829573934837, 0.0514216575922565, 0.0505552308591467, 0.04971751412429379, 0.04890710382513661, 0.048122686409307246, 0.04736303123399897, 0.04662698412698413, 0.04591346153846154, 0.04522144522144522, 0.04454997738579828, 0.043898156277436345, 0.043265132139812444, 0.04265010351966874, 0.0420523138832998, 0.041471048513302036, 0.040905631659056314, 0.04035542391706775, 0.03981981981981982, 0.03929824561403509, 0.03879015721120984, 0.038295038295038296, 0.037812398571892246, 0.03734177215189873, 0.036882716049382716, 0.03643480879253237, 0.035997649133117836, 0.03557085484796328, 0.03515406162464986, 0.0347469220246238, 0.03434910451750869], "hubs": [4.0, 4.0, 4.0, 5.0, 5.0, 5.0, 5.0, 5.0, 5.0, 5.0, 5.0, 5.0, 5.0, 6.0, 6.0, 6.0, 6.0, 6.0, 6.0, 6.0, 6.0, 6.0, 6.0, 7.0, 7.0, 7.0, 7.0, 7.0, 7.0, 7.0, 7.0, 7.0, 7.0, 71.0, 72.0, 73.0, 74.0, 75.0, 76.0, 77.0, 78.0, 79.0, 80.0, 81.0, 82.0, 83.0, 84.0, 85.0, 86.0, 87.0], "clusters": [2.0, 2.0, 2.0, 2.0, 2.0, 2.0, 2.0, 2.0, 2.0, 2.0, 2.0, 2.0, 2.0, 2.0, 2.0, 2.0, 2.0, 2.0, 2.0, 2.0, 2.0, 2.0, 2.0, 2.0, 2.0, 2.0, 2.0, 2.0, 2.0, 2.0, 2.0, 2.0, 2.0, 2.0, 2.0, 2.0, 2.0, 2.0, 2.0, 2.0, 2.0, 2.0, 2.0, 2.0, 2.0, 2.0, 2.0, 2.0, 2.0, 2.0], "communities": [2.0, 2.0, 2.0, 2.0, 2.0, 2.0, 2.0, 2.0, 2.0, 2.0, 2.0, 2.0, 2.0, 2.0, 2.0, 2.0, 2.0, 2.0, 2.0, 2.0, 2.0, 2.0, 2.0, 2.0, 2.0, 2.0, 2.0, 2.0, 2.0, 2.0, 2.0, 2.0, 2.0, 2.0, 2.0, 2.0, 2.0, 2.0, 2.0, 2.0, 2.0, 2.0, 2.0, 2.0, 2.0, 2.0, 2.0, 2.0, 2.0, 2.0], "fourier": [1.554668186350408, 1.556637255888759, 1.558510001496293, 1.5602875508688916, 1.5619814787570296, 1.5635930279758927, 1.5651332285615505, 1.5666100444603148, 1.5680213130358496, 1.5693707323713177, 1.5706592051313744, 1.571896954950257, 1.5730819901983977, 1.5742181916032423, 1.5753092742104065, 1.5763563258678372, 1.5773604629582294, 1.5783285293357647, 1.579271098157071, 1.5801885753395624, 1.5810633018329374, 1.5818884198969765, 1.5827134471424642, 1.5835093030107603, 1.5842673093753492, 1.5850215011594484, 1.5857464610304388, 1.5864349508979705, 1.587095973227833, 1.5877370230793584, 1.5883612503207825, 1.588975268788976, 1.5895773931048522, 1.590157277570988, 1.5907144802529536, 1.591259750772918, 1.5917971269273803, 1.5923187920083304, 1.5928112972069328, 1.593278567585209, 1.5937570773501155, 1.5942128922439625, 1.5946553242414747, 1.5950909365115347, 1.5955200289354519, 1.5959275186658923, 1.5963485760444762, 1.5967454644675847, 1.5971355565606187, 1.5975130104919777], "commute_time_efficiency": [0.5768136557610242, 0.5748987854251012, 0.573076923076923, 0.5713414634146341, 0.5696864111498258, 0.5681063122923588, 0.5665961945031712, 0.5651515151515152, 0.563768115942029, 0.5624421831637373, 0.5611702127659575, 0.5599489795918368, 0.5587755102040817, 0.5576470588235294, 0.5565610859728507, 0.5555152394775036, 0.5545073375262054, 0.5535353535353535, 0.5525974025974026, 0.5516917293233082, 0.5508166969147006, 0.5499707773232028, 0.5491525423728814, 0.5483606557377049, 0.5475938656795346, 0.5468509984639017, 0.5461309523809523, 0.5454326923076923, 0.5447552447552447, 0.5440976933514247, 0.543459174714662, 0.5428388746803069, 0.5422360248447204, 0.5416498993963783, 0.5410798122065728, 0.5405251141552512, 0.5399851906701222, 0.5394594594594595, 0.5389473684210526, 0.5384483937115516, 0.537962037962038, 0.5374878286270691, 0.5370253164556962, 0.5365740740740741, 0.53613369467028, 0.5357037907728475, 0.5352839931153184, 0.5348739495798319, 0.5344733242134063, 0.5340817963111467], "pagerank": [0.24928447983407678, 0.24851308027928254, 0.24778278320592426, 0.24709048864874564, 0.24643322867722478, 0.24580848413722856, 0.2452138691233731, 0.24464716125125097, 0.24410651629499355, 0.24359021189559885, 0.24309665667325853, 0.24262429143234496, 0.24216527611856672, 0.24173137086294244, 0.24131500889945198, 0.24091516587223558, 0.24053090181766484, 0.2401612675108311, 0.23980535364699485, 0.23946240389148152, 0.2391319348080661, 0.23883810726738114, 0.2385302674106381, 0.23823297369747087, 0.2379457979149888, 0.23764337129863428, 0.2374324489807804, 0.23717227198400032, 0.2369203344039434, 0.23667625045589943, 0.23643959953145965, 0.23620998803429097, 0.2363552747030508, 0.23658108136446168, 0.2368003038258332, 0.23701336234417658, 0.23722055913212986, 0.23742202220386296, 0.2376178264012312, 0.23778309273954865, 0.23799391500586017, 0.23817461584302488, 0.23835062518335978, 0.23852209078869288, 0.23868929107389295, 0.23882717756873392, 0.23901142504718773, 0.23916661009650042, 0.23931813487545936, 0.2394659998559629],