{"mistral_8b_instruct": {"clustering": [0.0, 0.0, 0.0, 0.0, 0.0, 0.0, 0.0, 0.0, 0.0, 0.0, 0.0, 0.0, 0.0, 0.0, 0.0, 0.0, 0.0, 0.0, 0.0, 0.0, 0.0, 0.0, 0.0, 0.0, 0.0, 0.0, 0.0, 0.0, 0.0, 0.0, 0.0, 0.0, 0.0, 0.0, 0.0, 0.0, 0.0, 0.0, 0.0, 0.0, 0.0, 0.0, 0.0, 0.0, 0.0, 0.0, 0.0, 0.0, 0.0, 0.0], "average_shortest_path_length": [Infinity, Infinity, Infinity, Infinity, Infinity, Infinity, Infinity, Infinity, Infinity, Infinity, Infinity, Infinity, Infinity, Infinity, Infinity, Infinity, Infinity, Infinity, Infinity, Infinity, Infinity, Infinity, Infinity, Infinity, Infinity, Infinity, Infinity, Infinity, Infinity, Infinity, Infinity, Infinity, Infinity, Infinity, Infinity, Infinity, Infinity, Infinity, Infinity, Infinity, Infinity, Infinity, Infinity, Infinity, Infinity, Infinity, Infinity, Infinity, Infinity, Infinity], "average_degree": [0.7894736842105263, 0.7948717948717948, 0.8, 0.8048780487804879, 0.8095238095238095, 0.813953488372093, 0.8181818181818182, 0.8222222222222222, 0.8260869565217391, 0.8297872340425532, 0.8333333333333334, 0.8367346938775511, 0.84, 0.8431372549019608, 0.8461538461538461, 0.8490566037735849, 0.8518518518518519, 0.8545454545454545, 0.8571428571428571, 0.8596491228070176, 0.8620689655172413, 0.864406779661017, 0.8666666666666667, 0.8688524590163934, 0.8709677419354839, 0.873015873015873, 0.875, 0.8769230769230769, 0.8787878787878788, 0.8805970149253731, 0.8823529411764706, 0.8840579710144928, 0.8857142857142857, 0.8873239436619719, 0.8888888888888888, 0.8904109589041096, 0.8918918918918919, 0.8933333333333333, 0.8947368421052632, 0.8961038961038961, 0.8974358974358975, 0.8987341772151899, 0.9, 0.9012345679012346, 0.9024390243902439, 0.9036144578313253, 0.9047619047619048, 0.9058823529411765, 0.9069767441860465, 0.9080459770114943], "connectivity": [38.0, 39.0, 40.0, 41.0, 42.0, 43.0, 44.0, 45.0, 46.0, 47.0, 48.0, 49.0, 50.0, 51.0, 52.0, 53.0, 54.0, 55.0, 56.0, 57.0, 58.0, 59.0, 60.0, 61.0, 62.0, 63.0, 64.0, 65.0, 66.0, 67.0, 68.0, 69.0, 70.0, 71.0, 72.0, 73.0, 74.0, 75.0, 76.0, 77.0, 78.0, 79.0, 80.0, 81.0, 82.0, 83.0, 84.0, 85.0, 86.0, 87.0], "sparseness": [0.021337126600284494, 0.020917678812415654, 0.020512820512820513, 0.020121951219512196, 0.019744483159117306, 0.01937984496124031, 0.019027484143763214, 0.018686868686868686, 0.018357487922705314, 0.018038852913968548, 0.01773049645390071, 0.017431972789115645, 0.017142857142857144, 0.016862745098039214, 0.016591251885369532, 0.01632801161103048, 0.01607267645003494, 0.015824915824915825, 0.015584415584415584, 0.015350877192982455, 0.015124016938898971, 0.014903565166569257, 0.014689265536723164, 0.01448087431693989, 0.014278159703860392, 0.01408090117767537, 0.013888888888888888, 0.013701923076923077, 0.01351981351981352, 0.013342379014020805, 0.013169446883230905, 0.01300085251491901, 0.012836438923395446, 0.01267605633802817, 0.012519561815336464, 0.012366818873668188, 0.012217697149203998, 0.012072072072072072, 0.011929824561403509, 0.011790840738209159, 0.011655011655011656, 0.011522233041220383, 0.01139240506329114, 0.011265432098765432, 0.011141222523336344, 0.011019688510138114, 0.010900745840504877, 0.010784313725490196, 0.0106703146374829, 0.010558674151296445], "hubs": [31.0, 32.0, 33.0, 34.0, 35.0, 36.0, 37.0, 38.0, 39.0, 40.0, 41.0, 42.0, 43.0, 44.0, 45.0, 46.0, 47.0, 48.0, 49.0, 50.0, 51.0, 52.0, 53.0, 54.0, 55.0, 56.0, 57.0, 58.0, 59.0, 60.0, 61.0, 62.0, 63.0, 64.0, 65.0, 66.0, 67.0, 68.0, 69.0, 70.0, 71.0, 72.0, 73.0, 74.0, 75.0, 76.0, 77.0, 78.0, 79.0, 80.0], "clusters": [8.0, 8.0, 8.0, 8.0, 8.0, 8.0, 8.0, 8.0, 8.0, 8.0, 8.0, 8.0, 8.0, 8.0, 8.0, 8.0, 8.0, 8.0, 8.0, 8.0, 8.0, 8.0, 8.0, 8.0, 8.0, 8.0, 8.0, 8.0, 8.0, 8.0, 8.0, 8.0, 8.0, 8.0, 8.0, 8.0, 8.0, 8.0, 8.0, 8.0, 8.0, 8.0, 8.0, 8.0, 8.0, 8.0, 8.0, 8.0, 8.0, 8.0], "communities": [8.0, 8.0, 8.0, 8.0, 8.0, 8.0, 8.0, 8.0, 8.0, 8.0, 8.0, 8.0, 8.0, 8.0, 8.0, 8.0, 8.0, 8.0, 8.0, 8.0, 8.0, 8.0, 8.0, 8.0, 8.0, 8.0, 8.0, 8.0, 8.0, 8.0, 8.0, 8.0, 8.0, 8.0, 8.0, 8.0, 8.0, 8.0, 8.0, 8.0, 8.0, 8.0, 8.0, 8.0, 8.0, 8.0, 8.0, 8.0, 8.0, 8.0], "fourier": [1.1292406114359677, 1.1369495806770005, 1.1442755170236707, 1.151240158299319, 1.157874356863373, 1.1641963208921549, 1.1702325360696233, 1.1760058105744446, 1.1815268650639101, 1.1868110475262605, 1.1918703567404716, 1.1967252825317205, 1.2013826211361296, 1.2058550811269382, 1.210154161087392, 1.2142881922861162, 1.2182649239080958, 1.2220975414761504, 1.2258023662513107, 1.2293853215440091, 1.2328335846215261, 1.2361277246004707, 1.2393562172932273, 1.2424767549427271, 1.2454845188848103, 1.2484349558513983, 1.2512159484106877, 1.2539505804451376, 1.256596024987684, 1.2591618456513718, 1.2616542154312778, 1.2640821743733046, 1.2664461744981526, 1.2687385979179424, 1.2709609464816338, 1.2731257456168512, 1.2752387646261523, 1.2772940956604102, 1.279280506219868, 1.2812559254035802, 1.2830996674016044, 1.2849377418937213, 1.2867279101596023, 1.288477002776158, 1.2901873913019883, 1.2918978714126197, 1.2934872179455426, 1.295076293960695, 1.2966309781268541, 1.2981461527362683], "commute_time_efficiency": [0.35206258890469416, 0.35560053981106615, 0.358974358974359, 0.3621951219512195, 0.36527293844367015, 0.3682170542635659, 0.37103594080338265, 0.37373737373737376, 0.37632850241545895, 0.3788159111933395, 0.38120567375886527, 0.3835034013605442, 0.38571428571428573, 0.38784313725490194, 0.389894419306184, 0.3918722786647315, 0.39378057302585606, 0.3956228956228956, 0.3974025974025974, 0.3991228070175439, 0.40078644888082277, 0.40239625949736996, 0.403954802259887, 0.4054644808743169, 0.40692755156002114, 0.40834613415258575, 0.4097222222222222, 0.4110576923076923, 0.41235431235431236, 0.41361374943464496, 0.41483757682177347, 0.41602728047740833, 0.41718426501035194, 0.4183098591549296, 0.4194053208137715, 0.4204718417047184, 0.4215105516475379, 0.42252252252252254, 0.42350877192982456, 0.4244702665755297, 0.4254079254079254, 0.4263226225251542, 0.4272151898734177, 0.4280864197530864, 0.42893706714844926, 0.4297678518953864, 0.43057946069994263, 0.43137254901960786, 0.43214774281805746, 0.43290564020315425], "pagerank": [0.4173173218876526, 0.4185089812626519, 0.4196347949384966, 0.4207161976957106, 0.42172852444508574, 0.42267407381644473, 0.4235850620645955, 0.42445178740299777, 0.4252943657219722, 0.42608418329116177, 0.42683851292738495, 0.4275417139963081, 0.4282295428566316, 0.42888817468186957, 0.42951941472698457, 0.4301456931269938, 0.4307293825935362, 0.43129043862927086, 0.4318094518613708, 0.43232688291098526, 0.4328251710926027, 0.4333053506216844, 0.4337906249990103, 0.4342394595629323, 0.43467298189620573, 0.4350919690222346, 0.43549714636693904, 0.4358641330679629, 0.4362416834216715, 0.4366072427907754, 0.436961368615882, 0.43730458426391006, 0.4376644284255529, 0.4379891555117916, 0.4383044325953887, 0.4386106698220977, 0.438908253963236, 0.4391975500540911, 0.4394489396392005, 0.43972087994230113, 0.43998545679300466, 0.4402429627130441, 0.440493674926637, 0.4407378563494398, 0.4410076209273875, 0.4412411411151519, 0.4414688841454798, 0.4416910635950038, 0.44190788263996156, 0.44211953468061954], "eigenvector_centrality": [0.0, 0.0, 0.0, 0.0, 0.0, 0.0, 0.0, 0.0, 0.0, 0.0, 0.0, 0.0, 0.0, 0.0, 0.0, 0.0, 0.0, 0.0, 0.0, 0.0, 0.0, 0.0, 0.0, 0.0, 0.0, 0.0, 0.0, 0.0, 0.0, 0.0, 0.0, 0.0, 0.0, 0.0, 0.0, 0.0, 0.0, 0.0, 0.0, 0.0, 0.0, 0.0, 0.0, 0.0, 0.0, 0.0, 0.0, 0.0, 0.0, 0.0], "cycle_count": [0.0, 0.0, 0.0, 0.0, 0.0, 0.0, 0.0, 0.0, 0.0, 0.0, 0.0, 0.0, 0.0, 0.0, 0.0, 0.0, 0.0, 0.0, 0.0, 0.0, 0.0, 0.0, 0.0, 0.0, 0.0, 0.0, 0.0, 0.0, 0.0, 0.0, 0.0, 0.0, 0.0, 0.0, 0.0, 0.0, 0.0, 0.0, 0.0, 0.0, 0.0, 0.0, 0.0, 0.0, 0.0, 0.0, 0.0, 0.0, 0.0, 0.0]}, "mistral_24b_instruct": {"clustering": [0.0, 0.0, 0.0, 0.0, 0.0, 0.0, 0.0, 0.0, 0.0, 0.0, 0.0, 0.0, 0.0, 0.0, 0.0, 0.0, 0.0, 0.0, 0.0, 0.0, 0.0, 0.0, 0.0, 0.0, 0.0, 0.0, 0.0, 0.0, 0.0, 0.0, 0.0, 0.0, 0.0, 0.0, 0.0, 0.0, 0.0, 0.0, 0.0, 0.0, 0.0, 0.0, 0.0, 0.0, 0.0, 0.0, 0.0, 0.0, 0.0, 0.0],