{"mistral_8b_instruct": {"clustering": [0.005404190933827055, 0.0054485868853938624, 0.005518781431110296, 0.005565672514451063, 0.005560374941212077, 0.005622493590074524, 0.005669048883488555, 0.005716131938718224, 0.0057589621599360066, 0.005796124422442159, 0.0058453800278233286, 0.005892806310526048, 0.005941356257314548, 0.00599182744014915, 0.00604191102882495, 0.006095274749966761, 0.006149782914548408, 0.006203012058411147, 0.006255795357808039, 0.00630495203327841, 0.0063564706326025905, 0.00640746312131164, 0.006452265349342109, 0.0064963849207546245, 0.006543750871275142, 0.006590203582850929, 0.006634733867929502, 0.006676143739581423, 0.006718801698119623, 0.0067580597269392955, 0.006800626867214353, 0.006838930216684874, 0.0068789029106768535, 0.006917719972572405, 0.006956299635828847, 0.006995537646930402, 0.007034151215075282, 0.007069830161553356, 0.007107713134381223, 0.00714528975140935, 0.007183849509528142, 0.007218477054732777, 0.0072525895272113755, 0.00728649233258788, 0.007319416532948363, 0.007351486188485493, 0.0073822785685672505, 0.007414617125249649, 0.0074447422132586935, 0.007474989520498517], "average_shortest_path_length": [Infinity, Infinity, Infinity, Infinity, Infinity, Infinity, Infinity, Infinity, Infinity, Infinity, Infinity, Infinity, Infinity, Infinity, Infinity, Infinity, Infinity, Infinity, Infinity, Infinity, Infinity, Infinity, Infinity, Infinity, Infinity, Infinity, Infinity, Infinity, Infinity, Infinity, Infinity, Infinity, Infinity, Infinity, Infinity, Infinity, Infinity, Infinity, Infinity, Infinity, Infinity, Infinity, Infinity, Infinity, Infinity, Infinity, Infinity, Infinity, Infinity, Infinity], "average_degree": [19.42105263157895, 19.435897435897434, 19.45, 19.463414634146343, 19.476190476190474, 19.488372093023255, 19.5, 19.511111111111113, 19.52173913043478, 19.53191489361702, 19.541666666666668, 19.551020408163264, 19.56, 19.568627450980394, 19.576923076923077, 19.58490566037736, 19.59259259259259, 19.6, 19.607142857142858, 19.614035087719298, 19.620689655172413, 19.627118644067796, 19.633333333333333, 19.639344262295083, 19.64516129032258, 19.650793650793652, 19.65625, 19.661538461538463, 19.666666666666668, 19.671641791044777, 19.676470588235293, 19.681159420289855, 19.685714285714287, 19.690140845070424, 19.694444444444443, 19.698630136986303, 19.7027027027027, 19.706666666666667, 19.710526315789473, 19.714285714285715, 19.71794871794872, 19.72151898734177, 19.725, 19.728395061728396, 19.73170731707317, 19.734939759036145, 19.738095238095237, 19.741176470588236, 19.74418604651163, 19.74712643678161], "connectivity": [2.0, 2.0, 3.0, 3.0, 3.0, 4.0, 5.0, 6.0, 6.0, 6.0, 7.0, 8.0, 9.0, 10.0, 11.0, 12.0, 13.0, 14.0, 15.0, 16.0, 17.0, 18.0, 19.0, 20.0, 21.0, 22.0, 23.0, 24.0, 25.0, 26.0, 27.0, 28.0, 29.0, 30.0, 31.0, 32.0, 33.0, 34.0, 35.0, 36.0, 37.0, 38.0, 39.0, 40.0, 41.0, 42.0, 43.0, 44.0, 45.0, 46.0], "sparseness": [0.5248933143669986, 0.5114709851551957, 0.4987179487179487, 0.4865853658536585, 0.47502903600464574, 0.4640088593576966, 0.45348837209302323, 0.44343434343434346, 0.43381642512077295, 0.4246068455134135, 0.4157801418439716, 0.407312925170068, 0.39918367346938777, 0.39137254901960783, 0.3838612368024133, 0.37663280116110304, 0.3696715583508036, 0.362962962962963, 0.3564935064935065, 0.35025062656641603, 0.3442226255293406, 0.3383985973115137, 0.3327683615819209, 0.3273224043715847, 0.3220518244315177, 0.3169482846902202, 0.31200396825396826, 0.3072115384615385, 0.30256410256410254, 0.29805517865219355, 0.29367866549604915, 0.2894288150042626, 0.28530020703933745, 0.2812877263581489, 0.2773865414710485, 0.2735920852359209, 0.2699000370233247, 0.2663063063063063, 0.26280701754385966, 0.2593984962406015, 0.25607725607725607, 0.25283998701720223, 0.24968354430379747, 0.24660493827160493, 0.2436013249021379, 0.2406699970614164, 0.23780837636259322, 0.2350140056022409, 0.23228454172366622, 0.22961774926490244], "hubs": [4.0, 4.0, 4.0, 5.0, 5.0, 5.0, 5.0, 5.0, 5.0, 5.0, 5.0, 5.0, 5.0, 6.0, 6.0, 6.0, 6.0, 6.0, 6.0, 6.0, 6.0, 6.0, 6.0, 7.0, 7.0, 7.0, 7.0, 7.0, 7.0, 7.0, 7.0, 7.0, 7.0, 8.0, 8.0, 8.0, 8.0, 8.0, 8.0, 8.0, 8.0, 8.0, 8.0, 9.0, 9.0, 9.0, 9.0, 9.0, 9.0, 9.0], "clusters": [2.0, 2.0, 2.0, 2.0, 2.0, 2.0, 2.0, 2.0, 2.0, 2.0, 2.0, 2.0, 2.0, 2.0, 2.0, 2.0, 2.0, 2.0, 2.0, 2.0, 2.0, 2.0, 2.0, 2.0, 2.0, 2.0, 2.0, 2.0, 2.0, 2.0, 2.0, 2.0, 2.0, 2.0, 2.0, 2.0, 2.0, 2.0, 2.0, 2.0, 2.0, 2.0, 2.0, 2.0, 2.0, 2.0, 2.0, 2.0, 2.0, 2.0], "communities": [2.0, 2.0, 2.0, 2.0, 2.0, 2.0, 2.0, 2.0, 2.0, 2.0, 2.0, 2.0, 2.0, 2.0, 2.0, 2.0, 2.0, 2.0, 2.0, 2.0, 2.0, 2.0, 2.0, 2.0, 2.0, 2.0, 2.0, 2.0, 2.0, 2.0, 2.0, 2.0, 2.0, 2.0, 2.0, 2.0, 2.0, 2.0, 2.0, 2.0, 2.0, 2.0, 2.0, 2.0, 2.0, 2.0, 2.0, 2.0, 2.0, 2.0], "fourier": [1.8782802490633699, 1.881397687905024, 1.8843592450828575, 1.887175250585978, 1.889856981827507, 1.8924128803438827, 1.894852783831255, 1.8971851179664847, 1.8994160887544798, 1.9015511528538445, 1.9035960540825576, 1.9055575159221765, 1.9074399105362894, 1.9092473669721552, 1.9109846077305233, 1.912654769373156, 1.9142613896667247, 1.9158098402294395, 1.9173066040424078, 1.918753481266504, 1.920146562793694, 1.9215039683639061, 1.9228074269260989, 1.9240674066779326, 1.9252818095919888, 1.9264466946375993, 1.927628279440638, 1.928730214531458, 1.929795356463414, 1.9308294133448418, 1.9318342020332036, 1.9328131652303255, 1.933766674537259, 1.9346908095600148, 1.9355864772957705, 1.936458987662818, 1.937310602771078, 1.938138813772708, 1.9389375513844456, 1.93967879463485, 1.9404711305146434, 1.941208703374395, 1.9419266940997957, 1.9426311981712345, 1.9433201203396127, 1.9439584633576283, 1.9446488121977894, 1.9452882052035065, 1.945913028745666, 1.9465226792748687], "commute_time_efficiency": [0.8904694167852063, 0.8839406207827261, 0.8775641025641026, 0.8713414634146341, 0.8652729384436701, 0.8593576965669989, 0.8535940803382663, 0.847979797979798, 0.842512077294686, 0.8371877890841813, 0.8324468085106383, 0.8278061224489796, 0.823265306122449, 0.8188235294117647, 0.8144796380090498, 0.8098693759071117, 0.8053808525506638, 0.8010101010101011, 0.7964285714285714, 0.7919799498746867, 0.7876588021778584, 0.7834599649327878, 0.7796610169491526, 0.7759562841530054, 0.7723426758328926, 0.7688172043010753, 0.7653769841269841, 0.7620192307692307, 0.7587412587412588, 0.7557666214382632, 0.752414398595259, 0.7493606138107417, 0.7461697722567288, 0.7434607645875252, 0.7406103286384976, 0.7378234398782344, 0.7349129951869678, 0.7324324324324324, 0.7298245614035088, 0.7272727272727273, 0.7246087246087246, 0.7223304122038299, 0.7199367088607594, 0.7177469135802469, 0.7154471544715447, 0.7133411695562739, 0.7112736660929432, 0.7091036414565827, 0.7069767441860465, 0.7048917401764234], "pagerank": [0.22845763115618023, 0.22769552099815502, 0.22697415125114076, 0.22629139081823682, 0.2256422967140252, 0.2250253008553374, 0.22443818924659406, 0.22387879782961898, 0.22334512465657497, 0.22283550122725518, 0.2223482569907825, 0.221882006519988, 0.22143540583409257, 0.22100722135681367, 0.220596350665105, 0.22020176239838557, 0.21982249891963027, 0.21945769945761104, 0.21910662981096243, 0.21876852248163237, 0.21844251528018443, 0.21815125711583402, 0.21784777686869364, 0.21755466311757807, 0.21727131108342707, 0.21697428473118158, 0.2167641458463365, 0.2165074860208567, 0.21625884809167098, 0.21601796694333675, 0.21578445781763386, 0.21555804560762215, 0.21533842322577987, 0.21512514591488188, 0.21491793911159757, 0.21471664140057906, 0.21452105409191516, 0.21433085557476114, 0.2141456719739418, 0.21391156068049044, 0.21379001214855328, 0.21361916488955676, 0.21345272180031957, 0.21329062476321722, 0.213132665335229, 0.21292506110347262, 0.21282837241138516, 0.2126817304661491, 0.21253862412113453, 0.2123988738555253],