{"mistral_8b_instruct": {"clustering": [0.0456971108033887, 0.04452539001355822, 0.04341225526321927, 0.042353419768994406, 0.04134500501258978, 0.04038349326811095, 0.039465686602926604, 0.03858867134508379, 0.03774978718540806, 0.0369466002240164, 0.036176879386016055, 0.03543857572507696, 0.034729804210575414, 0.034048827657426874, 0.03339404251016867, 0.0327639662363919, 0.03215722612090316, 0.03157254928234129, 0.031008753759442335, 0.03046474053559247, 0.02993948638842708, 0.029444043782888733, 0.02895330971984059, 0.028478665298203858, 0.028019331986942505, 0.027563336675059853, 0.02714288563224204, 0.02672530277636139, 0.026320373946416523, 0.0259275325442312, 0.025546245300933683, 0.025176009861789715, 0.024816352578049865, 0.024466826485401275, 0.024127009450881812, 0.023796502472102608, 0.023474928114371494, 0.02316192907284654, 0.02285716684820382, 0.022551820915958063, 0.022271085646967826, 0.02198917317042393, 0.02171430850579363, 0.021446230623006057, 0.021184691225164518, 0.020921568801551455, 0.020680293815041554, 0.020436996240746946, 0.02019935674957547, 0.019967180235212535], "average_shortest_path_length": [Infinity, Infinity, Infinity, Infinity, Infinity, Infinity, Infinity, Infinity, Infinity, Infinity, Infinity, Infinity, Infinity, Infinity, Infinity, Infinity, Infinity, Infinity, Infinity, Infinity, Infinity, Infinity, Infinity, Infinity, Infinity, Infinity, Infinity, Infinity, Infinity, Infinity, Infinity, Infinity, Infinity, Infinity, Infinity, Infinity, Infinity, Infinity, Infinity, Infinity, Infinity, Infinity, Infinity, Infinity, Infinity, Infinity, Infinity, Infinity, Infinity, Infinity], "average_degree": [1.0789473684210527, 1.0769230769230769, 1.075, 1.0731707317073171, 1.0714285714285714, 1.069767441860465, 1.0681818181818181, 1.0666666666666667, 1.065217391304348, 1.0638297872340425, 1.0625, 1.0612244897959184, 1.06, 1.0588235294117647, 1.0576923076923077, 1.0566037735849056, 1.0555555555555556, 1.0545454545454545, 1.0535714285714286, 1.0526315789473684, 1.0517241379310345, 1.0508474576271187, 1.05, 1.0491803278688525, 1.0483870967741935, 1.0476190476190477, 1.046875, 1.0461538461538462, 1.0454545454545454, 1.044776119402985, 1.0441176470588236, 1.0434782608695652, 1.042857142857143, 1.0422535211267605, 1.0416666666666667, 1.0410958904109588, 1.0405405405405406, 1.04, 1.0394736842105263, 1.0389610389610389, 1.0384615384615385, 1.0379746835443038, 1.0375, 1.037037037037037, 1.0365853658536586, 1.036144578313253, 1.0357142857142858, 1.035294117647059, 1.0348837209302326, 1.0344827586206897], "connectivity": [38.0, 39.0, 40.0, 41.0, 42.0, 43.0, 44.0, 45.0, 46.0, 47.0, 48.0, 49.0, 50.0, 51.0, 52.0, 53.0, 54.0, 55.0, 56.0, 57.0, 58.0, 59.0, 60.0, 61.0, 62.0, 63.0, 64.0, 65.0, 66.0, 67.0, 68.0, 69.0, 70.0, 71.0, 72.0, 73.0, 74.0, 75.0, 76.0, 77.0, 78.0, 79.0, 80.0, 81.0, 82.0, 83.0, 84.0, 85.0, 86.0, 87.0], "sparseness": [0.029160739687055477, 0.02834008097165992, 0.027564102564102563, 0.026829268292682926, 0.02613240418118467, 0.02547065337763012, 0.024841437632135307, 0.024242424242424242, 0.023671497584541065, 0.02312673450508788, 0.022606382978723406, 0.022108843537414966, 0.02163265306122449, 0.021176470588235293, 0.020739064856711915, 0.020319303338171262, 0.019916142557651992, 0.019528619528619527, 0.019155844155844155, 0.018796992481203006, 0.018451300665456746, 0.018118059614260665, 0.017796610169491526, 0.017486338797814208, 0.01718667371760973, 0.016897081413210446, 0.016617063492063492, 0.016346153846153847, 0.016083916083916083, 0.015829941203075532, 0.015583845478489903, 0.015345268542199489, 0.015113871635610766, 0.01488933601609658, 0.014671361502347418, 0.01445966514459665, 0.014253980007404665, 0.014054054054054054, 0.013859649122807018, 0.01367053998632946, 0.013486513486513486, 0.013307367737747485, 0.013132911392405064, 0.012962962962962963, 0.012797350195724179, 0.012635909491625037, 0.012478485370051634, 0.012324929971988795, 0.012175102599179206, 0.012028869286287089], "hubs": [8.0, 8.0, 8.0, 8.0, 8.0, 8.0, 8.0, 8.0, 8.0, 8.0, 8.0, 8.0, 8.0, 8.0, 8.0, 8.0, 8.0, 8.0, 8.0, 8.0, 8.0, 8.0, 8.0, 8.0, 8.0, 8.0, 8.0, 8.0, 8.0, 8.0, 8.0, 8.0, 8.0, 8.0, 8.0, 8.0, 8.0, 8.0, 8.0, 8.0, 8.0, 8.0, 8.0, 81.0, 82.0, 83.0, 84.0, 85.0, 86.0, 87.0], "clusters": [2.0, 2.0, 2.0, 2.0, 2.0, 2.0, 2.0, 2.0, 2.0, 2.0, 2.0, 2.0, 2.0, 2.0, 2.0, 2.0, 2.0, 2.0, 2.0, 2.0, 2.0, 2.0, 2.0, 2.0, 2.0, 2.0, 2.0, 2.0, 2.0, 2.0, 2.0, 2.0, 2.0, 2.0, 2.0, 2.0, 2.0, 2.0, 2.0, 2.0, 2.0, 2.0, 2.0, 2.0, 2.0, 2.0, 2.0, 2.0, 2.0, 2.0], "communities": [2.0, 2.0, 2.0, 2.0, 2.0, 2.0, 2.0, 2.0, 2.0, 2.0, 2.0, 2.0, 2.0, 2.0, 2.0, 2.0, 2.0, 2.0, 2.0, 2.0, 2.0, 2.0, 2.0, 2.0, 2.0, 2.0, 2.0, 2.0, 2.0, 2.0, 2.0, 2.0, 2.0, 2.0, 2.0, 2.0, 2.0, 2.0, 2.0, 2.0, 2.0, 2.0, 2.0, 2.0, 2.0, 2.0, 2.0, 2.0, 2.0, 2.0], "fourier": [1.3585302801842392, 1.3603600271496756, 1.3621007023345284, 1.363752534212351, 1.3653269143022844, 1.3668244002510919, 1.3682554318067668, 1.3696281975174296, 1.3709400696820473, 1.372194183961033, 1.3733913444995196, 1.3745417603365029, 1.3756427693848148, 1.3766983637236891, 1.3777119959418975, 1.3786845585584613, 1.3796169130272513, 1.3805158580658647, 1.3813917843304944, 1.3822451007095244, 1.3830578503531517, 1.383903437749439, 1.3846690018897128, 1.3854073627425487, 1.386109794300764, 1.3867366608106733, 1.3874464834723992, 1.388085261121285, 1.388698362017222, 1.3892925060088273, 1.3898711896070062, 1.3904409315319932, 1.3909998065545748, 1.3915379534665284, 1.3920547554253773, 1.392560735259995, 1.3930597679227665, 1.393544152246404, 1.3940009567981513, 1.3944118658248041, 1.3948785679650606, 1.3953017196652335, 1.3957123382089713, 1.3961159440594857, 1.3965136625696655, 1.3968738643335148, 1.397281911325894, 1.3976498733012774, 1.398011841428592, 1.398361718758676], "commute_time_efficiency": [0.3748221906116643, 0.37719298245614036, 0.37948717948717947, 0.38170731707317074, 0.38385598141695704, 0.3859357696566999, 0.3879492600422833, 0.3898989898989899, 0.3917874396135266, 0.39361702127659576, 0.3953900709219858, 0.397108843537415, 0.39877551020408164, 0.4003921568627451, 0.4019607843137255, 0.4034833091436865, 0.40496156533892386, 0.4063973063973064, 0.4077922077922078, 0.4091478696741855, 0.4104658197217181, 0.41174751607247223, 0.4129943502824859, 0.41420765027322404, 0.41538868323638284, 0.41653865847414234, 0.4176587301587302, 0.41875, 0.41981351981351983, 0.42085029398462237, 0.4218612818261633, 0.42284739982949704, 0.4238095238095238, 0.424748490945674, 0.42566510172143973, 0.4265601217656012, 0.42743428359866714, 0.4282882882882883, 0.42912280701754385, 0.4299384825700615, 0.43073593073593075, 0.4315157416423239, 0.43227848101265826, 0.4330246913580247, 0.4337548931044866, 0.434469585659712, 0.43516924842226046, 0.4358543417366947, 0.4365253077975376, 0.4371825715049452], "pagerank": [0.3792984562469126, 0.38137976447781013, 0.3833443222518901, 0.3852125946759434, 0.3869754701891549, 0.3886694530545198, 0.3902859398361695, 0.39184705686721266, 0.3933253627193566, 0.394740512702116, 0.3960964747823143, 0.39737799479173525, 0.39862462300202944, 0.3998220828921479, 0.4009732233470459, 0.40210084314603356, 0.4031685068207017, 0.40419722254129226, 0.40518908591397446, 0.40614604481831296, 0.407047810657064, 0.4079370506468128, 0.40879834932692305, 0.40963126643294323, 0.41043718045493116, 0.41121916015093807, 0.41198233288393865, 0.41274021768002145, 0.4134513626124967, 0.414141229074764, 0.4148107590350728, 0.41546083965131936, 0.41609230720048546, 0.41670595067485067, 0.41730251507746374, 0.4178536772617221, 0.41841704197403734, 0.4189653180515206, 0.4194991030668207, 0.420012615811062, 0.4205254365431071, 0.4210190323420464, 0.42150023531315345, 0.4219695059224721, 0.422427282113042, 0.4229008681280842, 0.4233438517036365, 0.423770552265414, 0.4241873143781635, 0.4245944815739192],