{"mistral_8b_instruct": {"clustering": [0.0, 0.0, 0.0, 0.0, 0.0, 0.0, 0.0, 0.0, 0.0, 0.0, 0.0, 0.0, 0.0, 0.0, 0.0, 0.0, 0.0, 0.0, 0.0, 0.0, 0.0, 0.0, 0.0, 0.0, 0.0, 0.0, 0.0, 0.0, 0.0, 0.0, 0.0, 0.0, 0.0, 0.0, 0.0, 0.0, 0.0, 0.0, 0.0, 0.0, 0.0, 0.0, 0.0, 0.0, 0.0, 0.0, 0.0, 0.0, 0.0, 0.0], "average_shortest_path_length": [Infinity, Infinity, Infinity, Infinity, Infinity, Infinity, Infinity, Infinity, Infinity, Infinity, Infinity, Infinity, Infinity, Infinity, Infinity, Infinity, Infinity, Infinity, Infinity, Infinity, Infinity, Infinity, Infinity, Infinity, Infinity, Infinity, Infinity, Infinity, Infinity, Infinity, Infinity, Infinity, Infinity, Infinity, Infinity, Infinity, Infinity, Infinity, Infinity, Infinity, Infinity, Infinity, Infinity, Infinity, Infinity, Infinity, Infinity, Infinity, Infinity, Infinity], "average_degree": [0.868421052631579, 0.8717948717948718, 0.875, 0.8780487804878049, 0.8809523809523809, 0.8837209302325582, 0.8863636363636364, 0.8888888888888888, 0.8913043478260869, 0.8936170212765957, 0.8958333333333334, 0.8979591836734694, 0.9, 0.9019607843137255, 0.9038461538461539, 0.9056603773584906, 0.9074074074074074, 0.9090909090909091, 0.9107142857142857, 0.9122807017543859, 0.9137931034482759, 0.9152542372881356, 0.9166666666666666, 0.9180327868852459, 0.9193548387096774, 0.9206349206349206, 0.921875, 0.9230769230769231, 0.9242424242424242, 0.9253731343283582, 0.9264705882352942, 0.927536231884058, 0.9285714285714286, 0.9295774647887324, 0.9305555555555556, 0.9315068493150684, 0.9324324324324325, 0.9333333333333333, 0.9342105263157895, 0.935064935064935, 0.9358974358974359, 0.9367088607594937, 0.9375, 0.9382716049382716, 0.9390243902439024, 0.9397590361445783, 0.9404761904761905, 0.9411764705882353, 0.9418604651162791, 0.9425287356321839], "connectivity": [38.0, 39.0, 40.0, 41.0, 42.0, 43.0, 44.0, 45.0, 46.0, 47.0, 48.0, 49.0, 50.0, 51.0, 52.0, 53.0, 54.0, 55.0, 56.0, 57.0, 58.0, 59.0, 60.0, 61.0, 62.0, 63.0, 64.0, 65.0, 66.0, 67.0, 68.0, 69.0, 70.0, 71.0, 72.0, 73.0, 74.0, 75.0, 76.0, 77.0, 78.0, 79.0, 80.0, 81.0, 82.0, 83.0, 84.0, 85.0, 86.0, 87.0], "sparseness": [0.023470839260312945, 0.022941970310391364, 0.022435897435897436, 0.02195121951219512, 0.02148664343786295, 0.021040974529346623, 0.02061310782241015, 0.020202020202020204, 0.019806763285024155, 0.01942645698427382, 0.019060283687943262, 0.01870748299319728, 0.018367346938775512, 0.01803921568627451, 0.017722473604826545, 0.01741654571843251, 0.017120894479385047, 0.016835016835016835, 0.016558441558441557, 0.016290726817042606, 0.01603145795523291, 0.015780245470485097, 0.015536723163841809, 0.015300546448087432, 0.015071390798519302, 0.014848950332821301, 0.014632936507936508, 0.014423076923076924, 0.01421911421911422, 0.014020805065581185, 0.01382791922739245, 0.013640238704177323, 0.013457556935817806, 0.013279678068410463, 0.01310641627543036, 0.01293759512937595, 0.012773047019622362, 0.012612612612612612, 0.012456140350877193, 0.012303485987696514, 0.012154512154512154, 0.012009087958455048, 0.011867088607594937, 0.011728395061728396, 0.011592893706714845, 0.011460476050543638, 0.011331038439472174, 0.011204481792717087, 0.011080711354309165, 0.010959636460839348], "hubs": [35.0, 36.0, 37.0, 38.0, 39.0, 40.0, 41.0, 42.0, 43.0, 44.0, 45.0, 46.0, 47.0, 48.0, 49.0, 50.0, 51.0, 52.0, 53.0, 54.0, 55.0, 56.0, 57.0, 58.0, 59.0, 60.0, 61.0, 62.0, 63.0, 64.0, 65.0, 66.0, 67.0, 68.0, 69.0, 70.0, 71.0, 72.0, 73.0, 74.0, 75.0, 76.0, 77.0, 78.0, 79.0, 80.0, 81.0, 82.0, 83.0, 84.0], "clusters": [5.0, 5.0, 5.0, 5.0, 5.0, 5.0, 5.0, 5.0, 5.0, 5.0, 5.0, 5.0, 5.0, 5.0, 5.0, 5.0, 5.0, 5.0, 5.0, 5.0, 5.0, 5.0, 5.0, 5.0, 5.0, 5.0, 5.0, 5.0, 5.0, 5.0, 5.0, 5.0, 5.0, 5.0, 5.0, 5.0, 5.0, 5.0, 5.0, 5.0, 5.0, 5.0, 5.0, 5.0, 5.0, 5.0, 5.0, 5.0, 5.0, 5.0], "communities": [5.0, 5.0, 5.0, 5.0, 5.0, 5.0, 5.0, 5.0, 5.0, 5.0, 5.0, 5.0, 5.0, 5.0, 5.0, 5.0, 5.0, 5.0, 5.0, 5.0, 5.0, 5.0, 5.0, 5.0, 5.0, 5.0, 5.0, 5.0, 5.0, 5.0, 5.0, 5.0, 5.0, 5.0, 5.0, 5.0, 5.0, 5.0, 5.0, 5.0, 5.0, 5.0, 5.0, 5.0, 5.0, 5.0, 5.0, 5.0, 5.0, 5.0], "fourier": [1.224052609277195, 1.2293305016505052, 1.2343469149728374, 1.2391146928838725, 1.2436566406244838, 1.2479836678216112, 1.2521156251143208, 1.256069275418148, 1.2598498198023156, 1.263467556419168, 1.2669298550314434, 1.2702529543269587, 1.2734397394954622, 1.2764993148125587, 1.2794398518175205, 1.2822666058326557, 1.2849844779445165, 1.2876040127119077, 1.2901390790721436, 1.2925933201048285, 1.2949517901037102, 1.2971968990767317, 1.2994075721948843, 1.3015436614033735, 1.3035987333057688, 1.305623145025473, 1.3075936704767697, 1.3094609529409726, 1.311265331233582, 1.3130151921025541, 1.3147156009052365, 1.316374554260684, 1.3179915203871415, 1.319557953019763, 1.3210744772070402, 1.3225527896199918, 1.3239978756022222, 1.3254030851567995, 1.3267564826965697, 1.3280462620005493, 1.3293583111481335, 1.3306108331877615, 1.3318300878124685, 1.333022363420964, 1.33418951584137, 1.3353057740387233, 1.336441672853035, 1.337525402339862, 1.338586492222542, 1.3396194195435005], "commute_time_efficiency": [0.3584637268847795, 0.3616734143049933, 0.3647435897435897, 0.3676829268292683, 0.3704994192799071, 0.37320044296788485, 0.37579281183932345, 0.3782828282828283, 0.38067632850241545, 0.3829787234042553, 0.38519503546099293, 0.38732993197278914, 0.3893877551020408, 0.39137254901960783, 0.39328808446455504, 0.3951378809869376, 0.3969252271139064, 0.39865319865319865, 0.4003246753246753, 0.4019423558897243, 0.40350877192982454, 0.40502630040911747, 0.40649717514124295, 0.40792349726775956, 0.4093072448439979, 0.4106502816180235, 0.41195436507936506, 0.4132211538461538, 0.4144522144522145, 0.4156490275893261, 0.41681299385425813, 0.4179454390451833, 0.41904761904761906, 0.42012072434607645, 0.4211658841940532, 0.4221841704718417, 0.42317660125879303, 0.42414414414414414, 0.4250877192982456, 0.4260082023239918, 0.4269064269064269, 0.42778318727685816, 0.4286392405063291, 0.4294753086419753, 0.43029208069858477, 0.431090214516603, 0.43187033849684453, 0.43263305322128853, 0.43337893296853625, 0.43410852713178294], "pagerank": [0.40120448495586486, 0.4028039917621656, 0.4043077093729946, 0.40573384272236, 0.407073195172478, 0.4083592312202924, 0.40958348713022696, 0.41076644107263044, 0.41188159519292616, 0.4129469443312195, 0.41396576090716586, 0.41492255550843893, 0.41585523236810135, 0.4167495355140451, 0.4176077791611484, 0.4184522739808639, 0.41924632682898194, 0.4200103063632931, 0.4207458938024815, 0.4214334138137471, 0.4221152156018391, 0.42277292033378255, 0.4234077800785418, 0.4240209616489507, 0.4246135537401556, 0.4252111417973777, 0.42576703549765105, 0.42630523701126544, 0.4268265798878732, 0.427331846108955, 0.42782177001354676, 0.42827015829314297, 0.4287300472818404, 0.4291765179351367, 0.42961014762919786, 0.43003148109764205, 0.43044103270680895, 0.43083928854328196, 0.4312561598973038, 0.43163444020165675, 0.4320027501288113, 0.4323614796680436, 0.4327109987200546, 0.4330516583738128, 0.43338379208726086, 0.4337077167802221, 0.4340237338470362, 0.4342990018057907, 0.43459890293062464, 0.434891705394508], "eigenvector_centrality": [0.0, 0.0, 0.0, 0.0, 0.0, 0.0, 0.0, 0.0, 0.0, 0.0, 0.0, 0.0, 0.0, 0.0, 0.0, 0.0, 0.0, 0.0, 0.0, 0.0, 0.0, 0.0, 0.0, 0.0, 0.0, 0.0, 0.0, 0.0, 0.0, 0.0, 0.0, 0.0, 0.0, 0.0, 0.0, 0.0, 0.0, 0.0, 0.0, 0.0, 0.0, 0.0, 0.0, 0.0, 0.0, 0.0, 0.0, 0.0, 0.0, 0.0], "cycle_count": [0.0, 0.0, 0.0, 0.0, 0.0, 0.0, 0.0, 0.0, 0.0, 0.0, 0.0, 0.0, 0.0, 0.0, 0.0, 0.0, 0.0, 0.0, 0.0, 0.0, 0.0, 0.0, 0.0, 0.0, 0.0, 0.0, 0.0, 0.0, 0.0, 0.0, 0.0, 0.0, 0.0, 0.0, 0.0, 0.0, 0.0, 0.0, 0.0, 0.0, 0.0, 0.0, 0.0, 0.0, 0.0, 0.0, 0.0, 0.0, 0.0, 0.0]}, "mistral_24b_instruct": {"clustering": [0.0, 0.0, 0.0, 0.0, 0.0, 0.0, 0.0, 0.0, 0.0, 0.0, 0.0, 0.0, 0.0, 0.0, 0.0, 0.0, 0.0, 0.0, 0.0, 0.0, 0.0, 0.0, 0.0, 0.0, 0.0, 0.0, 0.0, 0.0, 0.0, 0.0, 0.0, 0.0, 0.0, 0.0, 0.0, 0.0, 0.0, 0.0, 0.0, 0.0, 0.0, 0.0, 0.0, 0.0, 0.0, 0.0, 0.0, 0.0, 0.0, 0.0],