{"mistral_8b_instruct": {"clustering": [0.0642352539745791, 0.064326909725617, 0.06441652722376826, 0.0645040881013469, 0.06458957805510718, 0.06467303985714624, 0.06475448083058555, 0.06483385561589929, 0.06491121538000265, 0.0649865858921594, 0.06506001287978698, 0.06513151454388762, 0.06520121548083971, 0.06526909134846914, 0.06533523842318424, 0.06539966857866997, 0.0654623820208289, 0.06552351632748105, 0.0655831261365055, 0.0656412934563899, 0.06569793160987966, 0.06576397890682766, 0.06581790311965309, 0.06587054095283644, 0.06592185234212593, 0.06596081374275822, 0.0660260099790206, 0.06607369846250116, 0.06612014828955934, 0.06616553354394876, 0.06620982867464312, 0.06625315100909755, 0.06629555314969544, 0.06633696715488392, 0.06637740748739829, 0.06641691621716417, 0.06645563472298655, 0.06649358437319842, 0.06653058954739859, 0.06654977194437638, 0.06660206130768165, 0.06663665493457108, 0.06667057830950306, 0.06670386555656746, 0.06673650863993619, 0.06675117473771218, 0.06679960756012188, 0.0668301691448519, 0.06686024770720134, 0.06688975154501803], "average_shortest_path_length": [Infinity, Infinity, Infinity, Infinity, Infinity, Infinity, Infinity, Infinity, Infinity, Infinity, Infinity, Infinity, Infinity, Infinity, Infinity, Infinity, Infinity, Infinity, Infinity, Infinity, Infinity, Infinity, Infinity, Infinity, Infinity, Infinity, Infinity, Infinity, Infinity, Infinity, Infinity, Infinity, Infinity, Infinity, Infinity, Infinity, Infinity, Infinity, Infinity, Infinity, Infinity, Infinity, Infinity, Infinity, Infinity, Infinity, Infinity, Infinity, Infinity, Infinity], "average_degree": [4.815789473684211, 4.82051282051282, 4.825, 4.829268292682927, 4.833333333333333, 4.837209302325581, 4.840909090909091, 4.844444444444444, 4.8478260869565215, 4.851063829787234, 4.854166666666667, 4.857142857142857, 4.86, 4.862745098039215, 4.865384615384615, 4.867924528301887, 4.87037037037037, 4.872727272727273, 4.875, 4.87719298245614, 4.879310344827586, 4.88135593220339, 4.883333333333334, 4.885245901639344, 4.887096774193548, 4.888888888888889, 4.890625, 4.892307692307693, 4.893939393939394, 4.895522388059701, 4.897058823529412, 4.898550724637682, 4.9, 4.901408450704225, 4.902777777777778, 4.904109589041096, 4.905405405405405, 4.906666666666666, 4.907894736842105, 4.909090909090909, 4.910256410256411, 4.9113924050632916, 4.9125, 4.91358024691358, 4.914634146341464, 4.9156626506024095, 4.916666666666667, 4.91764705882353, 4.9186046511627906, 4.919540229885057], "connectivity": [28.0, 29.0, 30.0, 31.0, 32.0, 33.0, 34.0, 35.0, 36.0, 37.0, 38.0, 39.0, 40.0, 41.0, 42.0, 43.0, 44.0, 45.0, 46.0, 47.0, 48.0, 49.0, 50.0, 51.0, 52.0, 53.0, 54.0, 55.0, 56.0, 57.0, 58.0, 59.0, 60.0, 61.0, 62.0, 63.0, 64.0, 65.0, 66.0, 67.0, 68.0, 69.0, 70.0, 71.0, 72.0, 73.0, 74.0, 75.0, 76.0, 77.0], "sparseness": [0.1301564722617354, 0.12685560053981107, 0.12371794871794872, 0.12073170731707317, 0.11788617886178862, 0.11517165005537099, 0.11257928118393234, 0.1101010101010101, 0.10772946859903382, 0.10545790934320073, 0.10328014184397163, 0.10119047619047619, 0.09918367346938775, 0.09725490196078432, 0.0953996983408748, 0.09361393323657474, 0.09189378057302586, 0.09023569023569024, 0.08863636363636364, 0.08709273182957393, 0.08560193587416817, 0.08416130917592052, 0.0827683615819209, 0.0814207650273224, 0.08011634056054998, 0.07885304659498207, 0.07762896825396826, 0.0764423076923077, 0.07529137529137529, 0.0741745816372682, 0.07309043020193152, 0.07203751065643649, 0.07101449275362319, 0.07002012072434607, 0.06905320813771518, 0.06811263318112633, 0.067197334320622, 0.06630630630630631, 0.06543859649122807, 0.0645933014354067, 0.06376956376956378, 0.06296656929568321, 0.06218354430379747, 0.061419753086419754, 0.06067449563384523, 0.05994710549515134, 0.05923694779116466, 0.05854341736694678, 0.05786593707250342, 0.057203956161454156], "hubs": [4.0, 4.0, 4.0, 5.0, 5.0, 5.0, 5.0, 5.0, 5.0, 5.0, 5.0, 5.0, 5.0, 6.0, 6.0, 6.0, 6.0, 6.0, 6.0, 6.0, 6.0, 6.0, 6.0, 8.0, 8.0, 8.0, 8.0, 8.0, 8.0, 8.0, 8.0, 8.0, 8.0, 8.0, 8.0, 8.0, 8.0, 8.0, 8.0, 8.0, 8.0, 8.0, 8.0, 9.0, 9.0, 9.0, 9.0, 9.0, 9.0, 9.0], "clusters": [2.0, 2.0, 2.0, 2.0, 2.0, 2.0, 2.0, 2.0, 2.0, 2.0, 2.0, 2.0, 2.0, 2.0, 2.0, 2.0, 2.0, 2.0, 2.0, 2.0, 2.0, 2.0, 2.0, 2.0, 2.0, 2.0, 2.0, 2.0, 2.0, 2.0, 2.0, 2.0, 2.0, 2.0, 2.0, 2.0, 2.0, 2.0, 2.0, 2.0, 2.0, 2.0, 2.0, 2.0, 2.0, 2.0, 2.0, 2.0, 2.0, 2.0], "communities": [2.0, 2.0, 2.0, 2.0, 2.0, 2.0, 2.0, 2.0, 2.0, 2.0, 2.0, 2.0, 2.0, 2.0, 2.0, 2.0, 2.0, 2.0, 2.0, 2.0, 2.0, 2.0, 2.0, 2.0, 2.0, 2.0, 2.0, 2.0, 2.0, 2.0, 2.0, 2.0, 2.0, 2.0, 2.0, 2.0, 2.0, 2.0, 2.0, 2.0, 2.0, 2.0, 2.0, 2.0, 2.0, 2.0, 2.0, 2.0, 2.0, 2.0], "fourier": [1.7132062191218467, 1.7154884907654901, 1.717658543931723, 1.7197189838591513, 1.7216821849746329, 1.7235505519880616, 1.7253360830783195, 1.7270470910438322, 1.7286822887744686, 1.7302461982416566, 1.7317402321692539, 1.7331749566427392, 1.7345492373015756, 1.7358671768919953, 1.7371329630977235, 1.7383480855954168, 1.7395141010160247, 1.7406381237863016, 1.7417310618727708, 1.7427935152083454, 1.7438082580900376, 1.7448074533099578, 1.7457627994658262, 1.7466846926432331, 1.7475646382358903, 1.748399131942747, 1.7492996292528824, 1.7500983194484119, 1.75086599416492, 1.7516108156064114, 1.7523357801499075, 1.7530476494517164, 1.7537449932461318, 1.7544172075750037, 1.755064055398431, 1.755696513821218, 1.7563187958502862, 1.7569230726787588, 1.7574955760786417, 1.7579850524939569, 1.7585948165281649, 1.759124349192227, 1.7596386263851997, 1.7601450464850015, 1.760643313078141, 1.761064464316878, 1.7616051135008646, 1.7620661605013415, 1.7625188087684835, 1.7629574700493886], "commute_time_efficiency": [0.6244665718349929, 0.6214574898785425, 0.6185897435897436, 0.6158536585365854, 0.6132404181184669, 0.6107419712070875, 0.6083509513742071, 0.6060606060606061, 0.6038647342995169, 0.6017576318223867, 0.5997340425531915, 0.5977891156462585, 0.5959183673469388, 0.5941176470588235, 0.5923831070889894, 0.590711175616836, 0.589098532494759, 0.5875420875420876, 0.586038961038961, 0.5845864661654135, 0.5831820931639443, 0.5818234950321449, 0.5805084745762712, 0.5792349726775956, 0.5780010576414596, 0.5768049155145929, 0.5756448412698413, 0.5745192307692307, 0.5734265734265734, 0.5723654454997739, 0.5713345039508341, 0.5703324808184144, 0.5693581780538303, 0.56841046277666, 0.5674882629107981, 0.5665905631659056, 0.5657164013328397, 0.5648648648648649, 0.5640350877192982, 0.5632262474367737, 0.5624375624375625, 0.5616682895163908, 0.5609177215189873, 0.5601851851851852, 0.5594700391448358, 0.55877167205407, 0.5580895008605852, 0.5574229691876751, 0.5567715458276333, 0.5561347233360064], "pagerank": [0.23588191789982071, 0.2351223375461862, 0.23440195703764027, 0.2337202320175831, 0.23307302132715801, 0.23245785901351185, 0.23187238043576106, 0.23131437484168996, 0.23078204589346163, 0.23027370143432624, 0.22978777783015908, 0.22932271515986608, 0.2288773110482095, 0.2284503035467383, 0.22804057153405116, 0.22764710954662865, 0.2272689964384922, 0.22690528298561508, 0.2265550516408005, 0.22621755882519062, 0.22589238255759594, 0.22559967438925269, 0.225296766306596, 0.22500424409788417, 0.22472171122191217, 0.22442769162891568, 0.22420929401912512, 0.22395333416216465, 0.2237054940585232, 0.22346538995952941, 0.22323259457789926, 0.2230067061054923, 0.22278746552180054, 0.22257466424834235, 0.22236805418670322, 0.2221672637546686, 0.22197201601179198, 0.22178216930063493, 0.22159762382582407, 0.2213731726040256, 0.22124316757319998, 0.2210728663155389, 0.22090698327035327, 0.22074537998790736, 0.22058780620371626, 0.22038963431503023, 0.22028422520251748, 0.2201379737610739, 0.2199951811311655, 0.21985582577683663],