{"qwen_14b_instruct": {"clustering": [0.0038293123253295507, 0.0037964146252488797], "average_degree": [19.375, 19.367346938775512], "pagerank": [0.22441408393198592, 0.22189284095589273]}, "qwen_32b_instruct": {"clustering": [0.002856762644422708, 0.002836367429307619], "average_degree": [19.375, 19.367346938775512], "pagerank": [0.21465518904998088, 0.21220153628770913]}, "llama_70b_instruct": {"clustering": [0.004152043583380877, 0.004122564562124643, 0.0041272207994657705, 0.0017498804725079547, 0.0017345778774787255, 0.001708421191673134, 0.0017108875763981646, 0.0012483182439081398, 0.0012352894172092867, 0.0012550333867396284, 0.0012606201128001241, 0.001607957583566408, 0.0016136659155500624, 0.0015990733050079212, 0.0016133688787863037, 7.83462007388283e-05, 7.760356832944803e-05, 7.64244756481512e-05, 7.976293255041373e-05, 0.0007951285098574172, 0.0007993857443603729, 0.0007986946310454713, 0.0008022474945037924, 0.002632800617441767, 0.002616350486089123, 0.002634382117457818, 0.0026186181356461272, 0.0019629886034269344, 0.0019508752069353006, 0.0019433405799707602, 0.001965496132186571, 0.005433860305019723, 0.005418793017762648, 0.005414545469325708, 0.0054089936610560415, 0.0028195178521450417, 0.0028068399702781627], "average_degree": [19.367346938775512, 19.36, 19.352941176470587, 19.5, 19.49056603773585, 19.48148148148148, 19.472727272727273, 19.357142857142858, 19.350877192982455, 19.344827586206897, 19.338983050847457, 19.516666666666666, 19.508196721311474, 19.5, 19.49206349206349, 19.515625, 19.50769230769231, 19.5, 19.492537313432837, 19.544117647058822, 19.536231884057973, 19.52857142857143, 19.52112676056338, 19.52777777777778, 19.52054794520548, 19.513513513513512, 19.506666666666668, 19.539473684210527, 19.532467532467532, 19.525641025641026, 19.518987341772153, 19.625, 19.617283950617285, 19.609756097560975, 19.602409638554217, 19.595238095238095, 19.58823529411765], "pagerank": [0.2521210230342696, 0.2470336665011455, 0.2406789308628644, 0.25073694895638715, 0.24801016032584505, 0.2431189498055388, 0.23746690182812208, 0.24493505257896203, 0.24242814491258327, 0.23790206413936035, 0.23263274221025265, 0.21543891816949318, 0.21337122346963724, 0.209666278859782, 0.20541469615285926, 0.16690803933790205, 0.16417036682642214, 0.16113424135429172, 0.15757466242175094, 0.26022256823495676, 0.2579289684839962, 0.2538164572892342, 0.24884542874092266, 0.24548150329984889, 0.2435374474820451, 0.24004873218889713, 0.235647366899669, 0.2675588082535899, 0.2655435280620588, 0.26309109360910926, 0.2576174915394997, 0.2721288596641044, 0.2703810672368266, 0.26718001225797167, 0.2633471408417536, 0.24313169910033755, 0.24120271258719383]}}