{"llama_1b_instruct": {"clustering": [0.00897579398332436, 0.00909716486439181, 0.009227831881443225, 0.009318227074780541, 0.009357292552875466, 0.009471002713473559, 0.009607160273478306, 0.009623935889170336, 0.00969961945629549, 0.00974400689658163, 0.009839958329472607, 0.009918493597718249, 0.009991956043744987, 0.01006978768328272, 0.010149034332765483, 0.010192548159738498, 0.010258191687203697, 0.01032046257496577, 0.0103786802434125, 0.010431793870142649, 0.010406473858578978, 0.010409476337812475, 0.010452541687328403, 0.010451398544892486, 0.010490995594145939, 0.01055604630093257, 0.010584057473735291, 0.010633275338177131, 0.010589171570663157, 0.010545783109031967, 0.01055029284120508, 0.01059718939888386, 0.010618094143333413, 0.01066374013205265, 0.010711924225489123, 0.0107410612247364, 0.010797568305438215, 0.010799453850146646, 0.010830658129031423, 0.01087402529994361, 0.010900067131029534, 0.010927199506081316, 0.01096307227926434, 0.010995466308343001, 0.0110379153047012, 0.011075166174444066, 0.011120613468249153, 0.011166936259599192, 0.01120218271937487, 0.011242864677736098], "average_shortest_path_length": [0.023886792311643625, 0.02421504483592194, Infinity, Infinity, Infinity, Infinity, Infinity, Infinity, Infinity, Infinity, Infinity, Infinity, Infinity, Infinity, Infinity, Infinity, Infinity, Infinity, Infinity, Infinity, Infinity, Infinity, Infinity, Infinity, Infinity, Infinity, Infinity, Infinity, Infinity, Infinity, Infinity, Infinity, Infinity, Infinity, Infinity, Infinity, Infinity, Infinity, Infinity, Infinity, Infinity, Infinity, Infinity, Infinity, Infinity, Infinity, Infinity, Infinity, Infinity, Infinity], "average_degree": [19.0, 19.0, 19.0, 19.0, 19.0, 19.0, 19.0, 19.0, 19.0, 19.0, 19.0, 19.0, 19.0, 19.0, 19.0, 19.0, 19.0, 19.0, 19.0, 19.0, 19.0, 19.0, 19.0, 19.0, 19.0, 19.0, 19.0, 19.0, 19.0, 19.0, 19.0, 19.0, 19.0, 19.0, 19.0, 19.0, 19.0, 19.0, 19.0, 19.0, 19.0, 19.0, 19.0, 19.0, 19.0, 19.0, 19.0, 19.0, 19.0, 19.0], "connectivity": [1.0, 1.0, 3.0, 3.0, 3.0, 3.0, 4.0, 4.0, 4.0, 4.0, 4.0, 4.0, 5.0, 6.0, 7.0, 7.0, 7.0, 8.0, 9.0, 10.0, 10.0, 10.0, 11.0, 11.0, 11.0, 12.0, 12.0, 12.0, 12.0, 12.0, 13.0, 14.0, 16.0, 17.0, 18.0, 21.0, 22.0, 22.0, 23.0, 24.0, 25.0, 28.0, 29.0, 30.0, 31.0, 32.0, 33.0, 34.0, 35.0, 36.0], "sparseness": [0.5, 0.48717948717948717, 0.475, 0.4634146341463415, 0.4523809523809524, 0.4418604651162791, 0.4318181818181818, 0.4222222222222222, 0.41304347826086957, 0.40425531914893614, 0.3958333333333333, 0.3877551020408163, 0.38, 0.37254901960784315, 0.36538461538461536, 0.3584905660377358, 0.35185185185185186, 0.34545454545454546, 0.3392857142857143, 0.3333333333333333, 0.3275862068965517, 0.3220338983050847, 0.31666666666666665, 0.3114754098360656, 0.3064516129032258, 0.30158730158730157, 0.296875, 0.2923076923076923, 0.2878787878787879, 0.2835820895522388, 0.27941176470588236, 0.2753623188405797, 0.2714285714285714, 0.2676056338028169, 0.2638888888888889, 0.2602739726027397, 0.25675675675675674, 0.25333333333333335, 0.25, 0.24675324675324675, 0.24358974358974358, 0.24050632911392406, 0.2375, 0.2345679012345679, 0.23170731707317074, 0.2289156626506024, 0.2261904761904762, 0.2235294117647059, 0.22093023255813954, 0.21839080459770116], "hubs": [4.0, 4.0, 5.0, 5.0, 5.0, 5.0, 5.0, 5.0, 5.0, 5.0, 5.0, 5.0, 6.0, 6.0, 6.0, 7.0, 7.0, 7.0, 7.0, 7.0, 7.0, 7.0, 8.0, 8.0, 7.0, 7.0, 8.0, 8.0, 8.0, 7.0, 7.0, 7.0, 8.0, 8.0, 8.0, 8.0, 8.0, 8.0, 8.0, 8.0, 8.0, 9.0, 9.0, 9.0, 9.0, 9.0, 9.0, 9.0, 9.0, 10.0], "clusters": [2.0, 2.0, 2.0, 2.0, 2.0, 2.0, 2.0, 2.0, 2.0, 2.0, 2.0, 2.0, 2.0, 2.0, 2.0, 2.0, 2.0, 2.0, 2.0, 2.0, 2.0, 2.0, 2.0, 2.0, 2.0, 2.0, 2.0, 2.0, 2.0, 2.0, 2.0, 2.0, 2.0, 3.0, 2.0, 2.0, 2.0, 2.0, 2.0, 2.0, 2.0, 2.0, 2.0, 2.0, 2.0, 2.0, 2.0, 2.0, 2.0, 2.0], "communities": [2.0, 2.0, 2.0, 2.0, 2.0, 2.0, 2.0, 2.0, 2.0, 2.0, 2.0, 2.0, 2.0, 2.0, 2.0, 2.0, 2.0, 2.0, 2.0, 2.0, 2.0, 2.0, 2.0, 2.0, 2.0, 2.0, 2.0, 2.0, 2.0, 2.0, 2.0, 2.0, 2.0, 3.0, 2.0, 2.0, 2.0, 2.0, 2.0, 2.0, 2.0, 2.0, 2.0, 2.0, 2.0, 2.0, 2.0, 2.0, 2.0, 2.0], "fourier": [1.8184127892190651, 1.8169688891049667, 1.8168656037540991, 1.8149321726129513, 1.8129584794925844, 1.8106352858552583, 1.8075838377569189, 1.8052809099290876, 1.800736912946684, 1.7983170971400124, 1.795290940340879, 1.7922545698325978, 1.7898336246905278, 1.786754268499152, 1.7834958718609968, 1.7812615362953717, 1.7777038845293367, 1.7745378865147594, 1.7719093915625914, 1.768737252635712, 1.7657606119313392, 1.7629426868758726, 1.7592681642347825, 1.755730611067398, 1.752229068304346, 1.7488612507083814, 1.7458183316212812, 1.7423717612703253, 1.740167559121561, 1.7361884282274294, 1.7318575679052866, 1.729235083714231, 1.7258451270827735, 1.7233658914791419, 1.7231106617419905, 1.7221568020625597, 1.7213585523832498, 1.7206185105695342, 1.719002411440594, 1.7178762707076198, 1.7169397424711128, 1.715029267144209, 1.712804765968648, 1.7103234226284694, 1.7085299758758172, 1.7061340336548314, 1.7040157314161644, 1.7014165265620398, 1.7004903468234693, 1.6977770196952855], "commute_time_efficiency": [0.8906882591093117, 0.8833333333333333, 0.8780487804878049, 0.8716608594657376, 0.8643410852713178, 0.8562367864693446, 0.85, 0.8444444444444444, 0.8385753931544866, 0.8333333333333334, 0.8290816326530612, 0.8240816326530612, 0.82, 0.8159879336349924, 0.8109579100145138, 0.806429070580014, 0.8016835016835017, 0.7967532467532468, 0.7922932330827067, 0.7885662431941923, 0.7852133255406195, 0.7822033898305085, 0.7789617486338798, 0.7755156002115283, 0.7724014336917563, 0.7690972222222222, 0.7670673076923077, 0.764102564102564, 0.7605156037991859, 0.7576821773485514, 0.7549019607843137, 0.75175983436853, 0.748692152917505, 0.7447183098591549, 0.7410578386605784, 0.7378748611625324, 0.7340540540540541, 0.730701754385965, 0.7274436090225563, 0.7242757242757243, 0.7215189873417721, 0.7188291139240506, 0.715895061728395, 0.7133393556157783, 0.7109903026741111, 0.7082616179001722, 0.7060224089635855, 0.7038303693570451, 0.7015503875968992, 0.6997126436781609], "pagerank": [0.40942708832578406, 0.40898935306793094, 0.4089466459788413, 0.40860021414751635, 0.408262993655639, 0.4078221253090317, 0.4073669982280944, 0.4068962469517358, 0.40655703516470887, 0.40634194171443055, 0.40603130879059973, 0.4057796356453385, 0.40559222701265596, 0.40541688424899025, 0.4051492219818086, 0.40510408185415864, 0.40486732977476175, 0.4045911514388829, 0.40442943359788336, 0.4042023599535789, 0.40395826589451234, 0.40394671693651163, 0.4037020475160227, 0.4034834740007951, 0.4032396815620242, 0.40303548870830963, 0.40271315318785766, 0.40244176346773225, 0.402472701539461, 0.4022650472084182, 0.402242704030043, 0.40219197315386906, 0.40205264660357487, 0.40187451062202445, 0.4019260186562322, 0.4018899556664554, 0.4018234451094562, 0.40168468944639146, 0.40152348006764244, 0.4015110192756829, 0.4015264740141306, 0.40142957965327497, 0.4012994065615514, 0.40113606698899995, 0.4011062804384663, 0.4009702850668506, 0.40079024159978566, 0.4005898632249815, 0.40060355840311396, 0.40041976105018817], "eigenvector_centrality": [0.9999797623074098, 0.9999728810738562, 0.0, 0.0, 0.0, 0.0, 0.0, 0.0, 0.0, 0.0, 0.0, 0.0, 0.0, 0.0, 0.0, 0.0, 0.0, 0.0, 0.0, 0.0, 0.0, 0.0, 0.0, 0.0, 0.0, 0.0, 0.0, 0.0, 0.0, 0.0, 0.0, 0.0, 0.0, 0.0, 0.0, 0.0, 0.0, 0.0, 0.0, 0.0, 0.0, 0.0, 0.0, 0.0, 0.0, 0.0, 0.0, 0.0, 0.0, 0.0], "cycle_count": [541.0, 559.0, 580.0, 599.0, 616.0, 631.0, 649.0, 668.0, 686.0, 705.0, 726.0, 745.0, 766.0, 787.0, 805.0, 824.0, 842.0, 859.0, 877.0, 897.0, 918.0, 940.0, 961.0, 981.0, 1002.0, 1022.0, 1047.0, 1068.0, 1086.0, 1107.0, 1128.0, 1147.0, 1166.0, 1180.0, 1195.0, 1212.0, 1225.0, 1240.0, 1255.0, 1270.0, 1287.0, 1304.0, 1319.0, 1336.0, 1354.0, 1369.0, 1387.0, 1405.0, 1422.0, 1442.0]},