{"llama_1b_instruct": {"clustering": [0.009229437558991584], "average_shortest_path_length": [Infinity], "average_degree": [19.0], "connectivity": [3.0], "sparseness": [0.3958333333333333], "hubs": [5.0], "clusters": [2.0], "communities": [2.0], "fourier": [1.7970873321305079], "commute_time_efficiency": [0.8477891156462585], "pagerank": [0.40581468616202604], "eigenvector_centrality": [0.0], "cycle_count": [770.0]}, "llama_8b_instruct": {"clustering": [0.004325097812438092, 0.004372579276551398, 0.004422628902684717, 0.004472365313527078, 0.004500421973685304], "average_shortest_path_length": [Infinity, Infinity, Infinity, Infinity, Infinity], "average_degree": [19.20408163265306, 19.2, 19.19607843137255, 19.192307692307693, 19.18867924528302], "connectivity": [6.0, 7.0, 8.0, 9.0, 9.0], "sparseness": [0.40008503401360546, 0.39183673469387753, 0.38392156862745097, 0.37631975867269984, 0.36901306240928883], "hubs": [5.0, 5.0, 6.0, 6.0, 6.0], "clusters": [1.0, 1.0, 1.0, 1.0, 1.0], "communities": [1.0, 1.0, 1.0, 1.0, 1.0], "fourier": [1.9438083390395688, 1.9443528043568687, 1.9447910793511012, 1.9454344636448757, 1.945823785389428], "commute_time_efficiency": [0.8341836734693877, 0.8277551020408164, 0.8215686274509804, 0.8156108597285068, 0.8102322206095791], "pagerank": [0.4552522897336434, 0.45511710234252806, 0.4549646619689153, 0.45484934676955896, 0.45473101520124054], "eigenvector_centrality": [0.0, 0.0, 0.0, 0.0, 0.0], "cycle_count": [738.0, 754.0, 770.0, 786.0, 803.0]}}