{"qwen_1.5b_instruct": {"clustering": [0.0069327865524837625, 0.007020553275881555, 0.0070895564664146486, 0.007149348967733048, 0.007208577205386533], "average_shortest_path_length": [Infinity, Infinity, Infinity, Infinity, Infinity], "average_degree": [19.354166666666668, 19.346938775510203, 19.38, 19.392156862745097, 19.403846153846153], "connectivity": [7.0, 8.0, 9.0, 9.0, 10.0], "sparseness": [0.41179078014184395, 0.4030612244897959, 0.3955102040816327, 0.38784313725490194, 0.3804675716440422], "hubs": [5.0, 5.0, 5.0, 6.0, 6.0], "clusters": [1.0, 1.0, 1.0, 1.0, 1.0], "communities": [1.0, 1.0, 1.0, 1.0, 1.0], "fourier": [1.9237961170800888, 1.9231283611097025, 1.922658217547444, 1.9214467435262748, 1.9211531874636074], "commute_time_efficiency": [0.8324468085106383, 0.8278061224489796, 0.8236734693877551, 0.82, 0.8163650075414781], "pagerank": [0.4344743279011776, 0.43425350254350265, 0.4340212663980527, 0.43378076977619723, 0.4335610673917695], "eigenvector_centrality": [0.0, 0.0, 0.0, 0.0, 0.0], "cycle_count": [703.0, 723.0, 744.0, 766.0, 788.0]}, "qwen_3b_instruct": {"clustering": [0.00506561361354708, 0.00513442969182821, 0.005198933284790619, 0.0052687456091891835, 0.005325774819447622], "average_shortest_path_length": [Infinity, Infinity, Infinity, Infinity, Infinity], "average_degree": [19.541666666666668, 19.551020408163264, 19.56, 19.568627450980394, 19.576923076923077], "connectivity": [9.0, 10.0, 11.0, 12.0, 13.0], "sparseness": [0.4157801418439716, 0.407312925170068, 0.39918367346938777, 0.39137254901960783, 0.3838612368024133], "hubs": [5.0, 5.0, 5.0, 6.0, 6.0], "clusters": [1.0, 1.0, 1.0, 1.0, 1.0], "communities": [1.0, 1.0, 1.0, 1.0, 1.0], "fourier": [1.949417450318487, 1.9498834144836188, 1.9502088111523639, 1.950598351137126, 1.951039036113902], "commute_time_efficiency": [0.8320035460992907, 0.8273809523809523, 0.8228571428571428, 0.8184313725490197, 0.8141025641025641], "pagerank": [0.44710269046835815, 0.44682775140202124, 0.4466305763271417, 0.4463483744628061, 0.44613902945223954], "eigenvector_centrality": [0.0, 0.0, 0.0, 0.0, 0.0], "cycle_count": [702.0, 722.0, 742.0, 762.0, 782.0]}, "qwen_7b_instruct": {"clustering": [0.0076975368635905025, 0.007762329778452604, 0.007857841307590879, 0.007951688665019618, 0.008057498844350593], "average_shortest_path_length": [Infinity, Infinity, Infinity, Infinity, Infinity], "average_degree": [19.270833333333332, 19.306122448979593, 19.32, 19.333333333333332, 19.326923076923077], "connectivity": [9.0, 9.0, 10.0, 11.0, 12.0], "sparseness": [0.4100177304964539, 0.40221088435374147, 0.3942857142857143, 0.38666666666666666, 0.37895927601809953], "hubs": [5.0, 5.0, 5.0, 6.0, 6.0], "clusters": [1.0, 1.0, 1.0, 1.0, 1.0], "communities": [1.0, 1.0, 1.0, 1.0, 1.0], "fourier": [1.929235211143552, 1.9290614513254374, 1.9282067550331157, 1.9275723138264804, 1.9273079613595208], "commute_time_efficiency": [0.8271276595744681, 0.8235544217687075, 0.8187755102040817, 0.8145098039215686, 0.8095776772247361], "pagerank": [0.4256728709517926, 0.4253409577366729, 0.42494530231290273, 0.4245020018622558, 0.424266652561296], "eigenvector_centrality": [0.0, 0.0, 0.0, 0.0, 0.0], "cycle_count": [691.0, 713.0, 732.0, 752.0, 770.0]}}