{"mistral_8b_instruct": {"clustering": [0.005874195555944468], "average_degree": [19.244897959183675], "pagerank": [0.22401384475906655]}, "mistral_24b_instruct": {"clustering": [0.00546951864666233, 0.0054190498487737045], "average_degree": [19.3265306122449, 19.32], "pagerank": [0.22734346314473436, 0.222742832286475]}, "qwen_1.5b_instruct": {"clustering": [0.005907688659183873, 0.005871957566379534], "average_degree": [19.229166666666668, 19.224489795918366], "pagerank": [0.20509519632642012, 0.20291403188810414]}, "qwen_3b_instruct": {"clustering": [0.005036417331037592, 0.004965225840349909], "average_degree": [19.291666666666668, 19.306122448979593], "pagerank": [0.21946689200147212, 0.21699837319301202]}, "qwen_7b_instruct": {"clustering": [0.005469824101675166, 0.005483618409895085, 0.00538867450889801, 0.005393133262416553, 0.004720990743943419, 0.004681429310874939, 0.004682895030122828, 0.004665862241259762, 0.0035747010171305023, 0.0035491671831920702, 0.0035464980155772165, 0.0035603917362932577, 0.002768219001629242, 0.002786298586558763, 0.0027361780915674642, 0.002737002390684545, 0.0010271543319201224, 0.0010245213755712458], "average_degree": [19.270833333333332, 19.26530612244898, 19.26, 19.254901960784313, 19.365384615384617, 19.358490566037737, 19.35185185185185, 19.363636363636363, 19.303571428571427, 19.29824561403509, 19.29310344827586, 19.28813559322034, 19.433333333333334, 19.42622950819672, 19.419354838709676, 19.41269841269841, 19.3125, 19.307692307692307], "pagerank": [0.19927799294683002, 0.19767364160551, 0.19382286096949713, 0.1888120769620189, 0.1827866095449072, 0.18012080932878768, 0.1767404194182438, 0.17255689703277663, 0.19803050609127593, 0.1958690015390054, 0.1932616733115614, 0.18863753363295016, 0.1572387559923832, 0.15509191263554667, 0.15314929198751298, 0.15001819104004022, 0.14130759109757993, 0.14006704373593745]}, "llama_1b_instruct": {"clustering": [0.0074249800516925125, 0.007366502445507524, 0.0073597422258629705, 0.005825489231202172, 0.005785510988346624, 0.005744687222848289, 0.005739044890560694, 0.005659644845141054, 0.005623248547260359, 0.005640131677654965], "average_degree": [19.081632653061224, 19.08, 19.07843137254902, 19.096153846153847, 19.09433962264151, 19.09259259259259, 19.09090909090909, 19.142857142857142, 19.140350877192983, 19.137931034482758], "pagerank": [0.1897584311189468, 0.18638242982826134, 0.18251659490888475, 0.20158292413048262, 0.19968684544646073, 0.19602297952180392, 0.19162813569689247, 0.19640816036424497, 0.19465671492296044, 0.19109191263431213]}, "llama_8b_instruct": {"clustering": [0.0058498146737932626, 0.005814202200383935, 0.005811246964770264, 0.003495120166265479, 0.0034668597273424277, 0.003434912350251986, 0.0034432636463176706, 0.003197256060282129, 0.0031548013781514833, 0.0031991467736692814, 0.0031949679687407013, 0.0025827386612088535, 0.0025732667144212867, 0.00255753535972473, 0.0025681773817312395, 0.0008134252743128727, 0.0008416417972882634, 0.0008189328184597457, 0.0008073450314299062, 0.0020931890269668824, 0.0020812210349166705, 0.0020762022257142373, 0.002075316878377191, 0.004092891575949286, 0.004063604248234486, 0.004082555311908063, 0.004064732194647266, 0.0034967640657714814, 0.0034734807815482395, 0.0034734128329607736, 0.0034884280063108945, 0.006403615102529033, 0.006385121761021134, 0.006369948166403213, 0.006377464977728935, 0.004431715296708322, 0.00443383039662984, 0.004400449660481356, 0.004392957170987552, 0.00487483675861507, 0.004853891266349255], "average_degree": [19.26530612244898, 19.26, 19.254901960784313, 19.365384615384617, 19.358490566037737, 19.35185185185185, 19.345454545454544, 19.25, 19.24561403508772, 19.24137931034483, 19.25423728813559, 19.45, 19.442622950819672, 19.43548387096774, 19.428571428571427, 19.390625, 19.384615384615383, 19.37878787878788, 19.37313432835821, 19.397058823529413, 19.391304347826086, 19.385714285714286, 19.380281690140844, 19.40277777777778, 19.397260273972602, 19.39189189189189, 19.4, 19.44736842105263, 19.441558441558442, 19.435897435897434, 19.430379746835442, 19.425, 19.419753086419753, 19.414634146341463, 19.40963855421687, 19.488095238095237, 19.470588235294116, 19.476744186046513, 19.471264367816094, 19.53409090909091, 19.528089887640448], "pagerank": [0.21982366594812774, 0.2150295566358046, 0.21051239702260624, 0.2386987215696792, 0.23612436487263008, 0.23184793142035082, 0.22674632705307568, 0.22800462951386755, 0.2255662814883847, 0.221493109541037, 0.21678111542396444, 0.2019233396199793, 0.2000651652679756, 0.19666016867196812, 0.19277754801754488, 0.15981174036111068, 0.15843239686763225, 0.1554862489560257, 0.15257331434498753, 0.24970242515583063, 0.2474904360034495, 0.24385601623039124, 0.23916333053275507, 0.22177663254552965, 0.22060344281183045, 0.21749757970748498, 0.21378388884478802, 0.24747661549978398, 0.24571893532199834, 0.24253476778914387, 0.23819384996896484, 0.22217503868301533, 0.2208248155638197, 0.2183699490275856, 0.21534262989214206, 0.22752477618244865, 0.22573677542267764, 0.22326675123009473, 0.2202231540239996, 0.2243852047505451, 0.22291319623945477]}, "gemma_2b_instruct": {"clustering": [0.006840927810847334, 0.006845535740434061, 0.004599766071367736, 0.00456144169610263, 0.004525981163617889, 0.0045238792642193736, 0.00439553612166567, 0.004354197781292594, 0.004370421529045055, 0.004366535160925888], "average_degree": [19.18, 19.176470588235293, 19.307692307692307, 19.30188679245283, 19.296296296296298, 19.29090909090909, 19.267857142857142, 19.263157894736842, 19.25862068965517, 19.25423728813559], "pagerank": [0.2038052083069591, 0.1988268795050786, 0.20411657123711266, 0.20194343687558303, 0.1980923517891862, 0.19360492863869772, 0.21032072015988712, 0.20828927563162797, 0.20445740462399434, 0.1999326591530782]}, "gemma_9b_instruct": {"clustering": [0.004464484483692764, 0.004476371397922477, 0.0031110990682265086, 0.003092476040535924], "average_degree": [19.28, 19.294117647058822, 19.5, 19.49056603773585], "pagerank": [0.2207197739037968, 0.21519970095881197, 0.19860086655441692, 0.1967078649436463]}, "gemma_27b_instruct": {"clustering": [0.0036125843798233566, 0.003622185951822064, 0.002465150211575683, 0.0024488294417822575, 0.0024365702038628176], "average_degree": [19.42, 19.41176470588235, 19.51923076923077, 19.50943396226415, 19.5], "pagerank": [0.2308658537801615, 0.22519811196770118, 0.20268891915823903, 0.2006438566490747, 0.1961648212691781]}}