{"mistral_8b_instruct": {"clustering": [0.005822692777428532, 0.005861806058658112, 0.005884422364188629, 0.0058751939519906616], "average_degree": [19.58823529411765, 19.593023255813954, 19.597701149425287, 19.602272727272727], "pagerank": [0.4475861053349816, 0.4475176028102482, 0.44744535340226943, 0.4473807871703793]}, "mistral_24b_instruct": {"clustering": [0.005040301860777566, 0.005089145168001168], "average_degree": [19.67058823529412, 19.674418604651162], "pagerank": [0.45178847203929884, 0.4517492138716699]}, "qwen_1.5b_instruct": {"clustering": [0.008822981969136723, 0.008768887278087995, 0.008792951546723255, 0.008826862752615194, 0.008794078890204494, 0.00881335463389859, 0.008819727359804052, 0.008848077387414388, 0.00882836687183203, 0.008814177287740874, 0.00884830201885263], "average_degree": [19.16867469879518, 19.178571428571427, 19.188235294117646, 19.197674418604652, 19.20689655172414, 19.21590909090909, 19.224719101123597, 19.233333333333334, 19.24175824175824, 19.23913043478261, 19.236559139784948], "pagerank": [0.42997324395835085, 0.4299674018970197, 0.42994854073528377, 0.4299291401366447, 0.4298720835869203, 0.42984365024466475, 0.42983482042798776, 0.4298078256203958, 0.4298210356261801, 0.42987575914230397, 0.4298907759629653]}, "qwen_3b_instruct": {"clustering": [0.006251975981439705, 0.006237684156746871, 0.006258220265467407, 0.006307181510386187, 0.00631820438488549, 0.0063306945163310625, 0.006360762275139236, 0.006410645520916551, 0.006408226476093103, 0.006412280319068255, 0.006473106206577563, 0.006494046664593172, 0.006493004326521186, 0.006513163805994894, 0.006536413450022666, 0.006564716085950099, 0.006588077711512158, 0.0066060207292297805, 0.00663962163370487], "average_degree": [19.59036144578313, 19.595238095238095, 19.6, 19.6046511627907, 19.60919540229885, 19.613636363636363, 19.617977528089888, 19.622222222222224, 19.626373626373628, 19.630434782608695, 19.634408602150536, 19.638297872340427, 19.642105263157895, 19.645833333333332, 19.649484536082475, 19.653061224489797, 19.656565656565657, 19.66, 19.663366336633665], "pagerank": [0.4444953573433936, 0.4444750653893182, 0.4444191960225787, 0.4443804359462565, 0.44427122915150336, 0.4441677317133877, 0.44407080887344363, 0.44400027178355006, 0.44391465970145944, 0.4438420512920386, 0.44373136279540104, 0.44364917019513844, 0.4435621970593248, 0.4434807426768652, 0.4434021407952631, 0.4433202639162479, 0.4432414379254769, 0.44315280872268137, 0.44305933488911964]}, "qwen_7b_instruct": {"clustering": [0.009668695844196768, 0.009621587156948799, 0.009642967929924407, 0.009705017233252114, 0.009675391064466722, 0.009709304202048711, 0.00973158191380646, 0.009766840572041349, 0.009731631338243937, 0.00972070238570121, 0.00975713436903231, 0.00979382843867667, 0.00978483653203578, 0.009810380560689523, 0.00984395181700228, 0.009873664218535813, 0.009885503156342961, 0.009891501456936805, 0.00992612286256469, 0.009918008506253271], "average_degree": [19.180722891566266, 19.166666666666668, 19.188235294117646, 19.197674418604652, 19.20689655172414, 19.21590909090909, 19.224719101123597, 19.211111111111112, 19.24175824175824, 19.25, 19.258064516129032, 19.26595744680851, 19.273684210526316, 19.260416666666668, 19.288659793814432, 19.29591836734694, 19.303030303030305, 19.31, 19.316831683168317, 19.323529411764707], "pagerank": [0.42217887786430913, 0.4225504999609601, 0.42214006870032705, 0.42209363660336785, 0.42203667841856496, 0.42195001740844107, 0.4218865918764994, 0.4221091382072638, 0.4217103300605466, 0.4216235706598229, 0.42154012308437394, 0.42145953781790485, 0.4213554086402052, 0.4215452403549937, 0.42114996238547603, 0.42106991907881064, 0.42099301862058075, 0.42086846722343213, 0.4208086179645866, 0.4207948123405548]}, "llama_1b_instruct": {"clustering": [0.011216410218836972, 0.011156512081522234, 0.011179061307698163, 0.011164628655789332, 0.011114879099679719, 0.011114259702524809, 0.011200842815917272, 0.011166353499590422], "average_degree": [19.0, 19.0, 19.0, 19.0, 19.0, 19.0, 19.0, 19.0], "pagerank": [0.40388529960434416, 0.4038587519414763, 0.40385218564227077, 0.40392749886752893, 0.4039535142920427, 0.40400443401962316, 0.4039354817795564, 0.40406926612303506]}, "llama_8b_instruct": {"clustering": [0.005683145851241302, 0.00566243008167218, 0.005703655060872851, 0.005735022554083141, 0.005724678443601653, 0.005741235479319131, 0.005776033924833252, 0.005767964339021237, 0.005780186352705592], "average_degree": [19.107142857142858, 19.11764705882353, 19.127906976744185, 19.137931034482758, 19.147727272727273, 19.15730337078652, 19.166666666666668, 19.175824175824175, 19.184782608695652], "pagerank": [0.45179349321566764, 0.4517372511120981, 0.45166642069719043, 0.4516001184392048, 0.45153922567159377, 0.45147727556415623, 0.4514125559075473, 0.4514110106418575, 0.4513355693604904]}, "gemma_2b_instruct": {"clustering": [0.009049622883519771, 0.009084367752030212, 0.009098708418529939, 0.009099211330876676, 0.009127039651752166, 0.009091707561028438, 0.009119093492161138, 0.009133246901182113, 0.009105146093533162, 0.009141132318438173], "average_degree": [19.0, 19.0, 19.0, 19.0, 19.0, 19.0, 19.0, 19.0, 19.0, 19.0], "pagerank": [0.4295933505158342, 0.42958723815989613, 0.4295945564125913, 0.4295795998508184, 0.42948331303124665, 0.42951365474722025, 0.4294610373059828, 0.42939227733207885, 0.4293597115439205, 0.42932287365865546]}, "gemma_9b_instruct": {"clustering": [0.004935995922500578, 0.004954822442026351, 0.004980845705533138, 0.005002389138077665, 0.005029076923986147, 0.005040215705533359, 0.0050775395787081784, 0.0051108920379879, 0.00511867299215574, 0.00515816195760204], "average_degree": [19.72093023255814, 19.724137931034484, 19.727272727272727, 19.730337078651687, 19.733333333333334, 19.736263736263737, 19.73913043478261, 19.741935483870968, 19.74468085106383, 19.74736842105263], "pagerank": [0.4521178585641271, 0.4520641712937767, 0.4520060577125064, 0.45194387096082334, 0.45189550432208014, 0.4517887679907515, 0.4516935255148444, 0.45159185599301305, 0.4515137860411303, 0.45146418718119846]}, "gemma_27b_instruct": {"clustering": [0.004568907931650236, 0.0045936036381419645, 0.004624948657403648, 0.004653186514036771, 0.004686984865233947, 0.004700355154390438, 0.004731492820721345, 0.0047661406203030445, 0.004774229325865878], "average_degree": [19.72093023255814, 19.724137931034484, 19.727272727272727, 19.730337078651687, 19.711111111111112, 19.736263736263737, 19.73913043478261, 19.741935483870968, 19.74468085106383], "pagerank": [0.4519335899893244, 0.4518518331072179, 0.4517850736862566, 0.4516899125821586, 0.451700238570387, 0.45157174963036173, 0.4514894018662361, 0.4513965748869313, 0.4513318513555154]}}