{"llama_1b_instruct": {"clustering": [0.0, 0.0, 0.0, 0.0, 0.0, 0.0, 0.0, 0.0, 0.0, 0.0, 0.0, 0.0, 0.0, 0.0, 0.0, 0.0, 0.0, 0.0, 0.0, 0.0, 0.0, 0.0, 0.0, 0.0, 0.0, 0.0, 0.0, 0.0, 0.0, 0.0, 0.0, 0.0, 0.0, 0.0, 0.0, 0.0, 0.0, 0.0, 0.0, 0.0, 0.0, 0.0, 0.0, 0.0, 0.0, 0.0, 0.0, 0.0, 0.0, 0.0], "average_shortest_path_length": [Infinity, Infinity, Infinity, Infinity, Infinity, Infinity, Infinity, Infinity, Infinity, Infinity, Infinity, Infinity, Infinity, Infinity, Infinity, Infinity, Infinity, Infinity, Infinity, Infinity, Infinity, Infinity, Infinity, Infinity, Infinity, Infinity, Infinity, Infinity, Infinity, Infinity, Infinity, Infinity, Infinity, Infinity, Infinity, Infinity, Infinity, Infinity, Infinity, Infinity, Infinity, Infinity, Infinity, Infinity, Infinity, Infinity, Infinity, Infinity, Infinity, Infinity], "average_degree": [0.02631578947368421, 0.02564102564102564, 0.025, 0.024390243902439025, 0.023809523809523808, 0.023255813953488372, 0.022727272727272728, 0.022222222222222223, 0.021739130434782608, 0.02127659574468085, 0.020833333333333332, 0.02040816326530612, 0.02, 0.0196078431372549, 0.019230769230769232, 0.018867924528301886, 0.018518518518518517, 0.01818181818181818, 0.017857142857142856, 0.017543859649122806, 0.017241379310344827, 0.01694915254237288, 0.016666666666666666, 0.01639344262295082, 0.016129032258064516, 0.015873015873015872, 0.015625, 0.015384615384615385, 0.015151515151515152, 0.014925373134328358, 0.014705882352941176, 0.014492753623188406, 0.014285714285714285, 0.014084507042253521, 0.013888888888888888, 0.0136986301369863, 0.013513513513513514, 0.013333333333333334, 0.013157894736842105, 0.012987012987012988, 0.01282051282051282, 0.012658227848101266, 0.0125, 0.012345679012345678, 0.012195121951219513, 0.012048192771084338, 0.011904761904761904, 0.011764705882352941, 0.011627906976744186, 0.011494252873563218], "connectivity": [38.0, 39.0, 40.0, 41.0, 42.0, 43.0, 44.0, 45.0, 46.0, 47.0, 48.0, 49.0, 50.0, 51.0, 52.0, 53.0, 54.0, 55.0, 56.0, 57.0, 58.0, 59.0, 60.0, 61.0, 62.0, 63.0, 64.0, 65.0, 66.0, 67.0, 68.0, 69.0, 70.0, 71.0, 72.0, 73.0, 74.0, 75.0, 76.0, 77.0, 78.0, 79.0, 80.0, 81.0, 82.0, 83.0, 84.0, 85.0, 86.0, 87.0], "sparseness": [0.0007112375533428165, 0.0006747638326585695, 0.000641025641025641, 0.0006097560975609756, 0.0005807200929152149, 0.0005537098560354374, 0.0005285412262156448, 0.000505050505050505, 0.0004830917874396135, 0.00046253469010175765, 0.0004432624113475177, 0.00042517006802721087, 0.00040816326530612246, 0.000392156862745098, 0.0003770739064856712, 0.000362844702467344, 0.00034940600978336826, 0.0003367003367003367, 0.0003246753246753247, 0.0003132832080200501, 0.00030248033877797946, 0.0002922267679719462, 0.0002824858757062147, 0.000273224043715847, 0.00026441036488630354, 0.0002560163850486431, 0.000248015873015873, 0.0002403846153846154, 0.0002331002331002331, 0.0002261420171867933, 0.00021949078138718174, 0.00021312872975277067, 0.00020703933747412008, 0.00020120724346076458, 0.00019561815336463224, 0.0001902587519025875, 0.00018511662347278786, 0.00018018018018018018, 0.00017543859649122806, 0.00017088174982911826, 0.0001665001665001665, 0.0001622849724115547, 0.00015822784810126583, 0.00015432098765432098, 0.00015055706112616682, 0.00014692918013517486, 0.00014343086632243257, 0.00014005602240896358, 0.00013679890560875513, 0.00013365410318096765], "hubs": [38.0, 39.0, 40.0, 41.0, 42.0, 43.0, 44.0, 45.0, 46.0, 47.0, 48.0, 49.0, 50.0, 51.0, 52.0, 53.0, 54.0, 55.0, 56.0, 57.0, 58.0, 59.0, 60.0, 61.0, 62.0, 63.0, 64.0, 65.0, 66.0, 67.0, 68.0, 69.0, 70.0, 71.0, 72.0, 73.0, 74.0, 75.0, 76.0, 77.0, 78.0, 79.0, 80.0, 81.0, 82.0, 83.0, 84.0, 85.0, 86.0, 87.0], "clusters": [37.0, 38.0, 39.0, 40.0, 41.0, 42.0, 43.0, 44.0, 45.0, 46.0, 47.0, 48.0, 49.0, 50.0, 51.0, 52.0, 53.0, 54.0, 55.0, 56.0, 57.0, 58.0, 59.0, 60.0, 61.0, 62.0, 63.0, 64.0, 65.0, 66.0, 67.0, 68.0, 69.0, 70.0, 71.0, 72.0, 73.0, 74.0, 75.0, 76.0, 77.0, 78.0, 79.0, 80.0, 81.0, 82.0, 83.0, 84.0, 85.0, 86.0], "communities": [37.0, 38.0, 39.0, 40.0, 41.0, 42.0, 43.0, 44.0, 45.0, 46.0, 47.0, 48.0, 49.0, 50.0, 51.0, 52.0, 53.0, 54.0, 55.0, 56.0, 57.0, 58.0, 59.0, 60.0, 61.0, 62.0, 63.0, 64.0, 65.0, 66.0, 67.0, 68.0, 69.0, 70.0, 71.0, 72.0, 73.0, 74.0, 75.0, 76.0, 77.0, 78.0, 79.0, 80.0, 81.0, 82.0, 83.0, 84.0, 85.0, 86.0], "fourier": [0.029889988809331778, 0.029123578839861733, 0.02839548936886519, 0.027702916457429453, 0.027043323208443038, 0.026414408715223433, 0.0258140812444229, 0.025240434994546836, 0.02469172988596973, 0.024166373930949097, 0.023662907807387657, 0.023179991321522604, 0.02271639149509215, 0.022270972054011913, 0.0218426841298963, 0.02143055801423788, 0.02103369582878903, 0.02065126499553832, 0.02028249240633228, 0.019926659206221185, 0.01958309611645875, 0.019251179233128943, 0.018930326245910126, 0.01861999302876406, 0.018319670560558186, 0.018028882138962025, 0.017967345210258792, 0.01769092451471635, 0.017422880203887315, 0.017162837215769593, 0.016927678206506248, 0.016682349536846736, 0.016444030257748928, 0.016212424197780632, 0.015987251639478124, 0.015768248192361986, 0.015555163757330065, 0.015347761573899, 0.015145817342663485, 0.014949118416135387, 0.01475746305182596, 0.014570659722056012, 0.014388526475530312, 0.014210890346202777, 0.014037586805395425, 0.013868459253523192, 0.013703358548124106, 0.013542142565205, 0.013384675791190986, 0.013230828943016379], "commute_time_efficiency": [0.001422475106685633, 0.001349527665317139, 0.001282051282051282, 0.0012195121951219512, 0.0011614401858304297, 0.0011074197120708748, 0.0010570824524312897, 0.00101010101010101, 0.000966183574879227, 0.0009250693802035153, 0.0008865248226950354, 0.0008503401360544217, 0.0008163265306122449, 0.000784313725490196, 0.0007541478129713424, 0.000725689404934688, 0.0006988120195667365, 0.0006734006734006734, 0.0006493506493506494, 0.0006265664160401002, 0.0006049606775559589, 0.0005844535359438924, 0.0005649717514124294, 0.000546448087431694, 0.0005288207297726071, 0.0005120327700972862, 0.000496031746031746, 0.0004807692307692308, 0.0004662004662004662, 0.0004522840343735866, 0.0004389815627743635, 0.00042625745950554135, 0.00041407867494824016, 0.00040241448692152917, 0.0003912363067292645, 0.000380517503805175, 0.00037023324694557573, 0.00036036036036036037, 0.0003508771929824561, 0.0003417634996582365, 0.000333000333000333, 0.0003245699448231094, 0.00031645569620253165, 0.00030864197530864197, 0.00030111412225233364, 0.0002938583602703497, 0.00028686173264486515, 0.00028011204481792715, 0.00027359781121751026, 0.0002673082063619353], "pagerank": [0.0476192860441717, 0.04642430550422509, 0.04528783237304694, 0.04420567238347474, 0.043174022823887666, 0.04218942788714524, 0.04124873999358602, 0.04034908617588787, 0.03948783876938151, 0.03866258977789737, 0.03787112838839307, 0.037111421192162555, 0.03638159474, 0.035679920116194655, 0.035004799263938347, 0.034354752834459684, 0.03372840936540931, 0.03312449562188374, 0.03254182795691824, 0.03197930456808413, 0.031435898543595145, 0.03091065160557647, 0.030402668470293263, 0.029911111755508434, 0.029435197374030955, 0.028974190360148776, 0.028527401082217727, 0.02809418180035708, 0.02767392353311266, 0.027266053201208985, 0.026870031020220585, 0.02648534811721344, 0.026111524349229462, 0.025748106303947346, 0.025394665465015464, 0.025050796526446886, 0.024716115842135435, 0.02439025999802468, 0.024072884495753517, 0.023763662537758832, 0.023462283904825056, 0.0231684539179777, 0.022881892477416968, 0.022602333171904142, 0.022329522452646407, 0.022063218866297456, 0.02180319234219459, 0.021549223529411715, 0.021301103179612507, 0.021058631572053496], "eigenvector_centrality": [0.0, 0.0, 0.0, 0.0, 0.0, 0.0, 0.0, 0.0, 0.0, 0.0, 0.0, 0.0, 0.0, 0.0, 0.0, 0.0, 0.0, 0.0, 0.0, 0.0, 0.0, 0.0, 0.0, 0.0, 0.0, 0.0, 0.0, 0.0, 0.0, 0.0, 0.0, 0.0, 0.0, 0.0, 0.0, 0.0, 0.0, 0.0, 0.0, 0.0, 0.0, 0.0, 0.0, 0.0, 0.0, 0.0, 0.0, 0.0, 0.0, 0.0],