{"llama_1b_instruct": {"clustering": [0.04188586203994307, 0.04188458512614, 0.041811174808859174, 0.04182091726819847, 0.04185033994434866, 0.04185532841535469, 0.04198379152439554, 0.041791756413324506, 0.04187128815900596, 0.04180830546024334, 0.04187442745539202, 0.04183015586014487, 0.041709657224779234, 0.041701015760127615, 0.041744854993312916, 0.04176918233808483, 0.04168291128456075, 0.04147797873527824, 0.04145794753464688, 0.041373486471031125, 0.04130801520947263, 0.041236264048828124, 0.04114626967521587, 0.04110772425349205, 0.04106183242387754, 0.041012007372338496, 0.04049431677590005, 0.04042782567059213, 0.04039893454625568, 0.040301645107333174, 0.0403034785213606, 0.04024950050465363, 0.04016983360884762, 0.03999024955588618, 0.039887935449711004, 0.039826272988438875, 0.039772596318645534, 0.03969040651009973, 0.039585482911788386, 0.03949198024590907, 0.039401028544870154, 0.039280426611194276, 0.03918778719177817, 0.03897370558662974, 0.0389344672580229, 0.038865355256573475, 0.03881263973942287, 0.038743496182714984, 0.038599696182286765, 0.038482483182651225], "average_shortest_path_length": [Infinity, Infinity, Infinity, Infinity, Infinity, Infinity, Infinity, Infinity, Infinity, Infinity, Infinity, Infinity, Infinity, Infinity, Infinity, Infinity, Infinity, Infinity, Infinity, Infinity, Infinity, Infinity, Infinity, Infinity, Infinity, Infinity, Infinity, Infinity, Infinity, Infinity, Infinity, Infinity, Infinity, Infinity, Infinity, Infinity, Infinity, Infinity, Infinity, Infinity, Infinity, Infinity, Infinity, Infinity, Infinity, Infinity, Infinity, Infinity, Infinity, Infinity], "average_degree": [9.368421052631579, 9.35897435897436, 9.375, 9.390243902439025, 9.404761904761905, 9.418604651162791, 9.431818181818182, 9.444444444444445, 9.456521739130435, 9.46808510638298, 9.479166666666666, 9.489795918367347, 9.5, 9.509803921568627, 9.51923076923077, 9.528301886792454, 9.537037037037036, 9.545454545454545, 9.553571428571429, 9.56140350877193, 9.568965517241379, 9.576271186440678, 9.583333333333334, 9.59016393442623, 9.596774193548388, 9.603174603174603, 9.59375, 9.6, 9.606060606060606, 9.611940298507463, 9.617647058823529, 9.623188405797102, 9.628571428571428, 9.633802816901408, 9.63888888888889, 9.643835616438356, 9.64864864864865, 9.653333333333334, 9.657894736842104, 9.662337662337663, 9.666666666666666, 9.670886075949367, 9.675, 9.679012345679013, 9.682926829268293, 9.686746987951807, 9.69047619047619, 9.694117647058823, 9.69767441860465, 9.701149425287356], "connectivity": [12.0, 13.0, 14.0, 15.0, 16.0, 17.0, 18.0, 19.0, 21.0, 22.0, 23.0, 23.0, 25.0, 26.0, 27.0, 28.0, 28.0, 28.0, 29.0, 30.0, 31.0, 32.0, 33.0, 34.0, 35.0, 36.0, 37.0, 39.0, 40.0, 41.0, 43.0, 44.0, 45.0, 45.0, 45.0, 46.0, 47.0, 48.0, 49.0, 50.0, 51.0, 52.0, 53.0, 54.0, 56.0, 57.0, 58.0, 59.0, 60.0, 61.0], "sparseness": [0.2532005689900427, 0.24628879892037786, 0.2403846153846154, 0.2347560975609756, 0.22938443670150988, 0.22425249169435216, 0.21934460887949261, 0.21464646464646464, 0.21014492753623187, 0.20582793709528216, 0.20168439716312056, 0.19770408163265307, 0.19387755102040816, 0.19019607843137254, 0.18665158371040724, 0.1832365747460087, 0.17994409503843467, 0.17676767676767677, 0.1737012987012987, 0.17073934837092733, 0.16787658802177857, 0.1651081239041496, 0.16242937853107345, 0.1598360655737705, 0.15732416710735062, 0.15488991295442908, 0.15228174603174602, 0.15, 0.14778554778554778, 0.1456354590682949, 0.14354697102721686, 0.14151747655583974, 0.13954451345755695, 0.13762575452716297, 0.13575899843505476, 0.1339421613394216, 0.13217326915957053, 0.13045045045045045, 0.1287719298245614, 0.127136021872864, 0.12554112554112554, 0.12398571892242778, 0.12246835443037975, 0.12098765432098765, 0.11954230653417645, 0.11813106082868058, 0.11675272518646013, 0.115406162464986, 0.11409028727770178, 0.1128040630847367], "hubs": [5.0, 4.0, 4.0, 5.0, 5.0, 5.0, 5.0, 5.0, 5.0, 5.0, 5.0, 5.0, 5.0, 6.0, 6.0, 6.0, 6.0, 6.0, 6.0, 6.0, 8.0, 8.0, 7.0, 7.0, 7.0, 7.0, 7.0, 7.0, 7.0, 7.0, 7.0, 7.0, 7.0, 8.0, 8.0, 8.0, 8.0, 8.0, 8.0, 8.0, 8.0, 8.0, 8.0, 9.0, 9.0, 9.0, 9.0, 9.0, 10.0, 9.0], "clusters": [2.0, 2.0, 2.0, 2.0, 2.0, 2.0, 2.0, 2.0, 2.0, 2.0, 2.0, 2.0, 2.0, 2.0, 2.0, 2.0, 2.0, 2.0, 2.0, 2.0, 2.0, 2.0, 2.0, 2.0, 2.0, 2.0, 2.0, 2.0, 2.0, 2.0, 2.0, 2.0, 2.0, 2.0, 2.0, 2.0, 2.0, 2.0, 2.0, 2.0, 2.0, 2.0, 2.0, 2.0, 2.0, 2.0, 2.0, 2.0, 2.0, 2.0], "communities": [2.0, 2.0, 2.0, 2.0, 2.0, 2.0, 2.0, 2.0, 2.0, 2.0, 2.0, 2.0, 2.0, 2.0, 2.0, 2.0, 2.0, 2.0, 2.0, 2.0, 2.0, 2.0, 2.0, 2.0, 2.0, 2.0, 2.0, 2.0, 2.0, 2.0, 2.0, 2.0, 2.0, 2.0, 2.0, 2.0, 2.0, 2.0, 2.0, 2.0, 2.0, 2.0, 2.0, 2.0, 2.0, 2.0, 2.0, 2.0, 2.0, 2.0], "fourier": [1.2507031939080135, 1.241829656041458, 1.2335690010097224, 1.2250841923601452, 1.217143173011844, 1.2087298850344368, 1.2013550196471188, 1.1931005043138991, 1.185041862720886, 1.1782479184503927, 1.171895938718574, 1.1656697772861848, 1.1578873502683096, 1.1503388951835953, 1.1429462746421764, 1.1356541673665685, 1.1283628408599884, 1.1209610970758093, 1.1135069845772996, 1.105802057437422, 1.0982326718353368, 1.0916386796073207, 1.0858163975677493, 1.0799468206793883, 1.0738634278212305, 1.0675147748871758, 1.0625222304607473, 1.0564266298951948, 1.0502794537128117, 1.0438713916977895, 1.0374699664666454, 1.0316368273155998, 1.0253773611601331, 1.0187546928424998, 1.0127417719057294, 1.0073764195553938, 1.001747260673869, 0.995985892472208, 0.9902290901630323, 0.984394751171965, 0.9782639622509283, 0.9723005472351003, 0.9666138144306654, 0.9610655824843582, 0.9559610390269424, 0.9508668771585582, 0.9464012148157172, 0.9419820529994337, 0.9370519746521941, 0.9324333751313092], "commute_time_efficiency": [0.7425320056899004, 0.7348178137651822, 0.7269230769230769, 0.7201219512195122, 0.7142857142857143, 0.7104097452934662, 0.7066596194503171, 0.7035353535353536, 0.6995169082125604, 0.6961147086031453, 0.6932624113475178, 0.689625850340136, 0.686530612244898, 0.6835294117647058, 0.6802413273001509, 0.6770682148040639, 0.673654786862334, 0.67003367003367, 0.6668831168831169, 0.6635338345864662, 0.6603145795523291, 0.657802454704851, 0.6559322033898305, 0.6540983606557377, 0.6520359598096246, 0.6502816180235536, 0.6480654761904762, 0.6461538461538462, 0.6442890442890443, 0.6420171867933062, 0.6398156277436348, 0.6378942881500427, 0.636231884057971, 0.6346076458752515, 0.63302034428795, 0.631468797564688, 0.6299518696778971, 0.6281081081081081, 0.6264912280701754, 0.6249145591250854, 0.6233766233766234, 0.6218760142810775, 0.620253164556962, 0.6189814814814815, 0.6174345076784101, 0.615927123126653, 0.6146012621916236, 0.6134453781512605, 0.6121751025991792, 0.6110665597433841], "pagerank": [0.22354952410776924, 0.2237441036725916, 0.22329942687173993, 0.22309369193776762, 0.2225360087756078, 0.22196811607067282, 0.22146381876029958, 0.22018982497153078, 0.2197414797022479, 0.21883424620786404, 0.21790964191889836, 0.21699993817041183, 0.21636784689685284, 0.21608148634835583, 0.21580826234004416, 0.21555022778009258, 0.21534170839324474, 0.21508485733393765, 0.2148289264126992, 0.2145850553413083, 0.21435404406770264, 0.21409250428454998, 0.21352772590841124, 0.21294533633406387, 0.2123953537924586, 0.2118793925683313, 0.21225207415692532, 0.2119139411716228, 0.21158231193761562, 0.21123390807849976, 0.21126338252129997, 0.21083154313156188, 0.2103876260032506, 0.20980260701867445, 0.2094158029268951, 0.20901384130206432, 0.20862075395524737, 0.20833825448393728, 0.20797684878054995, 0.20770696550570264, 0.20735496557288638, 0.2069577804772102, 0.20670163602497932, 0.20634022957785156, 0.2061257294975559, 0.20581381620949907, 0.2054907272015602, 0.20517133877009047, 0.20484569859264168, 0.20452523359896627],