{"llama_1b_instruct": {"clustering": [0.07000968447442536, 0.06928926366246405, 0.06678212398363806, 0.06585295966072775, 0.0657404258605347, 0.06526860036965801, 0.06555185399384172, 0.06539996038569779, 0.0651924737643591, 0.06503168865264843, 0.06467092015576087, 0.06402196890552182, 0.06367628340716844, 0.06290529511324462, 0.06235306664473483, 0.061822667283320795, 0.061220790510692215, 0.06046788473019561, 0.05995479927125732, 0.05907541559133946, 0.05854721463409246, 0.058340778852559706, 0.05811568784762575, 0.05784443978986673, 0.05774074666604877, 0.057545247920806016, 0.05684998464089467, 0.056770655223014534, 0.05665438655417607, 0.056484965435560315, 0.05629989388989892, 0.05619106023487576, 0.05605923971371769, 0.05575146087265624, 0.05562795260115943, 0.055462200460244124, 0.05534924440199804, 0.055225845233787006, 0.054983492088938234, 0.0548454755471727, 0.05468105917031508, 0.05440969923977884, 0.05425701347946339, 0.05401429519695123, 0.05388634565394635, 0.053745064238680834, 0.05347541377779704, 0.0532768607752062, 0.05311940310247276, 0.05296037112635276], "average_shortest_path_length": [Infinity, Infinity, Infinity, Infinity, Infinity, Infinity, Infinity, Infinity, Infinity, Infinity, Infinity, Infinity, Infinity, Infinity, Infinity, Infinity, Infinity, Infinity, Infinity, Infinity, Infinity, Infinity, Infinity, Infinity, Infinity, Infinity, Infinity, Infinity, Infinity, Infinity, Infinity, Infinity, Infinity, Infinity, Infinity, Infinity, Infinity, Infinity, Infinity, Infinity, Infinity, Infinity, Infinity, Infinity, Infinity, Infinity, Infinity, Infinity, Infinity, Infinity], "average_degree": [4.578947368421052, 4.564102564102564, 4.6, 4.585365853658536, 4.595238095238095, 4.604651162790698, 4.613636363636363, 4.622222222222222, 4.630434782608695, 4.638297872340425, 4.645833333333333, 4.653061224489796, 4.66, 4.666666666666667, 4.673076923076923, 4.679245283018868, 4.685185185185185, 4.6909090909090905, 4.696428571428571, 4.701754385964913, 4.706896551724138, 4.711864406779661, 4.716666666666667, 4.721311475409836, 4.725806451612903, 4.73015873015873, 4.734375, 4.7384615384615385, 4.742424242424242, 4.746268656716418, 4.75, 4.753623188405797, 4.757142857142857, 4.76056338028169, 4.763888888888889, 4.767123287671233, 4.77027027027027, 4.773333333333333, 4.776315789473684, 4.779220779220779, 4.782051282051282, 4.784810126582278, 4.7875, 4.790123456790123, 4.7926829268292686, 4.795180722891566, 4.7976190476190474, 4.8, 4.8023255813953485, 4.804597701149425], "connectivity": [24.0, 25.0, 25.0, 27.0, 28.0, 29.0, 30.0, 32.0, 33.0, 34.0, 35.0, 36.0, 36.0, 36.0, 37.0, 39.0, 40.0, 40.0, 41.0, 42.0, 43.0, 44.0, 46.0, 47.0, 48.0, 51.0, 52.0, 53.0, 54.0, 55.0, 56.0, 57.0, 58.0, 58.0, 59.0, 60.0, 61.0, 62.0, 63.0, 64.0, 65.0, 65.0, 66.0, 67.0, 68.0, 69.0, 70.0, 71.0, 72.0, 73.0], "sparseness": [0.12375533428165007, 0.12010796221322537, 0.11794871794871795, 0.11463414634146342, 0.11207897793263646, 0.10963455149501661, 0.10729386892177589, 0.10505050505050505, 0.10289855072463767, 0.10083256244218317, 0.09884751773049645, 0.09693877551020408, 0.09510204081632653, 0.09333333333333334, 0.0916289592760181, 0.0899854862119013, 0.08839972047519218, 0.08686868686868687, 0.08538961038961039, 0.08395989974937343, 0.08257713248638839, 0.08123904149620105, 0.07994350282485875, 0.07868852459016394, 0.07747223691168693, 0.07629288274449565, 0.07514880952380952, 0.07403846153846154, 0.07296037296037296, 0.07191316146540028, 0.0708955223880597, 0.06990622335890878, 0.06894409937888199, 0.06800804828973843, 0.06709702660406885, 0.06621004566210045, 0.06534616808589411, 0.0645045045045045, 0.06368421052631579, 0.06288448393711552, 0.062104562104562104, 0.06134371957156767, 0.06060126582278481, 0.059876543209876544, 0.05916892502258356, 0.05847781369379959, 0.057802639127940335, 0.05714285714285714, 0.05649794801641587, 0.05586741512964448], "hubs": [4.0, 4.0, 4.0, 5.0, 5.0, 5.0, 5.0, 5.0, 5.0, 5.0, 5.0, 5.0, 5.0, 6.0, 6.0, 7.0, 6.0, 6.0, 6.0, 6.0, 6.0, 6.0, 6.0, 7.0, 7.0, 7.0, 7.0, 7.0, 7.0, 7.0, 7.0, 7.0, 7.0, 8.0, 8.0, 8.0, 8.0, 8.0, 8.0, 8.0, 8.0, 8.0, 8.0, 10.0, 10.0, 10.0, 10.0, 10.0, 10.0, 10.0], "clusters": [2.0, 2.0, 2.0, 2.0, 2.0, 2.0, 2.0, 2.0, 2.0, 2.0, 2.0, 2.0, 2.0, 2.0, 3.0, 3.0, 3.0, 2.0, 2.0, 2.0, 2.0, 3.0, 3.0, 3.0, 3.0, 3.0, 3.0, 3.0, 3.0, 3.0, 3.0, 3.0, 3.0, 3.0, 3.0, 3.0, 3.0, 3.0, 3.0, 3.0, 3.0, 3.0, 3.0, 3.0, 3.0, 3.0, 3.0, 3.0, 3.0, 3.0], "communities": [2.0, 2.0, 2.0, 2.0, 2.0, 2.0, 2.0, 2.0, 2.0, 2.0, 2.0, 2.0, 2.0, 2.0, 3.0, 3.0, 3.0, 2.0, 2.0, 2.0, 2.0, 3.0, 3.0, 3.0, 3.0, 3.0, 3.0, 3.0, 3.0, 3.0, 3.0, 3.0, 3.0, 3.0, 3.0, 3.0, 3.0, 3.0, 3.0, 3.0, 3.0, 3.0, 3.0, 3.0, 3.0, 3.0, 3.0, 3.0, 3.0, 3.0], "fourier": [0.8387517720411224, 0.8299455353943099, 0.8246891192663715, 0.8144394748808602, 0.8071495245302257, 0.7998068509839545, 0.7932577567162764, 0.7863591415550111, 0.7795649883569442, 0.773556254265846, 0.7678355925056207, 0.762249617923425, 0.7556870355858821, 0.7493593707292552, 0.7431815700034701, 0.737132541946545, 0.7311175750246435, 0.7249901070851472, 0.7190349989683834, 0.712928560197481, 0.7069982483304927, 0.7018285418654898, 0.6972411772753465, 0.6925801933784609, 0.6878196804692964, 0.6829575532643243, 0.6823955208853378, 0.6777736401936323, 0.6731580147000519, 0.6683560200350387, 0.6638127886790132, 0.6594388548794875, 0.6547902266210952, 0.649888367371386, 0.6454881672678181, 0.6414638486756453, 0.6373064981234163, 0.6331120861479742, 0.6289298491962841, 0.6247189103207974, 0.620330858189831, 0.6160030752685755, 0.6119214812450263, 0.6079438488592862, 0.6042308298455042, 0.6005459840740631, 0.597210371149607, 0.5939025603375678, 0.5903577920761296, 0.5869973638462843], "commute_time_efficiency": [0.6149834044570891, 0.6106612685560059, 0.6070512820512828, 0.6034552845528466, 0.6008517228029433, 0.5983757844222971, 0.597075405214941, 0.596296296296297, 0.5945249597423518, 0.5928152944804201, 0.5916075650118211, 0.5894274376417237, 0.5878911564625852, 0.5864052287581701, 0.584967320261438, 0.5827285921625545, 0.5810621942697413, 0.5797979797979795, 0.5788961038961037, 0.5776942355889723, 0.5762250453720507, 0.57510227936879, 0.5742937853107343, 0.5732240437158468, 0.5721840296139606, 0.5711725550435226, 0.5701884920634919, 0.569230769230769, 0.5682983682983681, 0.5673903211216642, 0.5665057067603158, 0.5656436487638531, 0.5648033126293991, 0.5639839034205226, 0.5631846635367757, 0.5624048706240481, 0.5616438356164379, 0.5609009009009005, 0.560175438596491, 0.5594668489405329, 0.5587745587745585, 0.5580980201233363, 0.5574367088607592, 0.5567901234567899, 0.5561577838000599, 0.5555392300910957, 0.5549340218014913, 0.5543417366946775, 0.5537619699042404, 0.5531943330660247], "pagerank": [0.24165897176648732, 0.24275097911862323, 0.24302855219749223, 0.24353894688185151, 0.24314362090196848, 0.24262770240806866, 0.24208813494969073, 0.24147461826889596, 0.2409775781058242, 0.24043831131481927, 0.23900625886218566, 0.23745325900542838, 0.23698980858092902, 0.23689174923594203, 0.23673140787870173, 0.23658585535055207, 0.23682692480650924, 0.23703332482901662, 0.23701963613263857, 0.23701669760420688, 0.23685930784681095, 0.23666307241294843, 0.23636654026980813, 0.23603069213306255, 0.23572007350776458, 0.2354533736232266, 0.2365372193582512, 0.23632431554028585, 0.236112807968611, 0.2359006847987524, 0.23577074785955673, 0.23554713241329464, 0.23529911677410806, 0.23492102025140651, 0.23477184630149622, 0.23450035129124272, 0.2342726598826259, 0.23410222278711165, 0.23389585342938676, 0.23373390846185355, 0.23354411081172294, 0.23323783990840222, 0.23300517873198856, 0.23268615722678085, 0.23251676196699134, 0.23234794153781055, 0.23205931350740247, 0.23177650389024607, 0.23152475113083626, 0.2312754682160539],