{"llama_1b_instruct": {"clustering": [0.07221985894671987, 0.06942924240988399, 0.06970293686522602, 0.06932060998633881, 0.0696136317061261, 0.06974982344273191, 0.0695234921833552, 0.06827132431877615, 0.06859921897817789, 0.06781669782509284, 0.06679510344982949, 0.06588597374777021, 0.06568672453097207, 0.06505211652116889, 0.06494342194070364, 0.0646146616048874, 0.06449783993289893, 0.06438016787506085, 0.06422345579145201, 0.0640556813278848, 0.0640799031778649, 0.06375909085556711, 0.06340380584181343, 0.0624317006933381, 0.06210319748575256, 0.06138506406092428, 0.06193510936819495, 0.06160360089088684, 0.06147442401924913, 0.06134894353557645, 0.061557740638564486, 0.061411556763630824, 0.06093560911800563, 0.06062092567087263, 0.06013885955729289, 0.05967093977729071, 0.058918940739514945, 0.05878063827800023, 0.05863883183534192, 0.05832518495160876, 0.0579141386349683, 0.05763364587158534, 0.05721626061115309, 0.05717785722926457, 0.05653269210724977, 0.056262110361176905, 0.05575860399610987, 0.05527786533494544, 0.05502589630565809, 0.05468476184445726], "average_shortest_path_length": [Infinity, Infinity, Infinity, Infinity, Infinity, Infinity, Infinity, Infinity, Infinity, Infinity, Infinity, Infinity, Infinity, Infinity, Infinity, Infinity, Infinity, Infinity, Infinity, Infinity, Infinity, Infinity, Infinity, Infinity, Infinity, Infinity, Infinity, Infinity, Infinity, Infinity, Infinity, Infinity, Infinity, Infinity, Infinity, Infinity, Infinity, Infinity, Infinity, Infinity, Infinity, Infinity, Infinity, Infinity, Infinity, Infinity, Infinity, Infinity, Infinity, Infinity], "average_degree": [2.736842105263158, 2.7435897435897436, 2.75, 2.7560975609756095, 2.761904761904762, 2.7674418604651163, 2.772727272727273, 2.7777777777777777, 2.782608695652174, 2.7872340425531914, 2.7916666666666665, 2.795918367346939, 2.8, 2.803921568627451, 2.8076923076923075, 2.811320754716981, 2.814814814814815, 2.8181818181818183, 2.8214285714285716, 2.824561403508772, 2.8275862068965516, 2.830508474576271, 2.8333333333333335, 2.8360655737704916, 2.838709677419355, 2.8412698412698414, 2.84375, 2.8461538461538463, 2.8484848484848486, 2.8507462686567164, 2.8529411764705883, 2.8550724637681157, 2.857142857142857, 2.859154929577465, 2.861111111111111, 2.863013698630137, 2.864864864864865, 2.8666666666666667, 2.8684210526315788, 2.8701298701298703, 2.871794871794872, 2.8734177215189876, 2.875, 2.876543209876543, 2.8780487804878048, 2.8795180722891565, 2.880952380952381, 2.8823529411764706, 2.883720930232558, 2.8850574712643677], "connectivity": [30.0, 31.0, 33.0, 35.0, 35.0, 36.0, 37.0, 38.0, 39.0, 39.0, 40.0, 41.0, 42.0, 44.0, 45.0, 46.0, 47.0, 48.0, 49.0, 50.0, 51.0, 52.0, 52.0, 53.0, 54.0, 55.0, 56.0, 58.0, 59.0, 60.0, 61.0, 62.0, 62.0, 63.0, 64.0, 65.0, 66.0, 67.0, 68.0, 70.0, 70.0, 71.0, 72.0, 73.0, 74.0, 75.0, 76.0, 77.0, 78.0, 80.0], "sparseness": [0.07396870554765292, 0.07219973009446694, 0.07051282051282051, 0.06890243902439025, 0.06736353077816493, 0.06589147286821706, 0.06448202959830866, 0.06313131313131314, 0.06183574879227053, 0.06059204440333025, 0.05939716312056738, 0.05824829931972789, 0.05714285714285714, 0.05607843137254902, 0.05505279034690799, 0.05406386066763425, 0.053109713487071976, 0.05218855218855219, 0.0512987012987013, 0.05043859649122807, 0.049606775559588624, 0.04880187025131502, 0.0480225988700565, 0.04726775956284153, 0.046536224219989424, 0.04582693292370712, 0.04513888888888889, 0.04447115384615385, 0.04382284382284382, 0.04319312528267752, 0.04258121158911326, 0.041986359761295826, 0.041407867494824016, 0.04084507042253521, 0.04029733959311424, 0.03976407914764079, 0.039244724176231024, 0.03873873873873874, 0.03824561403508772, 0.03776486671223513, 0.037296037296037296, 0.036838688737422916, 0.03639240506329114, 0.03595679012345679, 0.03553146642577537, 0.03511607405230679, 0.034710269650028686, 0.03431372549019608, 0.03392612859097127, 0.03354717989842288], "hubs": [4.0, 4.0, 4.0, 5.0, 5.0, 5.0, 5.0, 5.0, 5.0, 5.0, 5.0, 5.0, 5.0, 6.0, 6.0, 6.0, 6.0, 6.0, 6.0, 6.0, 6.0, 6.0, 6.0, 10.0, 10.0, 10.0, 9.0, 9.0, 9.0, 9.0, 8.0, 8.0, 8.0, 8.0, 8.0, 8.0, 8.0, 8.0, 8.0, 8.0, 8.0, 8.0, 8.0, 10.0, 10.0, 10.0, 10.0, 10.0, 10.0, 10.0], "clusters": [3.0, 2.0, 2.0, 2.0, 2.0, 2.0, 2.0, 2.0, 2.0, 2.0, 2.0, 2.0, 2.0, 2.0, 2.0, 2.0, 2.0, 2.0, 2.0, 2.0, 2.0, 2.0, 2.0, 2.0, 2.0, 2.0, 3.0, 3.0, 3.0, 3.0, 2.0, 2.0, 2.0, 2.0, 2.0, 3.0, 2.0, 2.0, 2.0, 2.0, 2.0, 2.0, 2.0, 2.0, 2.0, 2.0, 2.0, 2.0, 2.0, 2.0], "communities": [3.0, 2.0, 2.0, 2.0, 2.0, 2.0, 2.0, 2.0, 2.0, 2.0, 2.0, 2.0, 2.0, 2.0, 2.0, 2.0, 2.0, 2.0, 2.0, 2.0, 2.0, 2.0, 2.0, 2.0, 2.0, 2.0, 3.0, 3.0, 3.0, 3.0, 2.0, 2.0, 2.0, 2.0, 2.0, 3.0, 2.0, 2.0, 2.0, 2.0, 2.0, 2.0, 2.0, 2.0, 2.0, 2.0, 2.0, 2.0, 2.0, 2.0], "fourier": [0.5843168941819028, 0.5794526436233471, 0.5736702110807537, 0.5676590219620375, 0.5620305423775749, 0.5563479437885234, 0.550925083622298, 0.5454629999948781, 0.5400520150192688, 0.5352354606428178, 0.5306805027084948, 0.526117910679233, 0.5212113228043826, 0.5165958487139152, 0.5120925666644061, 0.507712314645878, 0.5033021039351178, 0.4988109876815722, 0.494515714495065, 0.49010456260592566, 0.48584741240407386, 0.4820325984536468, 0.47841015081742033, 0.4748550323702074, 0.4712505538400293, 0.4675478498389505, 0.46855487878503266, 0.4650901127014499, 0.4616352998137208, 0.45816093998230956, 0.4548180672678389, 0.4515053167791781, 0.44806378914216616, 0.44444776343074494, 0.4411895998364178, 0.4381734512070249, 0.43510866200534776, 0.43207569519789946, 0.4290713688683816, 0.4260411120971676, 0.42286200699766663, 0.41972076170732436, 0.41678922757304093, 0.41394028478354983, 0.41122795438682413, 0.4085428188732346, 0.4061149257992799, 0.4036840811798614, 0.4011307494667457, 0.39869632067629085], "commute_time_efficiency": [0.5455192034139404, 0.5382366171839866, 0.5369658119658133, 0.5357723577235788, 0.5356174990321352, 0.5354374307862699, 0.5359408033826658, 0.5346801346801365, 0.5355877616747198, 0.5331483194572942, 0.5320626477541383, 0.5314625850340146, 0.5308843537414975, 0.5294117647058819, 0.5292860734037201, 0.5283018867924523, 0.5281854181225244, 0.5280583613916939, 0.5279220779220768, 0.5277777777777768, 0.5283323250655364, 0.5274693161893615, 0.5276836158192076, 0.5269581056466289, 0.5271461307949926, 0.5264550264550248, 0.5290178571428562, 0.5279647435897434, 0.5277389277389276, 0.5275139454243931, 0.5283143107989468, 0.5280619494174484, 0.5280883367839893, 0.5281019450033537, 0.5271909233176844, 0.5265728056823954, 0.5259780328273488, 0.5257657657657666, 0.5255555555555564, 0.5247778537252231, 0.5248085248085258, 0.5248296007789686, 0.5241033755274274, 0.5239197530864209, 0.5234367158486413, 0.5234596924282509, 0.522996748900365, 0.522549019607845, 0.5219334245326057, 0.5213401051412301], "pagerank": [0.2684626889474122, 0.2694066278335596, 0.2703521568299254, 0.27116306266440504, 0.2712414562709502, 0.2712478990409308, 0.26978012347435426, 0.2683152282259931, 0.2684354467321081, 0.2668565266076671, 0.2655379917159038, 0.2640864864765629, 0.2643237099309119, 0.2645963864963573, 0.2648559751620409, 0.26493951501853025, 0.26529400595074404, 0.26566693394558155, 0.26585456309834643, 0.26606942582999404, 0.26642778455934596, 0.2663620086642803, 0.2653365204777629, 0.26433802997757666, 0.2633821352064329, 0.2624597069730727, 0.26894783012264933, 0.2689513719618516, 0.2689520767145755, 0.2689875949902113, 0.2693535444071325, 0.2693146433678832, 0.2683850959485193, 0.2674864596190348, 0.267479096522544, 0.2666110171065932, 0.2657834422539618, 0.2657945149109455, 0.265811002013973, 0.2658182032176784, 0.2650354291658006, 0.26427839669645325, 0.2642909601981516, 0.2642875957519547, 0.2635704982722019, 0.2628688600912624, 0.26218929280114955, 0.2615272822622175, 0.2615529383435783, 0.26157506436215805],