{"llama_1b_instruct": {"clustering": [0.045329165074332434, 0.04416687879037519, 0.04306270682061581, 0.04201239689816177, 0.041012101733919816, 0.04005833192615424, 0.03914791529146892, 0.03827796161832516, 0.03744583201792679, 0.03664911218775813, 0.03588558901717984, 0.035153230057645556, 0.03445016545649265, 0.03377467201616926, 0.033125159092781395, 0.032500156091030796, 0.0318983013486043, 0.031318332233175136, 0.030759076300439864, 0.030219443382888286, 0.02969841849697642, 0.029195055471603937, 0.028708471213743873, 0.028237840538108728, 0.02778239149717149, 0.027341401155946545, 0.026759380389890272, 0.02634769761466119, 0.025948490075045114, 0.025561199178402647, 0.025163369570107987, 0.024798683054599178, 0.024444416153819187, 0.024100128602356947, 0.023765404593990878, 0.02343985110640196, 0.023123096361720854, 0.022814788410231244, 0.022514593825886095, 0.02222219650347199, 0.021937296548299273, 0.021659609250219532, 0.02138886413459179, 0.021124804083547447, 0.020867184521552964, 0.020615772659847507, 0.020370346794849323, 0.02013069565608639, 0.019896617799620268, 0.019667921043302793], "average_shortest_path_length": [Infinity, Infinity, Infinity, Infinity, Infinity, Infinity, Infinity, Infinity, Infinity, Infinity, Infinity, Infinity, Infinity, Infinity, Infinity, Infinity, Infinity, Infinity, Infinity, Infinity, Infinity, Infinity, Infinity, Infinity, Infinity, Infinity, Infinity, Infinity, Infinity, Infinity, Infinity, Infinity, Infinity, Infinity, Infinity, Infinity, Infinity, Infinity, Infinity, Infinity, Infinity, Infinity, Infinity, Infinity, Infinity, Infinity, Infinity, Infinity, Infinity, Infinity], "average_degree": [1.1578947368421053, 1.1282051282051282, 1.1, 1.0731707317073171, 1.0476190476190477, 1.0232558139534884, 1.0, 0.9777777777777777, 0.9565217391304348, 0.9361702127659575, 0.9166666666666666, 0.8979591836734694, 0.88, 0.8627450980392157, 0.8461538461538461, 0.8301886792452831, 0.8148148148148148, 0.8, 0.7857142857142857, 0.7719298245614035, 0.7586206896551724, 0.7457627118644068, 0.7333333333333333, 0.7213114754098361, 0.7096774193548387, 0.6984126984126984, 0.671875, 0.6615384615384615, 0.6515151515151515, 0.6417910447761194, 0.6323529411764706, 0.6231884057971014, 0.6142857142857143, 0.6056338028169014, 0.5972222222222222, 0.589041095890411, 0.581081081081081, 0.5733333333333334, 0.5657894736842105, 0.5584415584415584, 0.5512820512820513, 0.5443037974683544, 0.5375, 0.5308641975308642, 0.524390243902439, 0.5180722891566265, 0.5119047619047619, 0.5058823529411764, 0.5, 0.4942528735632184], "connectivity": [38.0, 39.0, 40.0, 41.0, 42.0, 43.0, 44.0, 45.0, 46.0, 47.0, 48.0, 49.0, 50.0, 51.0, 52.0, 53.0, 54.0, 55.0, 56.0, 57.0, 58.0, 59.0, 60.0, 61.0, 62.0, 63.0, 64.0, 65.0, 66.0, 67.0, 68.0, 69.0, 70.0, 71.0, 72.0, 73.0, 74.0, 75.0, 76.0, 77.0, 78.0, 79.0, 80.0, 81.0, 82.0, 83.0, 84.0, 85.0, 86.0, 87.0], "sparseness": [0.031294452347083924, 0.029689608636977057, 0.028205128205128206, 0.026829268292682926, 0.025551684088269456, 0.024363233665559248, 0.023255813953488372, 0.022222222222222223, 0.021256038647342997, 0.020351526364477335, 0.01950354609929078, 0.01870748299319728, 0.017959183673469388, 0.017254901960784313, 0.016591251885369532, 0.015965166908563134, 0.015373864430468204, 0.014814814814814815, 0.014285714285714285, 0.013784461152882205, 0.013309134906231096, 0.012857977790765635, 0.012429378531073447, 0.012021857923497269, 0.011634056054997356, 0.011264720942140297, 0.01066468253968254, 0.010336538461538461, 0.010023310023310023, 0.009724106739032113, 0.009438103599648815, 0.009164535379369138, 0.008902691511387164, 0.008651911468812877, 0.008411580594679186, 0.008181126331811263, 0.007960014809329877, 0.0077477477477477475, 0.007543859649122807, 0.007347915242652085, 0.00715950715950716, 0.0069782538136968515, 0.00680379746835443, 0.006635802469135803, 0.006473953628425173, 0.006317954745812518, 0.006167527251864601, 0.0060224089635854345, 0.0058823529411764705, 0.005747126436781609], "hubs": [6.0, 6.0, 6.0, 6.0, 6.0, 6.0, 6.0, 6.0, 6.0, 6.0, 6.0, 6.0, 6.0, 6.0, 6.0, 6.0, 6.0, 6.0, 6.0, 6.0, 6.0, 6.0, 6.0, 7.0, 7.0, 7.0, 7.0, 7.0, 7.0, 7.0, 7.0, 7.0, 7.0, 9.0, 9.0, 9.0, 9.0, 9.0, 9.0, 9.0, 9.0, 9.0, 9.0, 9.0, 9.0, 9.0, 9.0, 9.0, 9.0, 9.0], "clusters": [25.0, 26.0, 27.0, 28.0, 29.0, 30.0, 31.0, 32.0, 33.0, 34.0, 35.0, 36.0, 37.0, 38.0, 39.0, 40.0, 41.0, 42.0, 43.0, 44.0, 45.0, 46.0, 47.0, 48.0, 49.0, 50.0, 51.0, 52.0, 53.0, 54.0, 55.0, 56.0, 57.0, 58.0, 59.0, 60.0, 61.0, 62.0, 63.0, 64.0, 65.0, 66.0, 67.0, 68.0, 69.0, 70.0, 71.0, 72.0, 73.0, 74.0], "communities": [25.0, 26.0, 27.0, 28.0, 29.0, 30.0, 31.0, 32.0, 33.0, 34.0, 35.0, 36.0, 37.0, 38.0, 39.0, 40.0, 41.0, 42.0, 43.0, 44.0, 45.0, 46.0, 47.0, 48.0, 49.0, 50.0, 51.0, 52.0, 53.0, 54.0, 55.0, 56.0, 57.0, 58.0, 59.0, 60.0, 61.0, 62.0, 63.0, 64.0, 65.0, 66.0, 67.0, 68.0, 69.0, 70.0, 71.0, 72.0, 73.0, 74.0], "fourier": [0.4157665429165215, 0.4051058623289184, 0.39497737028258334, 0.38534377588544716, 0.3761689240786508, 0.3674208095651938, 0.3590711052460867, 0.35109099580674075, 0.3434593180614743, 0.3361516729963365, 0.3291485131422462, 0.32243119654750646, 0.3159825726165563, 0.30978683589858463, 0.3038293967466888, 0.2980967666193928, 0.29257645612644106, 0.2872568841968694, 0.28212729697906813, 0.277177695277681, 0.2723987694970313, 0.26778184120047144, 0.26331881051379696, 0.25900210870209533, 0.2548246553359325, 0.25077981953694944, 0.24448510407344265, 0.24072379478000508, 0.2370764645560656, 0.23353800986119894, 0.23015140206396795, 0.2268158744978235, 0.22357564771928315, 0.22042669493450454, 0.21736521306041418, 0.21438760740205234, 0.2114904775722949, 0.2086706045379976, 0.20592493868881334, 0.20325058883571187, 0.20064481205576684, 0.1981050043082255, 0.19562869175437267, 0.19321352272036807, 0.19085726024816846, 0.18855777518493752, 0.18631303976606922, 0.18412112165117428, 0.18198017837616062, 0.1798884521879289], "commute_time_efficiency": [0.10289236605026086, 0.0976158344579398, 0.09273504273504281, 0.08821138211382121, 0.08401084010840114, 0.08010335917312668, 0.07646229739253001, 0.07306397306397312, 0.06988727858293081, 0.06691335183472098, 0.06412529550827428, 0.06150793650793655, 0.05904761904761909, 0.056732026143790894, 0.054550025138260474, 0.052491533623609136, 0.050547402748660646, 0.048709315375982075, 0.046969696969697, 0.04532163742690062, 0.04375882234321439, 0.04227547243327492, 0.04086629001883242, 0.03952641165755923, 0.03825136612021861, 0.03703703703703706, 0.03554894179894183, 0.034455128205128235, 0.03341103341103344, 0.032413689130107066, 0.03146034533216274, 0.030548451264563823, 0.029675638371290572, 0.02883970489604295, 0.02803860198226398, 0.027270421106037567, 0.026533382697766283, 0.02582582582582585, 0.025146198830409378, 0.024493050808840303, 0.023865023865023885, 0.023260846045656192, 0.022679324894514786, 0.022119341563786026, 0.02157984542808393, 0.021059849152708414, 0.020558424172882023, 0.0200746965452848, 0.01960784313725492, 0.01915708812260538],