{"llama_1b_instruct": {"clustering": [0.023201124575516967, 0.023477980481338548, 0.023752830884806567, 0.023904194554385964, 0.023906945397960074, 0.024114204965305926, 0.024236842459105054, 0.024330187202087177, 0.024448643094334005, 0.024571840030278343, 0.0247568822840135, 0.024900263943038087, 0.02503978961288884, 0.025172656634184026, 0.0252995211910423, 0.025375382067854252, 0.025418839567417858, 0.025470736686580255, 0.025536039630078233, 0.02557201914238593, 0.025493024222699466, 0.025437058307034292, 0.025534869291840102, 0.02561247969509957, 0.025694527767243673, 0.02576743954758421, 0.02541105028118225, 0.02546179028190864, 0.025502810637631126, 0.02550637882842266, 0.025536192141201196, 0.02553667241679274, 0.025538926379929147, 0.025520812165496863, 0.02550021336009327, 0.025495819804940527, 0.02547491577911166, 0.025462728936009586, 0.025446028497915368, 0.025394919210584364, 0.02532476924513604, 0.025253254490225543, 0.025209696651841064, 0.025152346899919017, 0.025136522227945386, 0.025114258811777007, 0.025116406816271555, 0.025070693782302925, 0.02503267958691384, 0.025008826059182886], "average_shortest_path_length": [0.028305234643917796, 0.0287107885951654, 0.029602890787980698, 0.029851866849538486, 0.03011108664260681, 0.03037004851906811, 0.030885632113428575, 0.03102692673701208, 0.031522890706475064, 0.03167886298337125, Infinity, Infinity, Infinity, Infinity, Infinity, Infinity, Infinity, Infinity, Infinity, Infinity, Infinity, Infinity, Infinity, Infinity, Infinity, Infinity, Infinity, Infinity, Infinity, Infinity, Infinity, Infinity, Infinity, Infinity, Infinity, Infinity, Infinity, Infinity, Infinity, Infinity, Infinity, Infinity, Infinity, Infinity, Infinity, Infinity, Infinity, Infinity, Infinity, Infinity], "average_degree": [19.026315789473685, 19.025641025641026, 19.025, 19.048780487804876, 19.071428571428573, 19.069767441860463, 19.068181818181817, 19.066666666666666, 19.08695652173913, 19.085106382978722, 19.083333333333332, 19.081632653061224, 19.1, 19.11764705882353, 19.134615384615383, 19.150943396226417, 19.14814814814815, 19.163636363636364, 19.178571428571427, 19.19298245614035, 19.20689655172414, 19.220338983050848, 19.216666666666665, 19.21311475409836, 19.20967741935484, 19.206349206349206, 19.21875, 19.23076923076923, 19.242424242424242, 19.253731343283583, 19.264705882352942, 19.27536231884058, 19.271428571428572, 19.267605633802816, 19.27777777777778, 19.28767123287671, 19.283783783783782, 19.293333333333333, 19.30263157894737, 19.31168831168831, 19.32051282051282, 19.329113924050635, 19.3375, 19.34567901234568, 19.353658536585368, 19.36144578313253, 19.357142857142858, 19.352941176470587, 19.36046511627907, 19.367816091954023], "connectivity": [1.0, 1.0, 1.0, 1.0, 1.0, 1.0, 1.0, 1.0, 1.0, 1.0, 2.0, 3.0, 4.0, 4.0, 4.0, 5.0, 6.0, 7.0, 8.0, 12.0, 12.0, 12.0, 13.0, 14.0, 15.0, 16.0, 17.0, 20.0, 21.0, 21.0, 22.0, 23.0, 25.0, 25.0, 26.0, 27.0, 26.0, 28.0, 29.0, 29.0, 30.0, 31.0, 31.0, 30.0, 30.0, 31.0, 32.0, 33.0, 34.0, 35.0], "sparseness": [0.5142247510668563, 0.5006747638326585, 0.4878205128205128, 0.47621951219512193, 0.4651567944250871, 0.4540420819490587, 0.44344608879492603, 0.43333333333333335, 0.4241545893719807, 0.4148936170212766, 0.40602836879432624, 0.39753401360544216, 0.38979591836734695, 0.38235294117647056, 0.37518853695324283, 0.36828737300435416, 0.3612858141160028, 0.3548821548821549, 0.3487012987012987, 0.34273182957393483, 0.3369630973986691, 0.33138515488018705, 0.3257062146892655, 0.32021857923497266, 0.3149127445795875, 0.30977982590885816, 0.30505952380952384, 0.3004807692307692, 0.29603729603729606, 0.29172320217096337, 0.28753292361720806, 0.283461210571185, 0.279296066252588, 0.27525150905432594, 0.2715179968701095, 0.2678843226788432, 0.26416142169566825, 0.2607207207207207, 0.2573684210526316, 0.2541011619958988, 0.2509157509157509, 0.247809152872444, 0.24477848101265823, 0.241820987654321, 0.23893405600722675, 0.23611519247722598, 0.2332185886402754, 0.23039215686274508, 0.22777017783857728, 0.2252071638599305], "hubs": [4.0, 4.0, 4.0, 5.0, 5.0, 5.0, 5.0, 5.0, 5.0, 5.0, 5.0, 5.0, 5.0, 6.0, 6.0, 6.0, 6.0, 6.0, 6.0, 6.0, 6.0, 6.0, 6.0, 7.0, 7.0, 7.0, 7.0, 7.0, 7.0, 7.0, 7.0, 7.0, 7.0, 8.0, 8.0, 8.0, 8.0, 8.0, 8.0, 8.0, 8.0, 8.0, 8.0, 9.0, 9.0, 9.0, 9.0, 9.0, 9.0, 9.0], "clusters": [3.0, 2.0, 2.0, 2.0, 2.0, 2.0, 2.0, 2.0, 2.0, 2.0, 2.0, 2.0, 2.0, 2.0, 2.0, 2.0, 2.0, 2.0, 2.0, 2.0, 2.0, 2.0, 2.0, 2.0, 2.0, 2.0, 2.0, 2.0, 2.0, 2.0, 2.0, 2.0, 2.0, 2.0, 2.0, 2.0, 2.0, 2.0, 2.0, 2.0, 2.0, 2.0, 2.0, 2.0, 2.0, 2.0, 2.0, 2.0, 2.0, 2.0], "communities": [3.0, 2.0, 2.0, 2.0, 2.0, 2.0, 2.0, 2.0, 2.0, 2.0, 2.0, 2.0, 2.0, 2.0, 2.0, 2.0, 2.0, 2.0, 2.0, 2.0, 2.0, 2.0, 2.0, 2.0, 2.0, 2.0, 2.0, 2.0, 2.0, 2.0, 2.0, 2.0, 2.0, 2.0, 2.0, 2.0, 2.0, 2.0, 2.0, 2.0, 2.0, 2.0, 2.0, 2.0, 2.0, 2.0, 2.0, 2.0, 2.0, 2.0], "fourier": [1.6258297467332294, 1.621734936902419, 1.6170732459822232, 1.6130923088926856, 1.6089136038112062, 1.6025985700103644, 1.5971826962091151, 1.5899549808043183, 1.5841509584370825, 1.5783928736350066, 1.5726541058637757, 1.5667233187300333, 1.5604157476176252, 1.5550472896591256, 1.5497785840511453, 1.5444702225270583, 1.538034651133094, 1.532029544108721, 1.5257936604780709, 1.5190999659021138, 1.5124464245549893, 1.5067648994424674, 1.5008145955896453, 1.494484915046433, 1.4877994040713358, 1.4808898503343404, 1.474231560095733, 1.4682602648871261, 1.4620638026532917, 1.455793717739084, 1.4491285490388368, 1.442987177039264, 1.435801021088162, 1.4284281847736437, 1.4220026601858813, 1.4160656755252812, 1.4093132622913789, 1.403053910582125, 1.3969326511306788, 1.39055871309375, 1.3838291792632373, 1.3772974820116244, 1.3709745352069587, 1.3646704717675497, 1.3588149095400004, 1.3529423220107866, 1.3472728038287773, 1.3416328016449168, 1.3359568840944094, 1.3306669866448648], "commute_time_efficiency": [0.89900426742532, 0.8913630229419703, 0.8858974358974359, 0.8810975609756098, 0.875725900116144, 0.8676633444075305, 0.8583509513742071, 0.851010101010101, 0.8454106280193237, 0.8385753931544866, 0.8328900709219859, 0.8273809523809523, 0.8220408163265306, 0.8176470588235294, 0.8141025641025641, 0.8095065312046444, 0.8053808525506638, 0.8013468013468014, 0.797077922077922, 0.793233082706767, 0.7891712038717483, 0.7843366452367037, 0.7799435028248588, 0.7759562841530054, 0.7723426758328926, 0.7688172043010753, 0.7658730158730159, 0.7627403846153846, 0.7599067599067599, 0.757123473541384, 0.7541703248463565, 0.7508525149190111, 0.7480331262939959, 0.745271629778672, 0.7425665101721439, 0.7397260273972602, 0.7367641614216957, 0.7340540540540541, 0.7317543859649123, 0.7293233082706767, 0.7271062271062271, 0.7246024018175917, 0.7223101265822784, 0.7200617283950618, 0.7177055103884372, 0.7155451072583014, 0.7131382673551349, 0.7106442577030813, 0.7086183310533516, 0.7063619353114141], "pagerank": [0.21935507703303253, 0.21879755000688192, 0.21804312572386525, 0.21721939821479475, 0.21640052419301128, 0.2156327059626975, 0.21486044656733372, 0.21398414942068017, 0.21322806305877315, 0.21251429861357474, 0.21173342526613553, 0.21092338964418267, 0.2102448248796613, 0.2096611169644783, 0.20909880745643447, 0.20856026489244944, 0.20808099804703192, 0.20755924357518715, 0.20706041996677935, 0.20651683840779275, 0.20600137935454607, 0.2055909630409932, 0.20519264010491264, 0.20474043462117106, 0.20426894115093755, 0.20386043886047808, 0.2041831821772475, 0.20379174720155221, 0.20340887987833747, 0.20303441163440025, 0.20278538373839192, 0.2024211333044286, 0.2019324249824664, 0.2014211169631771, 0.20104827690232255, 0.20069626990370007, 0.20035441584754268, 0.20004918670942162, 0.19971343707271985, 0.19938292238083624, 0.19895377880367013, 0.19852616420987607, 0.19820997815116642, 0.1979004058171636, 0.19761107663061364, 0.19732280158905452, 0.19706319987201149, 0.19680793018832465, 0.19653800378905037, 0.19628234594401445],