{"llama_1b_instruct": {"clustering": [0.02283703594991666, 0.022251470925559822, 0.021695184152420825, 0.02116603331943495, 0.020662080145162694, 0.020181566653414723, 0.019722894684018933, 0.01928460813548518, 0.018865377523844196, 0.018463986512698576, 0.018079320127017354, 0.01771035441013945, 0.01735614732193666, 0.01701583070778104, 0.016688603194169867, 0.01637372388861949, 0.016070506779570982, 0.015778315747215145, 0.015496560108872019, 0.015224690633277773, 0.014962195967186776, 0.014708599425370053, 0.014463456101613885, 0.01422635026388251, 0.013996893001561823, 0.013774720096775129, 0.01370585529236309, 0.013494995980172888, 0.013290526344109663, 0.013092160279272205, 0.012893993642364336, 0.012707124169286594, 0.012525593824011071, 0.01234917700958838, 0.012177660662232985, 0.012010843392887327, 0.011848534698388851, 0.011690554235743666, 0.011536731153694408, 0.011386903476373701, 0.01124091753436891, 0.011098627438997151, 0.010959894596009687, 0.01082458725531821, 0.010692580093667987, 0.010563753827479216, 0.010437994853342559, 0.01031519491389147, 0.010195250786985756, 0.010078063996330747], "average_shortest_path_length": [Infinity, Infinity, Infinity, Infinity, Infinity, Infinity, Infinity, Infinity, Infinity, Infinity, Infinity, Infinity, Infinity, Infinity, Infinity, Infinity, Infinity, Infinity, Infinity, Infinity, Infinity, Infinity, Infinity, Infinity, Infinity, Infinity, Infinity, Infinity, Infinity, Infinity, Infinity, Infinity, Infinity, Infinity, Infinity, Infinity, Infinity, Infinity, Infinity, Infinity, Infinity, Infinity, Infinity, Infinity, Infinity, Infinity, Infinity, Infinity, Infinity, Infinity], "average_degree": [0.2894736842105263, 0.28205128205128205, 0.275, 0.2682926829268293, 0.2619047619047619, 0.2558139534883721, 0.25, 0.24444444444444444, 0.2391304347826087, 0.23404255319148937, 0.22916666666666666, 0.22448979591836735, 0.22, 0.21568627450980393, 0.21153846153846154, 0.20754716981132076, 0.2037037037037037, 0.2, 0.19642857142857142, 0.19298245614035087, 0.1896551724137931, 0.1864406779661017, 0.18333333333333332, 0.18032786885245902, 0.1774193548387097, 0.1746031746031746, 0.15625, 0.15384615384615385, 0.15151515151515152, 0.14925373134328357, 0.14705882352941177, 0.14492753623188406, 0.14285714285714285, 0.14084507042253522, 0.1388888888888889, 0.136986301369863, 0.13513513513513514, 0.13333333333333333, 0.13157894736842105, 0.12987012987012986, 0.1282051282051282, 0.12658227848101267, 0.125, 0.12345679012345678, 0.12195121951219512, 0.12048192771084337, 0.11904761904761904, 0.11764705882352941, 0.11627906976744186, 0.11494252873563218], "connectivity": [38.0, 39.0, 40.0, 41.0, 42.0, 43.0, 44.0, 45.0, 46.0, 47.0, 48.0, 49.0, 50.0, 51.0, 52.0, 53.0, 54.0, 55.0, 56.0, 57.0, 58.0, 59.0, 60.0, 61.0, 62.0, 63.0, 64.0, 65.0, 66.0, 67.0, 68.0, 69.0, 70.0, 71.0, 72.0, 73.0, 74.0, 75.0, 76.0, 77.0, 78.0, 79.0, 80.0, 81.0, 82.0, 83.0, 84.0, 85.0, 86.0, 87.0], "sparseness": [0.007823613086770981, 0.007422402159244264, 0.007051282051282051, 0.006707317073170732, 0.006387921022067364, 0.006090808416389812, 0.005813953488372093, 0.005555555555555556, 0.005314009661835749, 0.005087881591119334, 0.004875886524822695, 0.00467687074829932, 0.004489795918367347, 0.004313725490196078, 0.004147812971342383, 0.0039912917271407835, 0.003843466107617051, 0.003703703703703704, 0.0035714285714285713, 0.003446115288220551, 0.003327283726557774, 0.0032144944476914087, 0.0031073446327683617, 0.003005464480874317, 0.002908514013749339, 0.0028161802355350742, 0.00248015873015873, 0.002403846153846154, 0.002331002331002331, 0.002261420171867933, 0.0021949078138718174, 0.002131287297527707, 0.002070393374741201, 0.002012072434607646, 0.0019561815336463224, 0.001902587519025875, 0.0018511662347278786, 0.0018018018018018018, 0.0017543859649122807, 0.0017088174982911825, 0.001665001665001665, 0.0016228497241155468, 0.0015822784810126582, 0.0015432098765432098, 0.0015055706112616681, 0.0014692918013517484, 0.001434308663224326, 0.0014005602240896359, 0.0013679890560875513, 0.0013365410318096765], "hubs": [4.0, 4.0, 4.0, 9.0, 9.0, 9.0, 9.0, 9.0, 9.0, 9.0, 9.0, 9.0, 9.0, 9.0, 9.0, 9.0, 9.0, 9.0, 9.0, 9.0, 9.0, 9.0, 9.0, 9.0, 9.0, 9.0, 9.0, 9.0, 9.0, 9.0, 9.0, 9.0, 9.0, 9.0, 9.0, 9.0, 9.0, 9.0, 9.0, 9.0, 9.0, 9.0, 9.0, 9.0, 9.0, 9.0, 9.0, 9.0, 9.0, 9.0], "clusters": [31.0, 32.0, 33.0, 34.0, 35.0, 36.0, 37.0, 38.0, 39.0, 40.0, 41.0, 42.0, 43.0, 44.0, 45.0, 46.0, 47.0, 48.0, 49.0, 50.0, 51.0, 52.0, 53.0, 54.0, 55.0, 56.0, 56.0, 57.0, 58.0, 59.0, 60.0, 61.0, 62.0, 63.0, 64.0, 65.0, 66.0, 67.0, 68.0, 69.0, 70.0, 71.0, 72.0, 73.0, 74.0, 75.0, 76.0, 77.0, 78.0, 79.0], "communities": [31.0, 32.0, 33.0, 34.0, 35.0, 36.0, 37.0, 38.0, 39.0, 40.0, 41.0, 42.0, 43.0, 44.0, 45.0, 46.0, 47.0, 48.0, 49.0, 50.0, 51.0, 52.0, 53.0, 54.0, 55.0, 56.0, 56.0, 57.0, 58.0, 59.0, 60.0, 61.0, 62.0, 63.0, 64.0, 65.0, 66.0, 67.0, 68.0, 69.0, 70.0, 71.0, 72.0, 73.0, 74.0, 75.0, 76.0, 77.0, 78.0, 79.0], "fourier": [0.18100805942886936, 0.1763668271358214, 0.1719576564574259, 0.16776356727553746, 0.16376919662611988, 0.1599606106580706, 0.15632514223402352, 0.15285125018437856, 0.14952839691950076, 0.14634694166589438, 0.1432980470478549, 0.14037359710810277, 0.13756612516594072, 0.13486875016268698, 0.13227512035186606, 0.129779363364095, 0.12737604182031548, 0.12506011378721882, 0.12282689746958993, 0.12067203961924623, 0.11859148721201786, 0.1165814620050345, 0.11463843763828392, 0.11275911898847599, 0.11094042352091993, 0.10917946441741326, 0.10292742611025449, 0.10134392724701981, 0.09980841319782253, 0.0983187353888998, 0.09691410719506222, 0.09550955491687291, 0.09414513270377471, 0.09281914491921452, 0.09152999012866986, 0.09027615464745521, 0.08905620661167879, 0.08786879052352307, 0.08671262222716095, 0.08558648427615886, 0.08448922165723374, 0.08341973783878774, 0.0823769911158029, 0.08135999122548435, 0.08036779621053941, 0.07939950950920761, 0.07845427725314562, 0.07753128575604978, 0.07662975917749107, 0.07574895734786473], "commute_time_efficiency": [0.033428165007112376, 0.03171390013495277, 0.03012820512820513, 0.028658536585365855, 0.0272938443670151, 0.02602436323366556, 0.024841437632135307, 0.023737373737373738, 0.022705314009661835, 0.021739130434782608, 0.020833333333333332, 0.019982993197278913, 0.019183673469387756, 0.01843137254901961, 0.017722473604826545, 0.017053701015965168, 0.01642208245981831, 0.015824915824915825, 0.01525974025974026, 0.014724310776942355, 0.014216575922565033, 0.013734658094681473, 0.01327683615819209, 0.012841530054644808, 0.012427287149656267, 0.012032770097286226, 0.011408730158730158, 0.011057692307692308, 0.010722610722610723, 0.010402532790592492, 0.01009657594381036, 0.00980392156862745, 0.009523809523809525, 0.00925553319919517, 0.008998435054773083, 0.008751902587519025, 0.008515364679748241, 0.008288288288288289, 0.008070175438596491, 0.00786056049213944, 0.007659007659007659, 0.007465108730931516, 0.007278481012658228, 0.0070987654320987656, 0.006925624811803674, 0.006758742286218043, 0.006597819850831899, 0.006442577030812325, 0.006292749658002736, 0.006148088746324512],