{"mistral_8b_instruct": {"clustering": [0.0036875461074856847, 0.0037778938675655824], "average_degree": [19.13888888888889, 19.16216216216216], "pagerank": [0.4571696583424534, 0.45682393554796596]}, "mistral_24b_instruct": {"clustering": [0.0029993358391879436, 0.0030887550735267154, 0.0031149763217485442], "average_degree": [19.194444444444443, 19.216216216216218, 19.236842105263158], "pagerank": [0.4601494823038136, 0.459790783758118, 0.45944651468008907]}, "qwen_1.5b_instruct": {"clustering": [0.005885899303285595, 0.005885617237599035], "average_degree": [19.085714285714285, 19.083333333333332], "pagerank": [0.43941835628698767, 0.4388515441525897]}, "qwen_3b_instruct": {"clustering": [0.004165698026300689, 0.004156929573072275], "average_degree": [19.2, 19.22222222222222], "pagerank": [0.45145509033740044, 0.4510375451012618]}, "qwen_7b_instruct": {"clustering": [0.006370935765768159, 0.006365377367479015], "average_degree": [19.02857142857143, 19.02777777777778], "pagerank": [0.43269454429734494, 0.43209380602210556]}, "llama_1b_instruct": {"clustering": [0.009200601207995287, 0.009412440030079246], "average_degree": [19.0, 19.0], "pagerank": [0.4054772223098179, 0.4048290419758755]}, "llama_8b_instruct": {"clustering": [0.0038027380437684697, 0.0038799165911445753, 0.0039054482342590676, 0.0039560221416973665], "average_degree": [19.0, 19.0, 19.0, 19.0], "pagerank": [0.4576718127713183, 0.45743957486047054, 0.4571319251736305, 0.4568381148363558]}, "gemma_2b_instruct": {"clustering": [0.006513193024999002, 0.006616538931523825, 0.006698218421106393, 0.006800431884477755, 0.006852874312722496], "average_degree": [19.0, 19.0, 19.0, 19.0, 19.0], "pagerank": [0.4338699699741301, 0.43339121243707746, 0.43290570508450965, 0.4325903708746443, 0.4320636041428362]}, "gemma_9b_instruct": {"clustering": [0.0031028360769174133, 0.003147251431938885, 0.0031975979439470862], "average_degree": [19.263157894736842, 19.28205128205128, 19.3], "pagerank": [0.45800530122202193, 0.4577126921024726, 0.45750045419958335]}, "gemma_27b_instruct": {"clustering": [0.002653819907043723, 0.002707833049075249, 0.0027588169016880028, 0.0028140104474493944, 0.0028544117754075136], "average_degree": [19.289473684210527, 19.28205128205128, 19.3, 19.317073170731707, 19.333333333333332], "pagerank": [0.4593187082181147, 0.4590192173204227, 0.4587383888874353, 0.4584992390663921, 0.45818818827820273]}}