{"mistral_8b_instruct": {"clustering": [0.00713633533477002], "average_degree": [19.81756756756757], "pagerank": [0.44223146037578676]}, "mistral_24b_instruct": {"clustering": [0.006361343620983198, 0.006367134911507689], "average_degree": [19.83108108108108, 19.83221476510067], "pagerank": [0.44722783222746776, 0.44721494685962154]}, "qwen_1.5b_instruct": {"clustering": [0.010118872958277682, 0.010126886369719111, 0.010126148949191534, 0.01013726141674055, 0.010141264072089522, 0.010162211266188784, 0.010147333964995404, 0.010163422587508486, 0.010183941241720841, 0.010188093150422838, 0.01019735272778408, 0.01023234889270714, 0.01023729624269226, 0.010245765373350672, 0.010248639376909029, 0.010283452835808508, 0.010289452675357639, 0.010290429944267945, 0.01030212257231469, 0.01031304486261459, 0.010328507050910077, 0.01033303716993554, 0.010343112968975512, 0.01035535885273405, 0.01037584480502263, 0.010379519869116933, 0.010388144558086893, 0.010392738975524394, 0.010408396666124939, 0.01042207837860188, 0.010431084414919103, 0.010448591372271103, 0.010451117482351575, 0.010448455189577443, 0.010448953624772897, 0.010445881563703035, 0.010455484436645996, 0.010458738358826797, 0.010468552160082304, 0.010478998237007254, 0.010479217138165485, 0.010470660814674147, 0.010474679130293468, 0.010471241240084972, 0.010468034626102138, 0.010483087045387219, 0.010494696958017188, 0.010506221562390642, 0.010510677337968998, 0.010511084487872368], "average_degree": [19.71034482758621, 19.71232876712329, 19.714285714285715, 19.70945945945946, 19.711409395973153, 19.713333333333335, 19.71523178807947, 19.717105263157894, 19.718954248366014, 19.72077922077922, 19.72258064516129, 19.73076923076923, 19.726114649681527, 19.727848101265824, 19.729559748427672, 19.73125, 19.732919254658384, 19.734567901234566, 19.736196319018404, 19.73780487804878, 19.73939393939394, 19.740963855421686, 19.74251497005988, 19.74404761904762, 19.745562130177515, 19.74705882352941, 19.748538011695906, 19.75, 19.751445086705203, 19.75287356321839, 19.754285714285714, 19.755681818181817, 19.757062146892654, 19.758426966292134, 19.75977653631285, 19.761111111111113, 19.76243093922652, 19.763736263736263, 19.76502732240437, 19.766304347826086, 19.767567567567568, 19.768817204301076, 19.764705882352942, 19.76595744680851, 19.767195767195766, 19.768421052631577, 19.769633507853403, 19.770833333333332, 19.76683937823834, 19.7680412371134], "pagerank": [0.42432425728594747, 0.4243200047216472, 0.4242797456886647, 0.4243390963433546, 0.42433923338202206, 0.4242556856162365, 0.42433109277485953, 0.42430395596835374, 0.4242515447154368, 0.4241808178209782, 0.42413307970588626, 0.4239703556030536, 0.4240288464352514, 0.42397075799832756, 0.4239155539107662, 0.4237948660976342, 0.42380826390689313, 0.4237475099627361, 0.4237119364608525, 0.4236986841340031, 0.4236460347398679, 0.4236101201435136, 0.4235523296607503, 0.4234899199320188, 0.4234460349153815, 0.4233921104275707, 0.42334026363117694, 0.42329212788726284, 0.42323710986436985, 0.4231790686283306, 0.4231388245827479, 0.42309575690469803, 0.42306670607997177, 0.4230487076792429, 0.42305897832484196, 0.42308539983346877, 0.4230520609314697, 0.42304040005023086, 0.4230283056694829, 0.42299870022862085, 0.42296957739366975, 0.42300594144057646, 0.4230537560413525, 0.42304960703738126, 0.4230450264044853, 0.4230117513725314, 0.42296916879640034, 0.42287994966452813, 0.42279905664537515, 0.4227651552397002]}, "qwen_3b_instruct": {"clustering": [0.007889293085894197, 0.007896619403931729, 0.007898050162819326, 0.007904782021923521], "average_degree": [19.820689655172412, 19.82191780821918, 19.82312925170068, 19.824324324324323], "pagerank": [0.4374350062328242, 0.43742174341222256, 0.43740528827019765, 0.4373946131532696]}, "qwen_7b_instruct": {"clustering": [0.010887594957801497, 0.01089201571159317, 0.010888767523278883, 0.01089624249469745, 0.01090019851178832, 0.010906472275343172, 0.010912270562732194, 0.010933292434353726, 0.010941880598722746, 0.0109283623977146, 0.01092996546041346, 0.010960041460333664, 0.010957945725170668], "average_degree": [19.751724137931035, 19.746575342465754, 19.74829931972789, 19.75, 19.751677852348994, 19.753333333333334, 19.75496688741722, 19.75657894736842, 19.758169934640524, 19.75974025974026, 19.761290322580646, 19.756410256410255, 19.764331210191084], "pagerank": [0.41548479729029764, 0.4155532357391301, 0.41558461865631474, 0.4155848226402838, 0.4155899709590398, 0.4155909173447363, 0.41554481500101176, 0.41553727897991455, 0.4155024162591954, 0.4155521802523591, 0.4155593715155229, 0.4153998306256036, 0.41552465467971567]}, "llama_1b_instruct": {"clustering": [0.011706385122123571, 0.01172113001821293, 0.01172324905466431, 0.011713383566347496, 0.011727050987635277, 0.011740950997437343, 0.011732696360490753, 0.011718603209212005], "average_degree": [19.0, 19.0, 19.0, 19.0, 19.0, 19.0, 19.0, 19.0], "pagerank": [0.3995477985670132, 0.3998782083588557, 0.3999479540560905, 0.39997386078604885, 0.39997488023751737, 0.4000528408172107, 0.400193995372145, 0.4001419482978782]}, "llama_8b_instruct": {"clustering": [0.006626151249325039, 0.006668454952790865, 0.006683463683541621, 0.006683455813154151, 0.006686018776005203, 0.006697483483574048, 0.006708527879080024, 0.006711794962373688, 0.006732555838140859, 0.00673186900234731, 0.006739733615477214, 0.006744460186465002, 0.006753694740506659, 0.006769047773350125, 0.00677786002403241, 0.006779309711306091, 0.006804317474224041, 0.006798660491200782, 0.006795214642735963, 0.00680099432250293, 0.00680547500824518, 0.006813245483114468], "average_degree": [19.694444444444443, 19.70344827586207, 19.705479452054796, 19.700680272108844, 19.7027027027027, 19.70469798657718, 19.7, 19.70860927152318, 19.710526315789473, 19.712418300653596, 19.714285714285715, 19.716129032258063, 19.71794871794872, 19.719745222929937, 19.72151898734177, 19.72327044025157, 19.725, 19.726708074534162, 19.728395061728396, 19.73006134969325, 19.73170731707317, 19.733333333333334], "pagerank": [0.4474349493135861, 0.44742700078985653, 0.44739325755978687, 0.4473893682782175, 0.44736098248151945, 0.44734169993061185, 0.44732343915908496, 0.44729759096498767, 0.44725812388516467, 0.44722909539317596, 0.44719628840995657, 0.4471587600405725, 0.4471858071947387, 0.4471448125047482, 0.4471334378255894, 0.44710642088491565, 0.4470830182222514, 0.4470643425966425, 0.4470419953722346, 0.44703180087054645, 0.4470157237237933, 0.44699185215830933]}, "gemma_2b_instruct": {"clustering": [0.010472523996184667, 0.01040314094103811, 0.010454432418788833, 0.010448028209370115], "average_degree": [19.335664335664337, 19.333333333333332, 19.33103448275862, 19.328767123287673], "pagerank": [0.42076449630485074, 0.42088302391007376, 0.42096462150408503, 0.4210406211295461]}, "gemma_9b_instruct": {"clustering": [0.006277232691107415, 0.006278446758777475, 0.00628851655509846, 0.006293841018685494, 0.006298048231693176, 0.0063140121503973325, 0.006321506421446375, 0.006336095323069656, 0.006343157077547985, 0.006359455722836023, 0.006369587066939871, 0.006378192103432241, 0.006390692263394567, 0.006402302230945716, 0.006419090812215626], "average_degree": [19.846153846153847, 19.84722222222222, 19.848275862068967, 19.84931506849315, 19.85034013605442, 19.85135135135135, 19.85234899328859, 19.85333333333333, 19.85430463576159, 19.855263157894736, 19.856209150326798, 19.857142857142858, 19.858064516129033, 19.858974358974358, 19.85987261146497], "pagerank": [0.4470581451050396, 0.44703203134257086, 0.44704863003440154, 0.44704122147036063, 0.44700335857490087, 0.44695442989976963, 0.44693427287598386, 0.4468835672099485, 0.4468455089594952, 0.4468101184205614, 0.4467762253012071, 0.44672291556155963, 0.44668349201979557, 0.4466269220973492, 0.44660302516188227]},