{"mistral_8b_instruct": {"clustering": [0.003161746711022435, 0.0032205560953208917, 0.0032823554237669398, 0.003339469204276796, 0.003386846048131084, 0.0034337474063119936, 0.0035114366541950624, 0.003567598723582334, 0.0035977662220677575, 0.003593690699819229, 0.0035825264606004405, 0.0036232984220288984, 0.003700168853621276, 0.003753852437066711, 0.0038411368942623974, 0.003917374511543511, 0.003998240212073901, 0.00406754720877116, 0.004142199163723845, 0.004195073383524096, 0.004262561020608519, 0.004308674412966217, 0.004362760444402462, 0.004406754427972797, 0.004460540673830211, 0.004512074696295989, 0.004561646932215672, 0.004628402920313525, 0.004687863296730686, 0.004736279161245226, 0.004792850994280236, 0.0048458882189523714, 0.004886787811812273, 0.004930307871047046, 0.0049741974705980125, 0.005013508161596668, 0.005053527827612517], "average_shortest_path_length": [0.03778552216704433, 0.036451728997814625, 0.03522996398107929, 0.03399055872656971, 0.032898828742896916, 0.03193635160172238, 0.03108538966317913, 0.03012068794191734, 0.02923259889924646, 0.02843133641255029, 0.027667054445504567, 0.027002562971193845, 0.05009664748166249, 0.04910815890759851, Infinity, Infinity, Infinity, Infinity, Infinity, Infinity, Infinity, Infinity, Infinity, Infinity, Infinity, Infinity, Infinity, Infinity, Infinity, Infinity, Infinity, Infinity, Infinity, Infinity, Infinity, Infinity, Infinity], "average_degree": [19.0, 19.037037037037038, 19.035714285714285, 19.06896551724138, 19.1, 19.096774193548388, 19.09375, 19.09090909090909, 19.147058823529413, 19.142857142857142, 19.166666666666668, 19.18918918918919, 19.236842105263158, 19.256410256410255, 19.275, 19.29268292682927, 19.285714285714285, 19.302325581395348, 19.318181818181817, 19.355555555555554, 19.369565217391305, 19.361702127659573, 19.375, 19.387755102040817, 19.4, 19.41176470588235, 19.423076923076923, 19.433962264150942, 19.444444444444443, 19.454545454545453, 19.464285714285715, 19.473684210526315, 19.482758620689655, 19.491525423728813, 19.5, 19.508196721311474, 19.516129032258064], "connectivity": [1.0, 1.0, 1.0, 1.0, 1.0, 1.0, 1.0, 1.0, 1.0, 1.0, 1.0, 1.0, 1.0, 1.0, 2.0, 3.0, 4.0, 5.0, 6.0, 7.0, 8.0, 9.0, 10.0, 10.0, 11.0, 11.0, 12.0, 13.0, 14.0, 15.0, 16.0, 17.0, 18.0, 19.0, 20.0, 21.0, 22.0], "sparseness": [0.76, 0.7321937321937322, 0.705026455026455, 0.6810344827586207, 0.6586206896551724, 0.6365591397849463, 0.6159274193548387, 0.5965909090909091, 0.5802139037433155, 0.5630252100840336, 0.5476190476190477, 0.5330330330330331, 0.5199146514935988, 0.5067476383265856, 0.49423076923076925, 0.4823170731707317, 0.47038327526132406, 0.45957918050941304, 0.4492600422832981, 0.4398989898989899, 0.43043478260869567, 0.42090656799259946, 0.4122340425531915, 0.4039115646258503, 0.39591836734693875, 0.38823529411764707, 0.3808446455505279, 0.3737300435413643, 0.3668763102725367, 0.3602693602693603, 0.3538961038961039, 0.34774436090225563, 0.34180278281911675, 0.3360607831677382, 0.3305084745762712, 0.3251366120218579, 0.3199365415124273], "hubs": [5.0, 4.0, 4.0, 3.0, 3.0, 5.0, 5.0, 4.0, 4.0, 4.0, 4.0, 4.0, 4.0, 4.0, 4.0, 5.0, 5.0, 5.0, 5.0, 5.0, 5.0, 5.0, 5.0, 5.0, 5.0, 6.0, 6.0, 6.0, 6.0, 6.0, 6.0, 6.0, 6.0, 6.0, 6.0, 7.0, 7.0], "clusters": [1.0, 1.0, 1.0, 1.0, 1.0, 1.0, 1.0, 1.0, 1.0, 1.0, 1.0, 1.0, 1.0, 1.0, 1.0, 1.0, 1.0, 1.0, 1.0, 1.0, 1.0, 1.0, 1.0, 1.0, 1.0, 1.0, 1.0, 1.0, 1.0, 1.0, 1.0, 1.0, 1.0, 1.0, 1.0, 1.0, 1.0], "communities": [1.0, 1.0, 1.0, 1.0, 1.0, 1.0, 1.0, 1.0, 1.0, 1.0, 1.0, 1.0, 1.0, 1.0, 1.0, 1.0, 1.0, 1.0, 1.0, 1.0, 1.0, 1.0, 1.0, 1.0, 1.0, 1.0, 1.0, 1.0, 1.0, 1.0, 1.0, 1.0, 1.0, 1.0, 1.0, 1.0, 1.0], "fourier": [1.920678765004761, 1.9234719656268113, 1.9260005026188893, 1.928347157247959, 1.930572898624809, 1.9322340320789162, 1.9341126771473682, 1.9358612006516602, 1.9375023140050553, 1.9390182748311002, 1.9404562139848471, 1.9417589951383056, 1.942981140911809, 1.9440888602066089, 1.9451140162133314, 1.9460891770825985, 1.9470308638825289, 1.9479575410267882, 1.9487792610506467, 1.9495772874933788, 1.950214436176152, 1.950879903273889, 1.951561951568664, 1.9521038810426947, 1.952575883979126, 1.9529946662214097, 1.9533096550525288, 1.9537286896492574, 1.9540795919142016, 1.954550938108453, 1.954812070643246, 1.955211514977185, 1.955468696169052, 1.9557353894305123, 1.9559758131089067, 1.9562238978622806, 1.9564408987361428], "commute_time_efficiency": [0.9692307692307692, 0.9615384615384616, 0.9537037037037037, 0.9470443349753694, 0.9402298850574713, 0.932258064516129, 0.9254032258064516, 0.9185606060606061, 0.9135472370766489, 0.9067226890756303, 0.9015873015873016, 0.8948948948948949, 0.8890469416785206, 0.8825910931174089, 0.8756410256410256, 0.8701219512195122, 0.8635307781649245, 0.8576965669988926, 0.8520084566596194, 0.8469696969696969, 0.8415458937198068, 0.8358001850138761, 0.8306737588652482, 0.8252551020408163, 0.8204081632653061, 0.8156862745098039, 0.8114630467571644, 0.806966618287373, 0.8025856044723969, 0.7983164983164983, 0.7938311688311688, 0.7897869674185464, 0.7861464004839686, 0.7825832846288721, 0.7788135593220339, 0.7751366120218579, 0.7715494447382337], "pagerank": [0.46273415773510507, 0.46212511303627046, 0.4615480356188704, 0.46099288786960557, 0.46047620424560765, 0.4600604901084233, 0.45962996527672645, 0.4591501879888584, 0.458705387885083, 0.4583495441471256, 0.4579696420969396, 0.45759479264419456, 0.45721333022750943, 0.4569000575771892, 0.45657995133035895, 0.4562677774743891, 0.45598076400607995, 0.45571682969933236, 0.45542274225971835, 0.45513955351003627, 0.4548453764233381, 0.45464628421842707, 0.4544424102690891, 0.45415716817264334, 0.4539097823581572, 0.45367294500675936, 0.45340845864940843, 0.4532021708536994, 0.4530131362270849, 0.45287081159740167, 0.4526521255409261, 0.45248050026054365, 0.45230818238845827, 0.45212612486082304, 0.45198719245305397, 0.4518382050410773, 0.4516880479267988], "eigenvector_centrality": [0.9999999563616329, 0.9999999586273377, 0.9999999489322803, 0.9999999150085, 0.9999999393534285, 0.9999999422981902, 0.999999931600064, 0.9999999229469116, 0.9999999332756815, 0.9999999206553172, 0.9999999293032077, 0.9999999469903714, 0.9999999402041837, 0.9999999211460665, 0.0, 0.0, 0.0, 0.0, 0.0, 0.0, 0.0, 0.0, 0.0, 0.0, 0.0, 0.0, 0.0, 0.0, 0.0, 0.0, 0.0, 0.0, 0.0, 0.0, 0.0, 0.0, 0.0], "cycle_count": [280.0, 298.0, 316.0, 335.0, 354.0, 372.0, 391.0, 410.0, 431.0, 450.0, 471.0, 490.0, 510.0, 529.0, 547.0, 567.0, 585.0, 604.0, 623.0, 643.0, 662.0, 680.0, 699.0, 717.0, 736.0, 755.0, 775.0, 794.0, 813.0, 832.0, 850.0, 869.0, 889.0, 909.0, 928.0, 947.0, 966.0]}, "mistral_24b_instruct": {"clustering": [0.0027559244561956523, 0.002800288935109509, 0.0028342103403160217, 0.002878578599413186, 0.0029201497152851396, 0.002969658333160672, 0.003040732889206023, 0.003064868928266884, 0.003090977159994541, 0.0030891115601516155, 0.003085708388068132, 0.003124538556360362, 0.0031950526730635197, 0.003225796919377225, 0.0032987293154312877, 0.0033817259984715935, 0.003456480671308094, 0.0035140766942376883, 0.003582633014294867, 0.0036396333056127267, 0.0036911243377758095, 0.003737679349928936, 0.0037938677214830034, 0.0038464846977623104, 0.003901004425154669, 0.00395053458084769, 0.0039989352552740045, 0.004057231506561359, 0.004108578654287239, 0.004160377736869163, 0.0042079381033004876, 0.004255770381847227, 0.004307308174939461, 0.004343400699737192, 0.004397059880270725, 0.0044396357649273, 0.004486443699341609, 0.0045214078795652105, 0.004561244212429867, 0.004608292990869154, 0.004647121910919689, 0.0046910365563432345, 0.004724930813664738, 0.004764725410151466, 0.004806085368759167, 0.004838429984465578, 0.004871853159887322, 0.004906228874912449, 0.004939230141768955, 0.00497031617811331],