{"mistral_8b_instruct": {"clustering": [0.004377146435123947], "average_degree": [19.17391304347826], "pagerank": [0.45401226982043036]}, "mistral_24b_instruct": {"clustering": [0.0036092609878115543, 0.0036692654566687945], "average_degree": [19.347826086956523, 19.361702127659573], "pagerank": [0.4569918433810429, 0.4567644173235256]}, "qwen_1.5b_instruct": {"clustering": [0.006905524549168826, 0.006983966099871553], "average_degree": [19.17391304347826, 19.19148936170213], "pagerank": [0.4351017950457181, 0.4348714586326224]}, "qwen_3b_instruct": {"clustering": [0.0048054949934792975, 0.004875670995903401], "average_degree": [19.391304347826086, 19.404255319148938], "pagerank": [0.4477633850115104, 0.4474757745107192]}, "qwen_7b_instruct": {"clustering": [0.007541207275699706, 0.007667519361377442], "average_degree": [19.0, 19.0], "pagerank": [0.4273233380624965, 0.42686526503683575]}, "llama_1b_instruct": {"clustering": [0.009949850679112884, 0.010058524511042083], "average_degree": [19.0, 19.0], "pagerank": [0.4023545532279355, 0.4019838758290091]}, "llama_8b_instruct": {"clustering": [0.004499412717765919, 0.0045446314766120245, 0.004605074072923318], "average_degree": [19.0, 19.0, 19.0], "pagerank": [0.4546058184697181, 0.4545077054774482, 0.4543461576409717]}, "gemma_2b_instruct": {"clustering": [0.007489442755909994, 0.00756687909093781, 0.007664958938913584, 0.007734303146120116, 0.007819501628412594], "average_degree": [19.0, 19.0, 19.0, 19.0, 19.0], "pagerank": [0.4305521388377945, 0.4304139447508957, 0.4301592487336571, 0.4300021355662132, 0.42975743217391005]}, "gemma_9b_instruct": {"clustering": [0.0037235659476160493, 0.003769009908291311, 0.003807476899173714, 0.003847122021789448], "average_degree": [19.46, 19.470588235294116, 19.48076923076923, 19.49056603773585], "pagerank": [0.4549699659836793, 0.454797594901952, 0.4546551672567331, 0.45455339757202934]}, "gemma_27b_instruct": {"clustering": [0.0032870431899819415, 0.003329118346297709], "average_degree": [19.46, 19.470588235294116], "pagerank": [0.4560106976570626, 0.45582809235720156]}}