{"llama_1b_instruct": {"clustering": [0.009200601207995287, 0.009412440030079246], "average_shortest_path_length": [0.026545709470592052, Infinity], "average_degree": [19.0, 19.0], "connectivity": [1.0, 2.0], "sparseness": [0.5428571428571428, 0.5277777777777778], "hubs": [4.0, 4.0], "clusters": [1.0, 1.0], "communities": [1.0, 1.0], "fourier": [1.8323605048493283, 1.8308475682767111], "commute_time_efficiency": [0.9158730158730158, 0.9084084084084084], "pagerank": [0.4054772223098179, 0.4048290419758755], "eigenvector_centrality": [0.9999771772298767, 0.0], "cycle_count": [489.0, 508.0]}, "llama_8b_instruct": {"clustering": [0.0038027380437684697, 0.0038917900935739468], "average_shortest_path_length": [0.02767974426343129, Infinity], "average_degree": [19.0, 19.0], "connectivity": [1.0, 2.0], "sparseness": [0.5428571428571428, 0.5277777777777778], "hubs": [4.0, 4.0], "clusters": [1.0, 1.0], "communities": [1.0, 1.0], "fourier": [1.9364924486301058, 1.9375173841578677], "commute_time_efficiency": [0.9063492063492063, 0.8986486486486487], "pagerank": [0.4576718127713183, 0.4573586903328879], "eigenvector_centrality": [0.999999783173102, 0.0], "cycle_count": [477.0, 495.0]}}