{"mistral_8b_instruct": {"clustering": [0.004570948051175524, 0.004619599892118859], "average_degree": [19.384615384615383, 19.39622641509434], "pagerank": [0.45156040458828933, 0.4513696119985718]}, "mistral_24b_instruct": {"clustering": [0.003915569975576471], "average_degree": [19.48076923076923], "pagerank": [0.45514310770459426]}, "qwen_1.5b_instruct": {"clustering": [0.006630160726750316, 0.006720134615339619, 0.0067954941831477175, 0.006869740116612374, 0.006959921721597197, 0.007045705866804991, 0.0071226251393757285, 0.007195521100471477, 0.00727372249827847, 0.007348779776945442, 0.007412722236221707, 0.007473126599768589, 0.007536259316136976, 0.0075986935653527855, 0.007652447568036427, 0.007711600510828548, 0.007763356830170267, 0.008553724234328569, 0.008469594672501522, 0.008546285782148728, 0.008435740357212129, 0.008463926696856838, 0.00853202161664342, 0.00860716010187766, 0.008608404591574501, 0.008648033330497247, 0.008637471775370656, 0.008673928536934038, 0.008621687485967785, 0.00867580178323794, 0.008736022570992458, 0.00876968765118275, 0.008780759707886217, 0.008819889431341805, 0.00887349029463156, 0.008870080979831696, 0.008866154532287021, 0.008895784242899173, 0.009011429729858456], "average_degree": [19.1875, 19.183673469387756, 19.18, 19.176470588235293, 19.173076923076923, 19.169811320754718, 19.166666666666668, 19.181818181818183, 19.178571428571427, 19.17543859649123, 19.17241379310345, 19.1864406779661, 19.2, 19.21311475409836, 19.225806451612904, 19.238095238095237, 19.234375, 19.23076923076923, 19.242424242424242, 19.26865671641791, 19.279411764705884, 19.28985507246377, 19.3, 19.309859154929576, 19.319444444444443, 19.328767123287673, 19.33783783783784, 19.346666666666668, 19.355263157894736, 19.363636363636363, 19.371794871794872, 19.379746835443036, 19.3875, 19.395061728395063, 19.402439024390244, 19.40963855421687, 19.416666666666668, 19.423529411764704, 19.430232558139537], "pagerank": [0.4350783901979848, 0.43480705902168315, 0.43454049410631423, 0.43434134464695184, 0.4341090374535407, 0.4338647857715204, 0.4337073867722726, 0.43343670271728046, 0.4332303679945872, 0.43302914355634886, 0.4328260761722806, 0.4325876395561399, 0.43234208048688827, 0.43211814599744386, 0.43193080393867883, 0.43176042857949576, 0.4316735327059092, 0.4314488447631211, 0.43124874684022113, 0.431077027120004, 0.4309169307457577, 0.43077360181639474, 0.43074644979110854, 0.4305740523823924, 0.4304062683681329, 0.4302445885076235, 0.43004772832246946, 0.42986018567068063, 0.42964915755204774, 0.42945547150725794, 0.4292288512542863, 0.4290614522411643, 0.4288873791799797, 0.42871463774041046, 0.42852984017683765, 0.42837122080951867, 0.4281882763930286, 0.42804370776048883, 0.4278795635866041]}, "qwen_3b_instruct": {"clustering": [0.004581497603045566, 0.004644210418528742, 0.004704968540729839, 0.004766811468115673, 0.0048287635533950535, 0.004888869477682763, 0.0049454356852010085, 0.005000157427545634, 0.00505955907602939, 0.005119178575111074, 0.005177020438551468, 0.005232285511636833, 0.005285538285530038, 0.005342254861816163, 0.005400799568986119, 0.005456505915591827, 0.005513576824725671, 0.006177909217776589, 0.006145222594937598, 0.006223953686149712, 0.006149894676336534, 0.006187185080125005, 0.0063026560644739915, 0.006342206591621852, 0.006350572117747345, 0.0063967318791594225, 0.006393428096142338, 0.006428188771395303, 0.006386294626774994, 0.006425127844422395, 0.006517797391947606, 0.0065281244664499565, 0.006537368223915129, 0.006576777690168011, 0.006632303635051068], "average_degree": [19.4375, 19.448979591836736, 19.46, 19.470588235294116, 19.48076923076923, 19.49056603773585, 19.5, 19.509090909090908, 19.517857142857142, 19.526315789473685, 19.53448275862069, 19.54237288135593, 19.55, 19.557377049180328, 19.56451612903226, 19.571428571428573, 19.578125, 19.553846153846155, 19.560606060606062, 19.567164179104477, 19.573529411764707, 19.579710144927535, 19.585714285714285, 19.591549295774648, 19.59722222222222, 19.602739726027398, 19.60810810810811, 19.613333333333333, 19.61842105263158, 19.623376623376622, 19.653846153846153, 19.632911392405063, 19.6375, 19.641975308641975, 19.646341463414632], "pagerank": [0.4495127274608042, 0.4492833774690254, 0.44904825896736383, 0.4488246388536717, 0.4485619507968779, 0.4483392165816524, 0.448159290804186, 0.4479968904702708, 0.4478118351309178, 0.4475964173985824, 0.44736505838427015, 0.44715115841255476, 0.4469498943712963, 0.44674238889932266, 0.4465193907320362, 0.4462914611224576, 0.4460621012604116, 0.44583411455346145, 0.44560958824452485, 0.44543258976773376, 0.44522999640511823, 0.44502410619253824, 0.4448583844572859, 0.4446624765124308, 0.4444802696664748, 0.4442849094413897, 0.4441100559456662, 0.443989777171715, 0.443852271238472, 0.4436887538904938, 0.44349749028780633, 0.44332460729938483, 0.44310834131070065, 0.44294848194921677, 0.4427867326056698]}, "qwen_7b_instruct": {"clustering": [0.007450660220278251, 0.007545571889526918, 0.007640310981904671, 0.007726124064197756, 0.00780826420236597, 0.007900264057312433, 0.007995561579927021, 0.008079347995640215], "average_degree": [19.270833333333332, 19.26530612244898, 19.26, 19.254901960784313, 19.25, 19.245283018867923, 19.24074074074074, 19.236363636363638], "pagerank": [0.425016693918436, 0.4247581471143194, 0.4243931101607399, 0.4241205669950488, 0.42388676515782814, 0.42366031714547414, 0.4234511824498608, 0.423242646693783]}, "llama_1b_instruct": {"clustering": [0.01063835794086433, 0.01073324363633663, 0.010809806077272586, 0.010780653272018917, 0.010885427172790424, 0.010971126353942585, 0.011049712036495896, 0.01109442309363465, 0.011125811488967153, 0.011144259055818633, 0.011205018507157586, 0.011258661962759849, 0.011331317854073491, 0.011396237116646508, 0.011464035960252887, 0.011511947954408432, 0.012216952322092047, 0.012291849520949692, 0.01235215591589561, 0.012225661666114655, 0.012272664049611427, 0.012298099689161034, 0.012386139386914288, 0.012318281601024151, 0.012349659538070263], "average_degree": [19.0, 19.0, 19.0, 19.0, 19.0, 19.0, 19.0, 19.0, 19.0, 19.0, 19.0, 19.0, 19.0, 19.0, 19.0, 19.0, 19.0, 19.0, 19.0, 19.0, 19.0, 19.0, 19.0, 19.0, 19.0], "pagerank": [0.3967825781853569, 0.39639803575164556, 0.3961545538295036, 0.3963079514114946, 0.39613415231859844, 0.39598619683774744, 0.395990012720504, 0.39635490424157804, 0.39615526582696686, 0.39595334303984764, 0.3958395615839544, 0.3957693656309979, 0.3956670013731223, 0.3956081416131445, 0.39545767666686227, 0.3955610385399072, 0.39575120230847816, 0.39559116560687696, 0.39547060392159383, 0.3954643518569516, 0.3953977944281794, 0.3954449541440342, 0.39538638083055516, 0.39534251844775253, 0.39520225750485277]}, "llama_8b_instruct": {"clustering": [0.004587672189145956, 0.004640017866176445, 0.004693970452424426, 0.004750222509564877, 0.0048019105790098665, 0.004851643323903093, 0.0049083285741237, 0.004954809699607418, 0.005002128341022714, 0.005047066279443293, 0.005092280983654876, 0.005134420456577553, 0.0051710752469734675, 0.005207836607111484, 0.005245512113737332, 0.005281857146105197, 0.005853839528868025, 0.00582540154251255, 0.005891381523515624, 0.005802921905477205, 0.005851159011498675, 0.005877180662728097, 0.005938264322295315, 0.005927248191100189, 0.00595460425729302, 0.005879587023029112, 0.005971734987865448, 0.005918426143349767, 0.005939859041411736, 0.005946229276855801, 0.0060053022797496945, 0.005985133015639833, 0.006002902586926867, 0.005959213966994653, 0.0060432285966877325, 0.006036812791701179, 0.006093016971997637, 0.006076149192063037, 0.006091661588557751, 0.006119744303339511],