{"mistral_8b_instruct": {"clustering": [0.00524435296727604, 0.005653884670251175, 0.0056029118168951205, 0.005674274657795529, 0.005589338178179769], "average_degree": [19.578125, 19.584615384615386, 19.59090909090909, 19.597014925373134, 19.602941176470587], "pagerank": [0.4503555267576835, 0.4501056434151066, 0.4499707462198694, 0.4498084770933452, 0.44968623131564395]}, "mistral_24b_instruct": {"clustering": [0.00458293272778337, 0.0050514142653099395, 0.005027594486690518, 0.0050705769855279165, 0.005000115109995435], "average_degree": [19.640625, 19.646153846153847, 19.651515151515152, 19.65671641791045, 19.66176470588235], "pagerank": [0.4529528028857973, 0.4527285936923529, 0.45255292209415676, 0.4525237788029338, 0.4523872132490591]}, "qwen_1.5b_instruct": {"clustering": [0.0082435776223098, 0.008288951622027394, 0.008886166342039321, 0.008725954808144748, 0.008836009110190772], "average_degree": [19.46031746031746, 19.46875, 19.476923076923075, 19.5, 19.507462686567163], "pagerank": [0.4301738085667058, 0.430071365252548, 0.4298885490552987, 0.42985518350176427, 0.4297989162561823]}, "qwen_3b_instruct": {"clustering": [0.00601480853386394, 0.006063826271152778], "average_degree": [19.634920634920636, 19.640625], "pagerank": [0.4443137551589874, 0.44416451559657605]}, "qwen_7b_instruct": {"clustering": [0.008886435644235767, 0.008951219076716876, 0.009511808163036432, 0.009417278189536886, 0.009526381533986312], "average_degree": [19.41269841269841, 19.4375, 19.446153846153845, 19.439393939393938, 19.44776119402985], "pagerank": [0.42236156294689287, 0.42196732125543646, 0.4219219617726441, 0.42169920147935663, 0.42151459719092155]}, "llama_1b_instruct": {"clustering": [0.011017261203037105, 0.011040610092264364, 0.011120395887837873, 0.011162220496267326, 0.01123118946748415, 0.011294611354428132, 0.012079917242817451, 0.011885379425314832, 0.011997482220446708, 0.011805587920588218, 0.011880608185855412, 0.011912850841886877, 0.011933692496433435, 0.01186207322658336, 0.011872769389422166, 0.011706627129130136, 0.011778387055878874, 0.01165885249694469, 0.011617212260528417, 0.01164074321199549, 0.011604710314007479, 0.01144527005030561, 0.011449578915272006], "average_degree": [19.0, 19.0, 19.0, 19.0, 19.0, 19.0, 19.0, 19.0, 19.0, 19.0, 19.0, 19.0, 19.0, 19.0, 19.0, 19.0, 19.0, 19.0, 19.0, 19.0, 19.0, 19.0, 19.0], "pagerank": [0.3987967655542023, 0.3987517446320228, 0.3985910252515852, 0.3986288682505732, 0.39874127298319156, 0.3986811544127466, 0.3989857708740578, 0.3987844615813753, 0.39875354932922824, 0.39852049889967883, 0.39805074841319354, 0.3981113219218958, 0.3979984286761454, 0.39781946781327987, 0.39765757719318984, 0.397775944582638, 0.39793388562945936, 0.39803029489456876, 0.39780884811684514, 0.3979885878977321, 0.3981196819897759, 0.3980766270058327, 0.3980390664405923]}, "llama_8b_instruct": {"clustering": [0.0052063323408323686], "average_degree": [19.11864406779661], "pagerank": [0.4526422500227611]}, "gemma_2b_instruct": {"clustering": [0.009299259124472355], "average_degree": [19.0], "pagerank": [0.4269189606561886]}, "gemma_9b_instruct": {"clustering": [0.004918798568102895], "average_degree": [19.647058823529413], "pagerank": [0.45151780274092385]}, "gemma_27b_instruct": {"clustering": [0.004195631364866597], "average_degree": [19.676470588235293], "pagerank": [0.45362815569632686]}}