{"mistral_8b_instruct": {"clustering": [0.0036875461074856847, 0.0037778938675655824], "average_degree": [19.13888888888889, 19.16216216216216], "pagerank": [0.4571696583424534, 0.45682393554796596]}, "mistral_24b_instruct": {"clustering": [0.0029993358391879436, 0.003088277927297118], "average_degree": [19.194444444444443, 19.216216216216218], "pagerank": [0.4601494823038136, 0.4598003914887632]}, "qwen_1.5b_instruct": {"clustering": [0.005885899303285595, 0.005871511434679326, 0.005930635681498789, 0.006050175000230934, 0.006127672971795876, 0.006248479161729424, 0.006312467952203063, 0.006429103407539241, 0.006452209202367936], "average_degree": [19.085714285714285, 19.083333333333332, 19.08108108108108, 19.105263157894736, 19.128205128205128, 19.15, 19.170731707317074, 19.19047619047619, 19.209302325581394], "pagerank": [0.43941835628698767, 0.4390262804165771, 0.43845901815130245, 0.4380523746995182, 0.4375814344025135, 0.4370771177369197, 0.4366440014443004, 0.4363439595254042, 0.4359653224939079]}, "qwen_3b_instruct": {"clustering": [0.004165698026300689, 0.004156929573072275], "average_degree": [19.2, 19.22222222222222], "pagerank": [0.45145509033740044, 0.4510375451012618]}, "qwen_7b_instruct": {"clustering": [0.006370935765768159, 0.006365377367479015], "average_degree": [19.02857142857143, 19.02777777777778], "pagerank": [0.43269454429734494, 0.43209380602210556]}, "llama_1b_instruct": {"clustering": [0.009200601207995287, 0.009412440030079246], "average_degree": [19.0, 19.0], "pagerank": [0.4054772223098179, 0.4048290419758755]}, "llama_8b_instruct": {"clustering": [0.0037985393729359266, 0.003887534915830353], "average_degree": [19.0, 19.0], "pagerank": [0.4576847440518621, 0.4573720381324613]}, "gemma_2b_instruct": {"clustering": [0.00652128537818032, 0.0066265958405585315, 0.006705031755958306, 0.006811958707338055, 0.006861464619318429], "average_degree": [19.0, 19.0, 19.0, 19.0, 19.0], "pagerank": [0.43378229661532836, 0.43328462657099487, 0.4328716774368832, 0.43250335105999443, 0.43205966114051403]}, "gemma_9b_instruct": {"clustering": [0.003119519203084528, 0.003161809837819197, 0.0032235617201316832, 0.0032861486233630188, 0.0033181714321913838, 0.003370771273904176, 0.003403575984530827], "average_degree": [19.263157894736842, 19.28205128205128, 19.3, 19.317073170731707, 19.333333333333332, 19.348837209302324, 19.363636363636363], "pagerank": [0.4579707739230289, 0.4576832164205622, 0.4573571635498705, 0.457099430004337, 0.45685143548660134, 0.45666261365990546, 0.4564318062111039]}, "gemma_27b_instruct": {"clustering": [0.002646427298746906, 0.002691002468754421, 0.0027386561439545773, 0.002806790766082987, 0.002835680742960116, 0.0028825711641799457, 0.0029299582928393854, 0.0029763635426917974], "average_degree": [19.289473684210527, 19.307692307692307, 19.325, 19.341463414634145, 19.357142857142858, 19.372093023255815, 19.386363636363637, 19.4], "pagerank": [0.4593406328107388, 0.45905400577919014, 0.45877717088662606, 0.45852099869465407, 0.45830106631121187, 0.45810275749158363, 0.45791704009002215, 0.4577367273761901]}}