{"mistral_8b_instruct": {"clustering": [0.0036875461074856847, 0.0037778938675655824], "average_degree": [19.13888888888889, 19.16216216216216], "pagerank": [0.4571696583424534, 0.45682393554796596]}, "mistral_24b_instruct": {"clustering": [0.0029993358391879436, 0.003088277927297118], "average_degree": [19.194444444444443, 19.216216216216218], "pagerank": [0.4601494823038136, 0.4598003914887632]}, "qwen_1.5b_instruct": {"clustering": [0.005885899303285595, 0.005885617237599035], "average_degree": [19.085714285714285, 19.083333333333332], "pagerank": [0.43941835628698767, 0.4388515441525897]}, "qwen_3b_instruct": {"clustering": [0.004165698026300689, 0.004156929573072275], "average_degree": [19.2, 19.22222222222222], "pagerank": [0.45145509033740044, 0.4510375451012618]}, "qwen_7b_instruct": {"clustering": [0.006370935765768159, 0.006365377367479015], "average_degree": [19.02857142857143, 19.02777777777778], "pagerank": [0.43269454429734494, 0.43209380602210556]}, "llama_1b_instruct": {"clustering": [0.009200601207995287, 0.009412440030079246], "average_degree": [19.0, 19.0], "pagerank": [0.4054772223098179, 0.4048290419758755]}, "llama_8b_instruct": {"clustering": [0.0038027380437684697, 0.0038795592896364874, 0.0038809878888246144, 0.003911897499941267, 0.003954596132397934, 0.004003123221260714, 0.004071729240653576, 0.004134906949376272, 0.004134274236635347, 0.004182630883606988, 0.004233282342476101, 0.004263658103626388, 0.004280493931278523, 0.004343656105228927, 0.004407918984528, 0.004463262978831536], "average_degree": [19.0, 19.0, 19.0, 19.0, 19.0, 19.0, 19.0, 19.0, 19.0, 19.0, 19.0, 19.0, 19.0, 19.0, 19.0, 19.0], "pagerank": [0.4576718127713183, 0.4574492760330706, 0.4573226301372015, 0.4571455933439591, 0.4568858365593652, 0.4566557339989606, 0.4564389402702869, 0.4562019875880246, 0.4560150339900253, 0.4558173328567519, 0.45560457364511414, 0.45541279845394195, 0.4551987952178714, 0.4550115326949983, 0.45481732101251915, 0.4546602501629037]}, "gemma_2b_instruct": {"clustering": [0.006513193024999002, 0.006616538931523825, 0.006698218421106393, 0.006800431884477755, 0.006852874312722496, 0.0069382060843681944], "average_degree": [19.0, 19.0, 19.0, 19.0, 19.0, 19.0], "pagerank": [0.4338699699741301, 0.43339121243707746, 0.43290570508450965, 0.4325903708746443, 0.4320636041428362, 0.4317839652126458]}, "gemma_9b_instruct": {"clustering": [0.0031028360769174133, 0.0031471135327517446, 0.0031960652354104608], "average_degree": [19.263157894736842, 19.28205128205128, 19.3], "pagerank": [0.45800530122202193, 0.4577065340063325, 0.45750088530855304]}, "gemma_27b_instruct": {"clustering": [0.002653819907043723, 0.0027066577163804, 0.0027567262111090687, 0.0028138640412259694, 0.002851316470634224, 0.0028974518247869997, 0.002950436996634663, 0.0030023676286149263], "average_degree": [19.289473684210527, 19.28205128205128, 19.3, 19.317073170731707, 19.333333333333332, 19.372093023255815, 19.386363636363637, 19.4], "pagerank": [0.4593187082181147, 0.4590171915968601, 0.45874240608036515, 0.4584842444611541, 0.4581966858573215, 0.4579682476630713, 0.4577402169323363, 0.45752519922051077]}}