{"gemma_2b_instruct": {"clustering": [0.006688684229871147, 0.006795916210480886, 0.006904759051573446, 0.00701516826432264, 0.007087693510847556, 0.007188871222158477, 0.0072740531074706434, 0.007330427616433494, 0.007384002861675561, 0.0074411817996163565, 0.007540636427486092, 0.007603209815111439, 0.0077069392879518485, 0.0077853809235831255, 0.00787192151512949, 0.007952151997030992, 0.008029574530275424, 0.008099843482851362, 0.008162310829092053, 0.008245145714952105, 0.00827008218247868, 0.008287387580272972, 0.008337302764540401, 0.008391448562073347, 0.008450927360068262, 0.00852304035538564, 0.008580806122108159, 0.00861552249807766, 0.00867935223723499, 0.008741384143300763, 0.008787990898937274, 0.00883073402350387, 0.008884693306235578, 0.008931899291765986, 0.008979708916870445, 0.009032407968168276, 0.009072148668519782, 0.009100535822537406, 0.009153064384859664, 0.009186790404562635, 0.009226082994128026, 0.009264163348312924, 0.0093129498045707, 0.00935548764302301, 0.009372401701462356, 0.00940369795431428, 0.009438014421489357, 0.009464480071091444, 0.009510639728460687, 0.009543992137771733], "average_shortest_path_length": [Infinity, Infinity, Infinity, Infinity, Infinity, Infinity, Infinity, Infinity, Infinity, Infinity, Infinity, Infinity, Infinity, Infinity, Infinity, Infinity, Infinity, Infinity, Infinity, Infinity, Infinity, Infinity, Infinity, Infinity, Infinity, Infinity, Infinity, Infinity, Infinity, Infinity, Infinity, Infinity, Infinity, Infinity, Infinity, Infinity, Infinity, Infinity, Infinity, Infinity, Infinity, Infinity, Infinity, Infinity, Infinity, Infinity, Infinity, Infinity, Infinity, Infinity], "average_degree": [19.0, 19.0, 19.0, 19.0, 19.0, 19.0, 19.0, 19.0, 19.02127659574468, 19.020833333333332, 19.020408163265305, 19.02, 19.019607843137255, 19.01923076923077, 19.0188679245283, 19.01851851851852, 19.01818181818182, 19.017857142857142, 19.017543859649123, 19.03448275862069, 19.050847457627118, 19.066666666666666, 19.065573770491802, 19.080645161290324, 19.095238095238095, 19.09375, 19.092307692307692, 19.09090909090909, 19.08955223880597, 19.08823529411765, 19.08695652173913, 19.085714285714285, 19.098591549295776, 19.09722222222222, 19.08219178082192, 19.06756756756757, 19.093333333333334, 19.07894736842105, 19.09090909090909, 19.08974358974359, 19.088607594936708, 19.1, 19.11111111111111, 19.097560975609756, 19.120481927710845, 19.11904761904762, 19.129411764705882, 19.13953488372093, 19.149425287356323, 19.15909090909091], "connectivity": [2.0, 2.0, 4.0, 5.0, 5.0, 6.0, 7.0, 7.0, 7.0, 7.0, 8.0, 8.0, 9.0, 10.0, 11.0, 12.0, 13.0, 14.0, 16.0, 17.0, 17.0, 17.0, 18.0, 18.0, 19.0, 20.0, 21.0, 22.0, 23.0, 25.0, 25.0, 28.0, 29.0, 30.0, 31.0, 32.0, 33.0, 34.0, 36.0, 37.0, 38.0, 39.0, 40.0, 38.0, 39.0, 40.0, 41.0, 42.0, 43.0, 44.0], "sparseness": [0.5, 0.48717948717948717, 0.475, 0.4634146341463415, 0.4523809523809524, 0.4418604651162791, 0.4318181818181818, 0.4222222222222222, 0.41350601295097134, 0.4046985815602837, 0.39625850340136054, 0.38816326530612244, 0.3803921568627451, 0.3729260935143288, 0.36574746008708275, 0.3588399720475192, 0.35218855218855216, 0.3457792207792208, 0.33959899749373434, 0.3339382940108893, 0.32846288720046757, 0.3231638418079096, 0.31775956284153006, 0.3127974616604971, 0.30798771121351765, 0.3030753968253968, 0.2983173076923077, 0.2937062937062937, 0.28923563998190865, 0.2848990342405619, 0.28069053708439895, 0.27660455486542446, 0.27283702213279676, 0.26897496087636935, 0.2650304414003044, 0.26119955572010367, 0.258018018018018, 0.2543859649122807, 0.2511961722488038, 0.2479187479187479, 0.24472573839662448, 0.2417721518987342, 0.2388888888888889, 0.23577235772357724, 0.2331766088745225, 0.23034997131382673, 0.22773109243697479, 0.22517099863201095, 0.22266773589949213, 0.22021943573667713], "hubs": [4.0, 4.0, 5.0, 5.0, 5.0, 5.0, 5.0, 5.0, 5.0, 5.0, 5.0, 5.0, 6.0, 6.0, 6.0, 6.0, 6.0, 6.0, 6.0, 6.0, 6.0, 6.0, 7.0, 7.0, 7.0, 7.0, 7.0, 7.0, 7.0, 7.0, 7.0, 7.0, 8.0, 8.0, 8.0, 8.0, 8.0, 8.0, 8.0, 8.0, 8.0, 8.0, 9.0, 9.0, 9.0, 9.0, 9.0, 9.0, 9.0, 9.0], "clusters": [1.0, 1.0, 1.0, 1.0, 1.0, 1.0, 1.0, 1.0, 1.0, 1.0, 1.0, 1.0, 1.0, 1.0, 1.0, 1.0, 1.0, 1.0, 1.0, 1.0, 1.0, 1.0, 1.0, 1.0, 1.0, 1.0, 1.0, 1.0, 1.0, 1.0, 1.0, 1.0, 1.0, 1.0, 1.0, 1.0, 1.0, 1.0, 1.0, 1.0, 1.0, 1.0, 1.0, 1.0, 1.0, 1.0, 1.0, 1.0, 1.0, 1.0], "communities": [1.0, 1.0, 1.0, 1.0, 1.0, 1.0, 1.0, 1.0, 1.0, 1.0, 1.0, 1.0, 1.0, 1.0, 1.0, 1.0, 1.0, 1.0, 1.0, 1.0, 1.0, 1.0, 1.0, 1.0, 1.0, 1.0, 1.0, 1.0, 1.0, 1.0, 1.0, 1.0, 1.0, 1.0, 1.0, 1.0, 1.0, 1.0, 1.0, 1.0, 1.0, 1.0, 1.0, 1.0, 1.0, 1.0, 1.0, 1.0, 1.0, 1.0], "fourier": [1.9175267041928459, 1.9178129349391377, 1.9178450353438043, 1.9175836613750425, 1.9171577114260794, 1.916683147946079, 1.916025878304567, 1.9161548956932741, 1.9153146016496432, 1.9143749765514357, 1.9134599478131635, 1.9127672653781023, 1.911958443465563, 1.9116136932272632, 1.9104212194502914, 1.9092816531330803, 1.9088018060149494, 1.9078837070731665, 1.9066598155284205, 1.9051971728563621, 1.9039918097561894, 1.902476120854528, 1.9010376959095963, 1.8998308097007317, 1.8984581574527641, 1.897548345987266, 1.8972371594912008, 1.8971888981365115, 1.8962516785796104, 1.8960531719807885, 1.895844649544507, 1.8957303283498714, 1.893409815823367, 1.8928016083186785, 1.8918611071943112, 1.8911236179217712, 1.8902706296067837, 1.8897930366788596, 1.8885679085102667, 1.8883521545783573, 1.8866869342505352, 1.885709011537168, 1.8841230314973316, 1.882556617714825, 1.8811638358499236, 1.8808753428977072, 1.879541337485017, 1.878920951193819, 1.877041998364584, 1.876330666647243], "commute_time_efficiency": [0.8771929824561403, 0.8705128205128205, 0.8658536585365854, 0.8606271777003485, 0.85437430786268, 0.8456659619450317, 0.8398989898989899, 0.8347826086956521, 0.8297872340425532, 0.8249113475177305, 0.8197278911564626, 0.8159183673469388, 0.8109803921568628, 0.8065610859728507, 0.8018867924528302, 0.7966457023060797, 0.7922558922558922, 0.787987012987013, 0.7844611528822055, 0.7803992740471869, 0.7773232028053769, 0.7742937853107345, 0.7707650273224044, 0.7673188789000529, 0.7636968766001024, 0.7601686507936508, 0.7560096153846154, 0.7526806526806527, 0.749434644957033, 0.7458296751536435, 0.7427536231884058, 0.739751552795031, 0.7372233400402415, 0.7341549295774648, 0.7311643835616438, 0.7284339133654202, 0.7261261261261261, 0.7231578947368421, 0.7207792207792207, 0.7182817182817183, 0.7160012982797793, 0.7137658227848102, 0.7117283950617284, 0.7095754290876242, 0.7077578607111372, 0.7058232931726908, 0.70406162464986, 0.701641586867305, 0.6996792301523657, 0.6976227795193313], "pagerank": [0.4357465287687663, 0.43547394947392987, 0.43523106395420286, 0.4348727944270321, 0.43461962429923484, 0.4342655037740291, 0.4340343920254494, 0.4338753922070336, 0.4335090991946331, 0.43320685824146904, 0.43293181730593266, 0.43270752397020007, 0.43245688093891915, 0.43224903094574324, 0.4318927627152395, 0.43162336430988485, 0.4314188652386259, 0.43125382290725817, 0.4310771862561224, 0.43064690431976743, 0.4303966446056342, 0.4300976377242422, 0.4299315958284449, 0.4296611529026541, 0.42929188743570085, 0.4290097296268126, 0.42881384998713673, 0.4288601684976916, 0.4286216434871754, 0.4283796112151235, 0.428314577669899, 0.4283327815211849, 0.42799258282513986, 0.42790480382885715, 0.427864460050413, 0.42775533271691274, 0.4276139716952821, 0.42762839880278675, 0.42746176475015857, 0.4274715400121797, 0.42734032851382564, 0.4272004942347323, 0.42700809414919844, 0.4269176112284749, 0.4267909383229508, 0.42680826321878906, 0.42669951679044577, 0.42661395614179176, 0.42634824548416145, 0.4261996624554866], "eigenvector_centrality": [0.0, 0.0, 0.0, 0.0, 0.0, 0.0, 0.0, 0.0, 0.0, 0.0, 0.0, 0.0, 0.0, 0.0, 0.0, 0.0, 0.0, 0.0, 0.0, 0.0, 0.0, 0.0, 0.0, 0.0, 0.0, 0.0, 0.0, 0.0, 0.0, 0.0, 0.0, 0.0, 0.0, 0.0, 0.0, 0.0, 0.0, 0.0, 0.0, 0.0, 0.0, 0.0, 0.0, 0.0, 0.0, 0.0, 0.0, 0.0, 0.0, 0.0],