{"gemma_2b_instruct": {"clustering": [0.006338948646737395, 0.005220310650254325, 0.004350258875211937, 0.003716916136027012, 0.005157922075344016, 0.004946376320371202, 0.004727816169188823, 0.00454776660793718], "average_shortest_path_length": [0.0002018348396866827, 0.0, 0.0, 0.0, 0.0001691444249810624, 0.00029814091481034864, 0.0007297259583603758, 0.002744224971260885], "average_degree": [15.0, 16.0, 17.0, 18.0, 19.0, 19.0, 19.0, 19.0], "connectivity": [1.0, 1.0, 1.0, 1.0, 1.0, 1.0, 1.0, 1.0], "sparseness": [1.0, 1.0, 1.0, 1.0, 1.0, 0.95, 0.9047619047619048, 0.8636363636363636], "hubs": [16.0, 17.0, 18.0, 19.0, 20.0, 13.0, 9.0, 8.0], "clusters": [3.0, 3.0, 4.0, 4.0, 2.0, 2.0, 3.0, 3.0], "communities": [3.0, 3.0, 4.0, 4.0, 2.0, 2.0, 3.0, 3.0], "fourier": [1.373249445818081, 1.2924700666523117, 1.2716304529741456, 1.2542613196939107, 1.5212907453624875, 1.448848328916655, 1.4073785889627968, 1.3813604118838574], "commute_time_efficiency": [1.0, 1.0, 1.0, 1.0, 1.0, 0.9976190476190476, 0.9935064935064936, 0.9881422924901185], "pagerank": [0.27884192036178174, 0.26916813922858474, 0.2529406329279259, 0.23664586800547185, 0.21793777692511712, 0.21197409119050087, 0.20175730555797225, 0.19029842232604327], "eigenvector_centrality": [0.9245183636074996, 0.9244540401317107, 0.9244642714356637, 0.924363530345339, 0.9238854776055268, 0.9238425252113671, 0.9238865971041809, 0.9238438386141301], "cycle_count": [105.0, 120.0, 136.0, 153.0, 171.0, 189.0, 207.0, 225.0]}, "gemma_9b_instruct": {"clustering": [0.004086798876698702, 0.0033655990749283434, 0.00280466589577362], "average_shortest_path_length": [0.0001012650881181805, 0.0, 0.0], "average_degree": [15.0, 16.0, 17.0], "connectivity": [1.0, 1.0, 1.0], "sparseness": [1.0, 1.0, 1.0], "hubs": [16.0, 17.0, 18.0], "clusters": [3.0, 3.0, 4.0], "communities": [3.0, 3.0, 4.0], "fourier": [1.4656502119791452, 1.379435493627431, 1.356161189976917], "commute_time_efficiency": [1.0, 1.0, 1.0], "pagerank": [0.2949622867030328, 0.28439019180179975, 0.2667153337766101], "eigenvector_centrality": [0.8907894330388473, 0.8908543110703007, 0.8908722868971903], "cycle_count": [105.0, 120.0, 136.0]}}