{"mistral_8b_instruct": {"clustering": [0.0053665830832036335, 0.005397474298811274, 0.005433720662688531, 0.0054589654312765905, 0.00549644122731852], "average_degree": [19.582089552238806, 19.58823529411765, 19.594202898550726, 19.6, 19.6056338028169], "pagerank": [0.4498859483383549, 0.4497568325882111, 0.4496097039864781, 0.4495008318240519, 0.44934401465193824]}, "mistral_24b_instruct": {"clustering": [0.004701743875128136, 0.004730488322824931, 0.004764173813992855, 0.004801573426253559, 0.004840199211055315], "average_degree": [19.65671641791045, 19.66176470588235, 19.666666666666668, 19.67142857142857, 19.676056338028168], "pagerank": [0.4525427793688113, 0.4524281475097622, 0.4523143629939918, 0.45216142036541923, 0.45203086860887615]}, "qwen_1.5b_instruct": {"clustering": [0.008411147228239296, 0.008453896946801926, 0.00849496071935866, 0.00853887863532487, 0.008591486542196559], "average_degree": [19.484848484848484, 19.492537313432837, 19.5, 19.492753623188406, 19.5], "pagerank": [0.42937781905947753, 0.4293925071566899, 0.42929161618115647, 0.42920567586001973, 0.42904315382159763]}, "qwen_3b_instruct": {"clustering": [0.006129161469212345, 0.006194242095084552, 0.006215247649234679, 0.0062625466649594745, 0.0063000554657289005], "average_degree": [19.681818181818183, 19.65671641791045, 19.676470588235293, 19.666666666666668, 19.67142857142857], "pagerank": [0.44387274601983034, 0.44367078714802605, 0.44357563528871313, 0.4434637316676433, 0.44331847556120174]}, "qwen_7b_instruct": {"clustering": [0.009062118054747404, 0.009116356112115248, 0.009183874069359475, 0.009218804311668027, 0.009293769624489958], "average_degree": [19.439393939393938, 19.44776119402985, 19.455882352941178, 19.463768115942027, 19.47142857142857], "pagerank": [0.4216806703742864, 0.421516520294142, 0.4212526098978953, 0.4211693924382352, 0.4208430773993291]}, "llama_1b_instruct": {"clustering": [0.011101606395115251, 0.011132193435136288, 0.011191039438216794], "average_degree": [19.0, 19.0, 19.0], "pagerank": [0.3987652237361727, 0.39894345369704304, 0.3987297711357303]}, "llama_8b_instruct": {"clustering": [0.005312060642262798, 0.005349756800354027, 0.005377088503822225], "average_degree": [19.14516129032258, 19.142857142857142, 19.140625], "pagerank": [0.4523362954511199, 0.4522312634336476, 0.4521775283755081]}, "gemma_2b_instruct": {"clustering": [0.00910403847517178, 0.009161039737690571, 0.009203562748097487, 0.00923592430597281, 0.009277473666131242, 0.009320699552285797, 0.009347508760079984], "average_degree": [19.0, 19.0, 19.0, 19.0, 19.0, 19.0, 19.0], "pagerank": [0.4267200960734188, 0.42654348871965175, 0.42648379239803585, 0.4265352741711641, 0.4264156162844522, 0.4263319614197639, 0.42634777170581023]}, "gemma_9b_instruct": {"clustering": [0.004750248947732722, 0.0047780653318016345, 0.004803956534905078], "average_degree": [19.661971830985916, 19.680555555555557, 19.684931506849313], "pagerank": [0.45115933693262883, 0.451074252168878, 0.4510540506667082]}, "gemma_27b_instruct": {"clustering": [0.004060751085783101, 0.004084284086169305, 0.0041329524716739036, 0.004151900332561738, 0.004169320081577533], "average_degree": [19.676056338028168, 19.694444444444443, 19.698630136986303, 19.68918918918919, 19.706666666666667], "pagerank": [0.45303936651038823, 0.4529704138584378, 0.4527993990888279, 0.4527650718534097, 0.45268931305425036]}}