{"mistral_8b_instruct": {"clustering": [0.007088826149929807, 0.007045477646594258, 0.0070462648880060905, 0.0046383021801158515, 0.004586284078479284], "average_degree": [19.244897959183675, 19.24, 19.235294117647058, 19.403846153846153, 19.39622641509434], "pagerank": [0.21284552841716453, 0.2087371602187175, 0.20439841514981705, 0.18203331033838235, 0.1798380714177403]}, "mistral_24b_instruct": {"clustering": [0.0060917732423652286, 0.006042234489571748, 0.006031113528577932, 0.004050582914462079, 0.004008523554947953], "average_degree": [19.367346938775512, 19.36, 19.352941176470587, 19.5, 19.49056603773585], "pagerank": [0.2352611545254619, 0.23080989380320432, 0.22538217692013152, 0.204938764174206, 0.20300659835761484]}, "qwen_1.5b_instruct": {"clustering": [0.006459838672851225, 0.006383265695578045, 0.006321171663905394, 0.006308362930392891, 0.004777053354556806], "average_degree": [19.270833333333332, 19.26530612244898, 19.26, 19.254901960784313, 19.384615384615383], "pagerank": [0.2037862053590679, 0.20171675275948073, 0.1976245133364724, 0.19325084679236085, 0.18522322478438147]}, "qwen_3b_instruct": {"clustering": [0.00544239973481631, 0.005370241108533697, 0.005333081867319314, 0.005319797217017774, 0.003933494176229421, 0.0038960297814298233, 0.0038872033084862987, 0.0038866397383340353, 0.002993192407061178, 0.0029734982532635527, 0.0029947804301933547, 0.002998409137332767, 0.00271469468155689, 0.0027286199182370357, 0.00270554892360134, 0.0027193688124312596, 0.000358953673091669, 0.00036038129856360516, 0.00035490040541107, 0.00035483010447023817, 0.003094561959966023, 0.0030821532141138, 0.003104858074865465, 0.0030827238159704252, 0.00565586403278694, 0.005611288442262319, 0.005637292404437987, 0.005613466116268018, 0.0047252998973869855, 0.004711995155414305, 0.0046969813698800236, 0.004705659215090181, 0.006962135870626658, 0.0069392668997798335, 0.006914450818712445, 0.006922292859542408, 0.004974206656824966, 0.004949887741190327, 0.004934756609994988, 0.004936189525081464, 0.005228034362220645, 0.005197029524669005, 0.005190372881684103, 0.005171406015431907], "average_degree": [19.375, 19.367346938775512, 19.36, 19.352941176470587, 19.442307692307693, 19.433962264150942, 19.425925925925927, 19.418181818181818, 19.410714285714285, 19.403508771929825, 19.396551724137932, 19.389830508474578, 19.55, 19.540983606557376, 19.532258064516128, 19.523809523809526, 19.453125, 19.446153846153845, 19.439393939393938, 19.432835820895523, 19.514705882352942, 19.507246376811594, 19.5, 19.492957746478872, 19.51388888888889, 19.52054794520548, 19.5, 19.493333333333332, 19.486842105263158, 19.48051948051948, 19.474358974358974, 19.468354430379748, 19.55, 19.54320987654321, 19.536585365853657, 19.53012048192771, 19.547619047619047, 19.541176470588237, 19.53488372093023, 19.528735632183906, 19.568181818181817, 19.56179775280899, 19.555555555555557, 19.560439560439562], "pagerank": [0.22717065052952864, 0.22464692270284292, 0.22089565415302279, 0.21504501649848015, 0.17400010490792298, 0.17200079839425483, 0.16901123606556584, 0.16524862239545127, 0.1913392788259651, 0.189060902099761, 0.1845203230049627, 0.18171700248554928, 0.12176440270391221, 0.12063640522367322, 0.11852055884443845, 0.11603935255962324, 0.098037241392917, 0.09682897814462645, 0.09518033199180932, 0.09298392655849382, 0.13203981119191802, 0.13100450635633754, 0.12842350460040242, 0.126600569658314, 0.1669510433368914, 0.1657605832472322, 0.1635933534574128, 0.16145201845836668, 0.15741225109731305, 0.15607863301956815, 0.1547851763691798, 0.1521955382915169, 0.1869965019775974, 0.18594023501446708, 0.18397856286616623, 0.18090129399437646, 0.12957125104313605, 0.1290896777713942, 0.12763170711597874, 0.1254881064716064, 0.17336057986380568, 0.17205086779295486, 0.1702714235942322, 0.16812228148727304]}, "qwen_7b_instruct": {"clustering": [0.00594303659154602, 0.0058797215228308655, 0.005834570516473739, 0.005811465395834939, 0.004832983170118723], "average_degree": [19.333333333333332, 19.3265306122449, 19.3, 19.313725490196077, 19.423076923076923], "pagerank": [0.20810678712943678, 0.20441009531315682, 0.20127813090563265, 0.19737215256559779, 0.19299021835340477]}, "llama_1b_instruct": {"clustering": [0.007459982343634101, 0.007365532000629969, 0.007337767110160478], "average_degree": [19.08888888888889, 19.08695652173913, 19.06382978723404], "pagerank": [0.1817325629318658, 0.17788414808042236, 0.1734360765403409]}, "llama_8b_instruct": {"clustering": [0.003866859848269353, 0.003840678359831134, 0.003885804259025125], "average_degree": [19.355555555555554, 19.347826086956523, 19.340425531914892], "pagerank": [0.21800397925544895, 0.21312730482452438, 0.2075785767950249]}, "gemma_2b_instruct": {"clustering": [0.006553766326671983, 0.004771612126954314, 0.004735581574826371, 0.004707263788078469, 0.004721195935390757, 0.005192222972471789, 0.005141962177433224, 0.005166096965244526, 0.005167585983901067, 0.0036113139623381307, 0.0036239675987960163, 0.0035909529416870397, 0.003582694002890394], "average_degree": [19.176470588235293, 19.346153846153847, 19.339622641509433, 19.333333333333332, 19.327272727272728, 19.303571428571427, 19.29824561403509, 19.29310344827586, 19.28813559322034, 19.366666666666667, 19.360655737704917, 19.35483870967742, 19.349206349206348], "pagerank": [0.2014306006394365, 0.2026968491228099, 0.20061285813648833, 0.19664165104699263, 0.19227034060274906, 0.2061904594162696, 0.20418348358904143, 0.20049981182857157, 0.19616454340584674, 0.18420389421213035, 0.18227907534158838, 0.17917357142954535, 0.17546859989553618]}, "gemma_9b_instruct": {"clustering": [0.004637710351418668, 0.002831514282328296, 0.0028135463123419866], "average_degree": [19.333333333333332, 19.48076923076923, 19.471698113207548], "pagerank": [0.22377776208133537, 0.19957899776464819, 0.19746368869741746]}, "gemma_27b_instruct": {"clustering": [0.003442234892109403, 0.0021209101622510895, 0.002104221581707517, 0.002088778361905248, 0.002102414129298148, 0.0020531870675606968, 0.00203483559514027, 0.002049676183629556, 0.002056203764410063, 0.0020984158406789264, 0.002097672135767194, 0.002117054659785534, 0.0021355266999702315], "average_degree": [19.352941176470587, 19.48076923076923, 19.471698113207548, 19.462962962962962, 19.454545454545453, 19.446428571428573, 19.43859649122807, 19.43103448275862, 19.423728813559322, 19.516666666666666, 19.508196721311474, 19.5, 19.49206349206349], "pagerank": [0.23860109938495183, 0.20407618637516062, 0.202084879549282, 0.1975340308602608, 0.1936804557805849, 0.20895725096746956, 0.20659679356132085, 0.2030756582668155, 0.19853595547439343, 0.17120339872290782, 0.16866254125185023, 0.16639930039543616, 0.16234533653713337]}}