{"mistral_8b_instruct": {"clustering": [0.004461296949111779], "average_degree": [19.510204081632654], "pagerank": [0.4535501564073908]}, "mistral_24b_instruct": {"clustering": [0.0037925373375652643], "average_degree": [19.571428571428573], "pagerank": [0.45669583651316115]}, "qwen_1.5b_instruct": {"clustering": [0.006730520980545971, 0.0068190921257405635, 0.006900037991691424, 0.006957515277249159, 0.007020693894759383, 0.0071015186007814925, 0.007153888587226363, 0.007219093683589575, 0.00727416341575043, 0.007331206791235199, 0.007383781255588292], "average_degree": [19.416666666666668, 19.408163265306122, 19.4, 19.41176470588235, 19.423076923076923, 19.433962264150942, 19.444444444444443, 19.454545454545453, 19.464285714285715, 19.473684210526315, 19.482758620689655], "pagerank": [0.4363830670333048, 0.43618650232092265, 0.4360462249576773, 0.435862649307569, 0.43566625928724007, 0.43544764938156333, 0.4352769454571253, 0.43507346500771543, 0.4348479842037264, 0.43464455699902743, 0.4344326938531997]}, "qwen_3b_instruct": {"clustering": [0.0053334051519962, 0.005403495171447925], "average_degree": [19.541666666666668, 19.551020408163264], "pagerank": [0.4464368892233254, 0.44621692069327357]}, "qwen_7b_instruct": {"clustering": [0.007925784593829496, 0.008006947556710532], "average_degree": [19.458333333333332, 19.448979591836736], "pagerank": [0.42422491194271705, 0.4241003989430631]}, "llama_1b_instruct": {"clustering": [0.009181411169232694, 0.009250235406103695, 0.009325625228875882, 0.009380197085984818], "average_degree": [19.0, 19.0, 19.0, 19.0], "pagerank": [0.4061642886113713, 0.4058792353964102, 0.40557549368692186, 0.40536574733960395]}, "llama_8b_instruct": {"clustering": [0.004236654900302928, 0.004284088413024292, 0.004327259939299297, 0.004376977429795863], "average_degree": [19.183673469387756, 19.18, 19.19607843137255, 19.192307692307693], "pagerank": [0.4556141736432055, 0.45551890981586807, 0.45535646613321246, 0.4552365971330707]}, "gemma_2b_instruct": {"clustering": [0.006878221148379327, 0.006955170113481601, 0.007029348241619938, 0.007110710953367996, 0.007189988106286475, 0.007271025960075894, 0.007338849645676095, 0.007418491683750834, 0.007488382957159233], "average_degree": [19.15686274509804, 19.153846153846153, 19.150943396226417, 19.14814814814815, 19.145454545454545, 19.142857142857142, 19.140350877192983, 19.137931034482758, 19.135593220338983], "pagerank": [0.433747950866023, 0.4335112165930558, 0.4333190634523639, 0.43311590260529326, 0.4327959945607107, 0.4325326787523836, 0.4323307138252161, 0.4320223360095284, 0.4318555143434185]}, "gemma_9b_instruct": {"clustering": [0.003940650591129493, 0.003993646207382845, 0.004041837665654046, 0.004083587228985813, 0.004129943965671494, 0.004172468078939664, 0.004206634633224305, 0.004244370376045526, 0.0042789170566046265], "average_degree": [19.58823529411765, 19.596153846153847, 19.60377358490566, 19.61111111111111, 19.618181818181817, 19.625, 19.63157894736842, 19.637931034482758, 19.64406779661017], "pagerank": [0.4546847491937421, 0.4544985078186744, 0.454358535880598, 0.4542495993911481, 0.4541044193785764, 0.4539119225083901, 0.4537897455331111, 0.4536467423398534, 0.45355293332339075]}, "gemma_27b_instruct": {"clustering": [0.0033976505358221795, 0.00343100566986447, 0.0034724147855392136, 0.003506649855461214, 0.0035373498130637808, 0.0035717002449120903, 0.003606064601769368], "average_degree": [19.568627450980394, 19.576923076923077, 19.58490566037736, 19.59259259259259, 19.6, 19.607142857142858, 19.614035087719298], "pagerank": [0.4566349030985284, 0.45650048068923876, 0.4563773681802749, 0.45619833864762904, 0.4560606907217374, 0.4559586434419752, 0.4557930046427062]}}