{"gemma_2b_instruct": {"clustering": [0.006338948646737395, 0.005220310650254325, 0.004350258875211937, 0.003714995151706841, 0.005179442901016705, 0.004965928412612705], "average_shortest_path_length": [0.0002018348396866827, 0.0, 0.0, 0.0, 0.0001678248878485077, 0.0003005534621644755], "average_degree": [15.0, 16.0, 17.0, 18.0, 19.0, 19.0], "connectivity": [1.0, 1.0, 1.0, 1.0, 1.0, 1.0], "sparseness": [1.0, 1.0, 1.0, 1.0, 1.0, 0.95], "hubs": [16.0, 17.0, 18.0, 19.0, 20.0, 13.0], "clusters": [3.0, 3.0, 4.0, 4.0, 2.0, 2.0], "communities": [3.0, 3.0, 4.0, 4.0, 2.0, 2.0], "fourier": [1.373249445818081, 1.2924700666523117, 1.2673324434710775, 1.248632407615256, 1.5213672352358494, 1.4489211764150947], "commute_time_efficiency": [1.0, 1.0, 1.0, 1.0, 1.0, 0.9976190476190476], "pagerank": [0.27884192036178174, 0.26916813922858474, 0.2529406329279259, 0.23642022434627957, 0.21762844983957333, 0.2116744997267316], "eigenvector_centrality": [0.9243296246630905, 0.9243941072585893, 0.9244582466377185, 0.9243640848185083, 0.9240213602695636, 0.9238253267849024], "cycle_count": [105.0, 120.0, 136.0, 153.0, 171.0, 189.0]}, "gemma_9b_instruct": {"clustering": [0.004086798876698702, 0.0033655990749283434, 0.00280466589577362, 0.0024210817540298206], "average_shortest_path_length": [0.0001012650881181805, 0.0, 0.0, 0.0], "average_degree": [15.0, 16.0, 17.0, 18.0], "connectivity": [1.0, 1.0, 1.0, 1.0], "sparseness": [1.0, 1.0, 1.0, 1.0], "hubs": [16.0, 17.0, 18.0, 19.0], "clusters": [3.0, 3.0, 4.0, 4.0], "communities": [3.0, 3.0, 4.0, 4.0], "fourier": [1.4656502119791452, 1.379435493627431, 1.3596953996381618, 1.3620810814688022], "commute_time_efficiency": [1.0, 1.0, 1.0, 1.0], "pagerank": [0.2949622867030328, 0.28439019180179975, 0.2667153337766101, 0.2491105521658693], "eigenvector_centrality": [0.8909865890882253, 0.8908787678741055, 0.890822060917088, 0.8908972642386528], "cycle_count": [105.0, 120.0, 136.0, 153.0]}}