{"gemma_2b_instruct": {"clustering": [0.006739051371382412, 0.006483365308214132, 0.0050039320548031715, 0.004830099320677535, 0.004652548924287881, 0.004536600253990373, 0.004223698044271213, 0.0041503134347987795, 0.003983738271409064, 0.0038356721086657297], "average_shortest_path_length": [0.0031824338577685243, 0.0030591751467017713, 0.0031138163549079847, 0.002947144235842334, 0.002855987774965092, 0.0027717988725456475, 0.008514783726754889, 0.008141878514724674, 0.00790632301570921, 0.007674538214432317], "average_degree": [19.03846153846154, 19.037037037037038, 19.071428571428573, 19.06896551724138, 19.066666666666666, 19.06451612903226, 19.09375, 19.09090909090909, 19.08823529411765, 19.085714285714285], "connectivity": [1.0, 1.0, 1.0, 1.0, 1.0, 1.0, 1.0, 1.0, 1.0, 1.0], "sparseness": [0.7615384615384615, 0.7321937321937322, 0.7063492063492064, 0.6810344827586207, 0.6574712643678161, 0.635483870967742, 0.6159274193548387, 0.5965909090909091, 0.5784313725490197, 0.561344537815126], "hubs": [3.0, 3.0, 3.0, 3.0, 3.0, 6.0, 5.0, 4.0, 4.0, 4.0], "clusters": [4.0, 4.0, 5.0, 5.0, 6.0, 6.0, 6.0, 6.0, 6.0, 6.0], "communities": [4.0, 4.0, 5.0, 5.0, 6.0, 6.0, 6.0, 6.0, 6.0, 6.0], "fourier": [1.4504667439174894, 1.429986272506343, 1.537758399955783, 1.4847322482331697, 1.459849953426985, 1.4445078360580568, 1.3188026363099021, 1.2788236565781932, 1.2528691408550705, 1.2385089005452123], "commute_time_efficiency": [0.9569230769230769, 0.9558404558404558, 0.9047619047619048, 0.9100985221674877, 0.9149425287356322, 0.9129032258064517, 0.8709677419354839, 0.8740530303030303, 0.8734402852049911, 0.8722689075630252], "pagerank": [0.19468304415175153, 0.18681883641053043, 0.21001409109893643, 0.20587317369002608, 0.19862160529212264, 0.19096120096712496, 0.17790927612017432, 0.17446743514980925, 0.1685903763448716, 0.16157484438559377], "eigenvector_centrality": [0.8866731603661556, 0.8868887712498991, 0.759803592639848, 0.7534120202935329, 0.758950237459751, 0.7556174550132555, 0.7669576383114721, 0.7691994136194633, 0.7694258419381231, 0.7665833224243489], "cycle_count": [272.0, 294.0, 279.0, 305.0, 332.0, 354.0, 337.0, 363.0, 386.0, 409.0]}, "gemma_9b_instruct": {"clustering": [0.003566870035801974, 0.003465716681972778, 0.002247845702911154], "average_shortest_path_length": [0.004908691112069202, 0.004799443334841893, 0.0025291681403212802], "average_degree": [19.076923076923077, 19.074074074074073, 19.178571428571427], "connectivity": [1.0, 1.0, 1.0], "sparseness": [0.7630769230769231, 0.7336182336182336, 0.7103174603174603], "hubs": [4.0, 3.0, 3.0], "clusters": [3.0, 3.0, 3.0], "communities": [3.0, 3.0, 3.0], "fourier": [1.5389950798190446, 1.5244982424631635, 1.5855817710568272], "commute_time_efficiency": [0.9584615384615385, 0.9572649572649573, 0.906084656084656], "pagerank": [0.19753878556864446, 0.18928978507278604, 0.21765251390296136], "eigenvector_centrality": [0.9843731417024396, 0.9844457220965419, 0.7005933787347948], "cycle_count": [273.0, 295.0, 280.0]}}