{"mistral_8b_instruct": {"clustering": [0.005997509501955195], "average_degree": [19.674418604651162], "pagerank": [0.44820957443679693]}, "mistral_24b_instruct": {"clustering": [0.005339352415974579, 0.005369553526001947, 0.005398897249232478, 0.005423537762808767, 0.005453481626546094, 0.005475892685002048, 0.00549799406341505, 0.005532035167532198, 0.005519430554417434, 0.005577168225127, 0.00557346836516931, 0.005610301732544205, 0.005642850099079602, 0.005657345557452908, 0.005676794089060118, 0.0057021360987017594, 0.005693321143349307, 0.005742729296149752], "average_degree": [19.72093023255814, 19.724137931034484, 19.727272727272727, 19.730337078651687, 19.744444444444444, 19.736263736263737, 19.73913043478261, 19.741935483870968, 19.74468085106383, 19.74736842105263, 19.75, 19.75257731958763, 19.755102040816325, 19.757575757575758, 19.76, 19.762376237623762, 19.764705882352942, 19.766990291262136], "pagerank": [0.45093006271275277, 0.45083855896307506, 0.45075646154008225, 0.4506817872661369, 0.45067501785646275, 0.45053793408598064, 0.45043668717169183, 0.45037905796346683, 0.4503002310063016, 0.45022720409810735, 0.4502455945268182, 0.45010191157325796, 0.4500299711397636, 0.4499674929042101, 0.449896114251045, 0.44981675587948405, 0.44974895731565623, 0.449682283035267]}, "qwen_1.5b_instruct": {"clustering": [0.008964290077433643, 0.009036636948658479, 0.00904457107870135, 0.009093290645956102, 0.00911192124317499, 0.009131034027042755, 0.009183658288821693, 0.00918261380989472, 0.00924030349010442, 0.009265710499850548, 0.009256597217422778, 0.00931803000859182, 0.009314764474963308, 0.009345085097313034, 0.009380295496564326, 0.00939644585207615, 0.009410201066171055], "average_degree": [19.142857142857142, 19.141176470588235, 19.13953488372093, 19.137931034482758, 19.136363636363637, 19.134831460674157, 19.133333333333333, 19.13186813186813, 19.130434782608695, 19.129032258064516, 19.127659574468087, 19.126315789473683, 19.125, 19.123711340206185, 19.122448979591837, 19.13131313131313, 19.14], "pagerank": [0.42636837674823347, 0.42626722726477906, 0.42626514325036835, 0.4262183595780481, 0.42616485623855455, 0.42620295315286644, 0.4261505304573936, 0.4261136577308719, 0.42606237588138524, 0.4260637794949984, 0.4260290678856193, 0.42598057401303363, 0.4259819962899534, 0.42592914641850055, 0.42589304882789164, 0.42584639084090387, 0.42577435396360785]}, "qwen_3b_instruct": {"clustering": [0.006395768117045029, 0.00643596006285259, 0.006470599890069253], "average_degree": [19.654761904761905, 19.658823529411766, 19.662790697674417], "pagerank": [0.4423661809950653, 0.4422940622539632, 0.4421826651425067]}, "qwen_7b_instruct": {"clustering": [0.0097908221153498, 0.009842476657601743, 0.009871155258886249], "average_degree": [19.226190476190474, 19.223529411764705, 19.232558139534884], "pagerank": [0.419177828818163, 0.41925328314018334, 0.4191314814698024]}, "llama_1b_instruct": {"clustering": [0.012011586453217465, 0.01203113859920649, 0.012094454418666842, 0.012143007110903803, 0.012177846956670606, 0.012158423849062527, 0.012231544830471855, 0.012232934106600184, 0.012296841296863256, 0.012251246985417328, 0.012333955044010225, 0.01232370878955911, 0.01235400397318151, 0.012390836449568456, 0.012387318467175402, 0.012382742557799111, 0.012421113932733461, 0.012354229800697284, 0.012412116092023641, 0.012383186960404201, 0.012376159594415107, 0.012407611487729064, 0.012378079233723088, 0.01235883260942737], "average_degree": [19.0, 19.0, 19.0, 19.0, 19.0, 19.0, 19.0, 19.0, 19.0, 19.0, 19.0, 19.0, 19.0, 19.0, 19.0, 19.0, 19.0, 19.0, 19.0, 19.0, 19.0, 19.0, 19.0, 19.0], "pagerank": [0.393509733642769, 0.3933784225570906, 0.3932783713764825, 0.3931367705305781, 0.3930277514830178, 0.39287664847679504, 0.39266953846790303, 0.3925747033247463, 0.3924900015185682, 0.3924449255672661, 0.39232888385697157, 0.3921820115969672, 0.3920652519845096, 0.39198916355498453, 0.39198034183361374, 0.3919293411788719, 0.39186371499378375, 0.39192267949427934, 0.3918770852250973, 0.39185101765551694, 0.39194478723040144, 0.39190736906015144, 0.39189839263589843, 0.3918947144829527]}, "llama_8b_instruct": {"clustering": [0.005858113741037017, 0.005908632594558332, 0.00592388357315613], "average_degree": [19.188235294117646, 19.186046511627907, 19.183908045977013], "pagerank": [0.45007241289173056, 0.4500158604724001, 0.44996639736844574]}, "gemma_2b_instruct": {"clustering": [0.009640124879496573, 0.009641414351280573, 0.009665761719942989], "average_degree": [19.0, 19.0, 19.0], "pagerank": [0.42081654300353255, 0.42076844721274337, 0.42075101342789684]}, "gemma_9b_instruct": {"clustering": [0.005193798618076564, 0.005210292547588259, 0.005230977511059017], "average_degree": [19.701149425287355, 19.704545454545453, 19.707865168539325], "pagerank": [0.44984780039527666, 0.4497657384405577, 0.44971150188468517]}, "gemma_27b_instruct": {"clustering": [0.004612235823054028, 0.004633550449139632, 0.004661114176226712], "average_degree": [19.71264367816092, 19.71590909090909, 19.719101123595507], "pagerank": [0.45078250894682903, 0.45070022504996926, 0.45060203396844484]}}