{"mistral_8b_instruct": {"clustering": [0.004071520702681962, 0.004122863208080473], "average_degree": [19.489795918367346, 19.5], "pagerank": [0.45579511801385514, 0.4555997603318673]}, "mistral_24b_instruct": {"clustering": [0.003755928822657902], "average_degree": [19.571428571428573], "pagerank": [0.4569043071775435]}, "qwen_1.5b_instruct": {"clustering": [0.006761663246412444, 0.006850717245773127], "average_degree": [19.416666666666668, 19.408163265306122], "pagerank": [0.4361466569924118, 0.4359333867576919]}, "qwen_3b_instruct": {"clustering": [0.0052393039179635175, 0.005302774352187494], "average_degree": [19.541666666666668, 19.551020408163264], "pagerank": [0.4469821076481277, 0.4468604601329574]}, "qwen_7b_instruct": {"clustering": [0.007830032534282856, 0.007924028045881172], "average_degree": [19.4375, 19.428571428571427], "pagerank": [0.4246573301012308, 0.42446252550424574]}, "llama_1b_instruct": {"clustering": [0.009229437558991584, 0.00929083521554761, 0.009362481172280166, 0.009397617746786413, 0.009454329697910338, 0.009522217347704202, 0.009577571627848204, 0.00961586821588807, 0.009617565713213254, 0.00964686610742141, 0.009699062674714787, 0.009670206620386085, 0.00969943204447069, 0.009743150107810182, 0.0098133538174913, 0.009819501299946453, 0.009867290210080183, 0.009894466504900777, 0.009948759898097929, 0.009989174610799212, 0.009974512770839227, 0.009970628128342486, 0.00996181426497588, 0.009976188444679164, 0.00992506745611703, 0.009907173899117813, 0.00989860544521171], "average_degree": [19.0, 19.0, 19.0, 19.0, 19.0, 19.0, 19.0, 19.0, 19.0, 19.0, 19.0, 19.0, 19.0, 19.0, 19.0, 19.0, 19.0, 19.0, 19.0, 19.0, 19.0, 19.0, 19.0, 19.0, 19.0, 19.0, 19.0], "pagerank": [0.40581468616202604, 0.4055967492494555, 0.4053920734628624, 0.40523006244249077, 0.40492454497661445, 0.40471600766802585, 0.4045107940196014, 0.40453568730676576, 0.4044665714365039, 0.4045303289827241, 0.4043915453626979, 0.40425606599869895, 0.40414120829648803, 0.4040182888655255, 0.4037818907016828, 0.4038586060912602, 0.4040795886182177, 0.40384342581968635, 0.4038425509543171, 0.4037724016552414, 0.4037874008330264, 0.40372863984808066, 0.4034762854331752, 0.40342924411924513, 0.40359049792292173, 0.40357849734552437, 0.4035379346030309]}, "llama_8b_instruct": {"clustering": [0.004325097812438092, 0.004367003382250126, 0.004418129710643732, 0.0044685448649011295, 0.004500138477372518, 0.004544743771109437, 0.004585742207544831, 0.004624221550052064, 0.004655429454043384, 0.004717451302323991, 0.004738851259437051, 0.004787162857085117, 0.004817634939322865, 0.0048582830247724555, 0.004894760521322156, 0.004935144952302044, 0.004971143045966831, 0.005002457044128901, 0.005033671491052541, 0.005054617627438328, 0.00508087837948406, 0.005103572044805294, 0.005124887614538088, 0.005162505199146093, 0.005181121414096682, 0.005191506195906815, 0.005235576547621828, 0.005266822022009862, 0.005286547813490626, 0.005323298308846913, 0.00534222939876457, 0.005358763374389644, 0.005378925625220758, 0.005396964019772948], "average_degree": [19.20408163265306, 19.2, 19.19607843137255, 19.192307692307693, 19.18867924528302, 19.203703703703702, 19.21818181818182, 19.214285714285715, 19.24561403508772, 19.24137931034483, 19.271186440677965, 19.266666666666666, 19.278688524590162, 19.29032258064516, 19.317460317460316, 19.3125, 19.323076923076922, 19.333333333333332, 19.34328358208955, 19.352941176470587, 19.36231884057971, 19.37142857142857, 19.3943661971831, 19.38888888888889, 19.410958904109588, 19.41891891891892, 19.413333333333334, 19.42105263157895, 19.428571428571427, 19.435897435897434, 19.443037974683545, 19.4375, 19.444444444444443, 19.451219512195124], "pagerank": [0.4552522897336434, 0.4551472895996381, 0.45497918076661137, 0.45485926472747223, 0.4547602888609633, 0.4545587555744117, 0.45442824310823177, 0.4543008957428507, 0.45417804335208606, 0.45401417063836996, 0.4539212519922392, 0.4537950584567046, 0.4536991668046991, 0.4535378140469341, 0.45340557970262596, 0.4532990968459205, 0.45324172607246666, 0.4531198192562433, 0.4529692345547193, 0.45290641956150934, 0.4528187135007207, 0.45272092482251786, 0.45257636023529313, 0.4525130549928141, 0.4523769740150678, 0.45234850725267695, 0.4522665702257108, 0.45217562414687323, 0.45209126081859935, 0.4520095901394787, 0.4519287302223481, 0.4518795205324459, 0.4518238302336958, 0.45176888365710205]}, "gemma_2b_instruct": {"clustering": [0.006903500465567706, 0.006998461208743929, 0.007095791271338646, 0.007184877264869624, 0.0072764746902348925, 0.007356205776190255, 0.007412974240200637], "average_degree": [19.0, 19.0, 19.0, 19.0, 19.0, 19.0, 19.0], "pagerank": [0.43402751570677833, 0.43383659462340285, 0.43366324258285394, 0.43338546221594687, 0.43311559257585497, 0.4328346811563018, 0.4326816881561293]}, "gemma_9b_instruct": {"clustering": [0.0038904185469090576, 0.003939408355341361, 0.0039824651751107255], "average_degree": [19.58, 19.58823529411765, 19.596153846153847], "pagerank": [0.4549881658827774, 0.4548726167050431, 0.4547605245186519]}, "gemma_27b_instruct": {"clustering": [0.003302519364881026, 0.003342543096915867, 0.0033918687503348773, 0.003426597835181818, 0.003472158864256553], "average_degree": [19.6, 19.607843137254903, 19.596153846153847, 19.60377358490566, 19.61111111111111], "pagerank": [0.4568461869453659, 0.4567299300742998, 0.45652661069650613, 0.45642658882234377, 0.45620756482627084]}}