{"gemma_2b_instruct": {"clustering": [0.0, 0.0, 0.0, 0.0, 0.0, 0.0, 0.0, 0.0, 0.0, 0.0, 0.0, 0.0, 0.0, 0.0, 0.0, 0.0, 0.0, 0.0, 0.0, 0.0, 0.0, 0.0, 0.0, 0.0, 0.0, 0.0, 0.0, 0.0, 0.0, 0.0, 0.0, 0.0, 0.0, 0.0, 0.0, 0.0, 0.0, 0.0, 0.0, 0.0, 0.0, 0.0, 0.0, 0.0, 0.0, 0.0, 0.0, 0.0, 0.0, 0.0], "average_shortest_path_length": [Infinity, Infinity, Infinity, Infinity, Infinity, Infinity, Infinity, Infinity, Infinity, Infinity, Infinity, Infinity, Infinity, Infinity, Infinity, Infinity, Infinity, Infinity, Infinity, Infinity, Infinity, Infinity, Infinity, Infinity, Infinity, Infinity, Infinity, Infinity, Infinity, Infinity, Infinity, Infinity, Infinity, Infinity, Infinity, Infinity, Infinity, Infinity, Infinity, Infinity, Infinity, Infinity, Infinity, Infinity, Infinity, Infinity, Infinity, Infinity, Infinity, Infinity], "average_degree": [0.18421052631578946, 0.1794871794871795, 0.175, 0.17073170731707318, 0.16666666666666666, 0.16279069767441862, 0.1590909090909091, 0.15555555555555556, 0.15217391304347827, 0.14893617021276595, 0.14583333333333334, 0.14285714285714285, 0.14, 0.13725490196078433, 0.1346153846153846, 0.1320754716981132, 0.12962962962962962, 0.12727272727272726, 0.125, 0.12280701754385964, 0.1206896551724138, 0.11864406779661017, 0.11666666666666667, 0.11475409836065574, 0.11290322580645161, 0.1111111111111111, 0.109375, 0.1076923076923077, 0.10606060606060606, 0.1044776119402985, 0.10294117647058823, 0.10144927536231885, 0.1, 0.09859154929577464, 0.09722222222222222, 0.0958904109589041, 0.0945945945945946, 0.09333333333333334, 0.09210526315789473, 0.09090909090909091, 0.08974358974358974, 0.08860759493670886, 0.0875, 0.08641975308641975, 0.08536585365853659, 0.08433734939759036, 0.08333333333333333, 0.08235294117647059, 0.08139534883720931, 0.08045977011494253], "connectivity": [38.0, 39.0, 40.0, 41.0, 42.0, 43.0, 44.0, 45.0, 46.0, 47.0, 48.0, 49.0, 50.0, 51.0, 52.0, 53.0, 54.0, 55.0, 56.0, 57.0, 58.0, 59.0, 60.0, 61.0, 62.0, 63.0, 64.0, 65.0, 66.0, 67.0, 68.0, 69.0, 70.0, 71.0, 72.0, 73.0, 74.0, 75.0, 76.0, 77.0, 78.0, 79.0, 80.0, 81.0, 82.0, 83.0, 84.0, 85.0, 86.0, 87.0], "sparseness": [0.004978662873399715, 0.004723346828609987, 0.004487179487179487, 0.00426829268292683, 0.0040650406504065045, 0.003875968992248062, 0.0036997885835095136, 0.0035353535353535356, 0.003381642512077295, 0.0032377428307123032, 0.0031028368794326243, 0.002976190476190476, 0.002857142857142857, 0.0027450980392156863, 0.0026395173453996985, 0.0025399129172714078, 0.002445842068483578, 0.0023569023569023568, 0.0022727272727272726, 0.0021929824561403508, 0.002117362371445856, 0.0020455873758036236, 0.0019774011299435027, 0.001912568306010929, 0.0018508725542041248, 0.0017921146953405018, 0.001736111111111111, 0.0016826923076923078, 0.0016317016317016317, 0.001582994120307553, 0.0015364354697102723, 0.0014919011082693947, 0.0014492753623188406, 0.0014084507042253522, 0.0013693270735524257, 0.0013318112633181126, 0.001295816364309515, 0.0012612612612612612, 0.0012280701754385965, 0.0011961722488038277, 0.0011655011655011655, 0.0011359948068808828, 0.0011075949367088608, 0.0010802469135802468, 0.0010538994278831678, 0.001028504260946224, 0.001004016064257028, 0.000980392156862745, 0.0009575923392612859, 0.0009355787222667736], "hubs": [8.0, 8.0, 8.0, 8.0, 8.0, 8.0, 8.0, 8.0, 8.0, 8.0, 8.0, 8.0, 8.0, 8.0, 8.0, 8.0, 8.0, 8.0, 8.0, 8.0, 8.0, 8.0, 8.0, 8.0, 8.0, 8.0, 8.0, 8.0, 8.0, 8.0, 8.0, 8.0, 8.0, 8.0, 8.0, 8.0, 8.0, 8.0, 8.0, 8.0, 8.0, 8.0, 8.0, 81.0, 82.0, 83.0, 84.0, 85.0, 86.0, 87.0], "clusters": [31.0, 32.0, 33.0, 34.0, 35.0, 36.0, 37.0, 38.0, 39.0, 40.0, 41.0, 42.0, 43.0, 44.0, 45.0, 46.0, 47.0, 48.0, 49.0, 50.0, 51.0, 52.0, 53.0, 54.0, 55.0, 56.0, 57.0, 58.0, 59.0, 60.0, 61.0, 62.0, 63.0, 64.0, 65.0, 66.0, 67.0, 68.0, 69.0, 70.0, 71.0, 72.0, 73.0, 74.0, 75.0, 76.0, 77.0, 78.0, 79.0, 80.0], "communities": [31.0, 32.0, 33.0, 34.0, 35.0, 36.0, 37.0, 38.0, 39.0, 40.0, 41.0, 42.0, 43.0, 44.0, 45.0, 46.0, 47.0, 48.0, 49.0, 50.0, 51.0, 52.0, 53.0, 54.0, 55.0, 56.0, 57.0, 58.0, 59.0, 60.0, 61.0, 62.0, 63.0, 64.0, 65.0, 66.0, 67.0, 68.0, 69.0, 70.0, 71.0, 72.0, 73.0, 74.0, 75.0, 76.0, 77.0, 78.0, 79.0, 80.0], "fourier": [0.24473144990624204, 0.2384562845240307, 0.23249487741092995, 0.2268242706448097, 0.22142369277231422, 0.2162743045683069, 0.21135897946448176, 0.20666211325415995, 0.20216945861819993, 0.19786798077525952, 0.19374573117577495, 0.18979173666198362, 0.18599590192874393, 0.1823489234595529, 0.17884221339302303, 0.175467832008249, 0.17221842771179996, 0.16908718357158542, 0.16606776957923566, 0.1631542999374947, 0.16034129476615858, 0.15762364570232537, 0.15499658494061996, 0.15245565731864258, 0.14999669510382577, 0.1476157951815428, 0.1453092983818312, 0.14307377071441843, 0.1409059863096545, 0.13880291188712235, 0.13676169259466467, 0.13477963907879997, 0.13285421566338854, 0.13098302952728447, 0.12916382078384997, 0.127394453375852, 0.12567290670861078, 0.12399726795249597, 0.12236572495312106, 0.12077655969398962, 0.11922814226201539, 0.11771892527135698, 0.11624743870546501, 0.11481228514120001, 0.11341213532240489, 0.11204572405346025, 0.11071184638615715, 0.10940935407573178, 0.10813715228415349, 0.10689419651077242], "commute_time_efficiency": [0.024893314366998577, 0.023616734143049933, 0.022435897435897436, 0.021341463414634148, 0.02032520325203252, 0.01937984496124031, 0.01849894291754757, 0.017676767676767676, 0.016908212560386472, 0.016188714153561518, 0.01551418439716312, 0.01488095238095238, 0.014285714285714285, 0.013725490196078431, 0.013197586726998492, 0.01269956458635704, 0.01222921034241789, 0.011784511784511785, 0.011363636363636364, 0.010964912280701754, 0.01058681185722928, 0.010227936879018119, 0.009887005649717515, 0.009562841530054645, 0.009254362771020624, 0.008960573476702509, 0.008680555555555556, 0.008413461538461538, 0.008158508158508158, 0.007914970601537766, 0.007682177348551361, 0.007459505541346973, 0.007246376811594203, 0.007042253521126761, 0.006846635367762128, 0.006659056316590563, 0.006479081821547575, 0.006306306306306306, 0.0061403508771929825, 0.005980861244019139, 0.005827505827505828, 0.005679974034404414, 0.005537974683544304, 0.005401234567901234, 0.005269497139415839, 0.005142521304731119, 0.0050200803212851405, 0.004901960784313725, 0.0047879616963064295, 0.004677893611333868], "pagerank": [0.1581323008895892, 0.1546146138930059, 0.15124999251483665, 0.14802866402501952, 0.1449416693977678, 0.14198078052498286, 0.1391384272981568, 0.13640763322159305, 0.13378195842083357, 0.13125544907837675, 0.12882259246986202, 0.12647827689251556, 0.12422053884328708, 0.12203908834624393, 0.11993295012108611, 0.11789828837669296, 0.11593152368882455, 0.11402931190209033, 0.11218852508664133, 0.11040623431903536, 0.10867969408596329, 0.10700632813464356, 0.10538371661531043, 0.10380958437987274, 0.10228179031698922, 0.10079831761780694, 0.0993572648788047, 0.09795683795880518, 0.09659534251650784, 0.09527117716300336, 0.09398282717087698, 0.0927288586877619, 0.09150791340772323, 0.09031870365871666, 0.08916000786867924, 0.08803066637659873, 0.08692957755830961, 0.08585569423974074, 0.08480511792441678, 0.08378288867235477, 0.08278500434504024, 0.08181060581797372, 0.0808588738972492, 0.07992902702833336, 0.07902031916062591, 0.0781320377556048, 0.0772635019274336, 0.07641406070588228, 0.07558309141229015, 0.07476999814009067], "eigenvector_centrality": [0.0, 0.0, 0.0, 0.0, 0.0, 0.0, 0.0, 0.0, 0.0, 0.0, 0.0, 0.0, 0.0, 0.0, 0.0, 0.0, 0.0, 0.0, 0.0, 0.0, 0.0, 0.0, 0.0, 0.0, 0.0, 0.0, 0.0, 0.0, 0.0, 0.0, 0.0, 0.0, 0.0, 0.0, 0.0, 0.0, 0.0, 0.0, 0.0, 0.0, 0.0, 0.0, 0.0, 0.0, 0.0, 0.0, 0.0, 0.0, 0.0, 0.0], "cycle_count": [0.0, 0.0, 0.0, 0.0, 0.0, 0.0, 0.0, 0.0, 0.0, 0.0, 0.0, 0.0, 0.0, 0.0, 0.0, 0.0, 0.0, 0.0, 0.0, 0.0, 0.0, 0.0, 0.0, 0.0, 0.0, 0.0, 0.0, 0.0, 0.0, 0.0, 0.0, 0.0, 0.0, 0.0, 0.0, 0.0, 0.0, 0.0, 0.0, 0.0, 0.0, 0.0, 0.0, 0.0, 0.0, 0.0, 0.0, 0.0, 0.0, 0.0]},