{"gemma_2b_instruct": {"clustering": [0.05190073140810618, 0.050561276825839975, 0.04928944496749531, 0.04808022441475516, 0.04692908857653837, 0.04583193826034888, 0.04478505224238935, 0.0437850445623945, 0.04282882749654055, 0.041913579344405025, 0.04103671631339638, 0.04019586790373503, 0.03938885529465607, 0.03861367231246281, 0.03786846862686657, 0.03715153487643638, 0.03646128946911709, 0.03579626684137589, 0.035155106990979325, 0.03453654612478918, 0.03393940828518441, 0.033362597837488184, 0.0328050927166888, 0.032265938345268474, 0.03174424214548568, 0.031239168579317026, 0.030749934657718487, 0.030275805868132822, 0.029816092475433445, 0.02937014615690558, 0.028937356936551667, 0.028517150388075337, 0.02810898507943641, 0.027712350234954306, 0.027326763593631995, 0.02695176944473189, 0.026586936823704367, 0.026231857853387833, 0.025886146217000697, 0.025549962499896793, 0.025222398878103243, 0.024903128006228518, 0.024591331910200246, 0.024287253992433394, 0.023990610892280415, 0.023701567387554145, 0.023419405871035644, 0.02314388344902346, 0.022874768525197608, 0.02261184015134476], "average_shortest_path_length": [Infinity, Infinity, Infinity, Infinity, Infinity, Infinity, Infinity, Infinity, Infinity, Infinity, Infinity, Infinity, Infinity, Infinity, Infinity, Infinity, Infinity, Infinity, Infinity, Infinity, Infinity, Infinity, Infinity, Infinity, Infinity, Infinity, Infinity, Infinity, Infinity, Infinity, Infinity, Infinity, Infinity, Infinity, Infinity, Infinity, Infinity, Infinity, Infinity, Infinity, Infinity, Infinity, Infinity, Infinity, Infinity, Infinity, Infinity, Infinity, Infinity, Infinity], "average_degree": [1.4736842105263157, 1.4615384615384615, 1.45, 1.4390243902439024, 1.4285714285714286, 1.4186046511627908, 1.4090909090909092, 1.4, 1.391304347826087, 1.3829787234042554, 1.375, 1.3673469387755102, 1.36, 1.3529411764705883, 1.3461538461538463, 1.3396226415094339, 1.3333333333333333, 1.3272727272727274, 1.3214285714285714, 1.3157894736842106, 1.3103448275862069, 1.305084745762712, 1.3, 1.2950819672131149, 1.2903225806451613, 1.2857142857142858, 1.28125, 1.2769230769230768, 1.2727272727272727, 1.2686567164179106, 1.2647058823529411, 1.2608695652173914, 1.2571428571428571, 1.2535211267605635, 1.25, 1.2465753424657535, 1.2432432432432432, 1.24, 1.236842105263158, 1.2207792207792207, 1.205128205128205, 1.1898734177215189, 1.1875, 1.1851851851851851, 1.1829268292682926, 1.1686746987951808, 1.1547619047619047, 1.1411764705882352, 1.127906976744186, 1.1149425287356323], "connectivity": [38.0, 39.0, 40.0, 41.0, 42.0, 43.0, 44.0, 45.0, 46.0, 47.0, 48.0, 49.0, 50.0, 51.0, 52.0, 53.0, 54.0, 55.0, 56.0, 57.0, 58.0, 59.0, 60.0, 61.0, 62.0, 63.0, 64.0, 65.0, 66.0, 67.0, 68.0, 69.0, 70.0, 71.0, 72.0, 73.0, 74.0, 75.0, 76.0, 77.0, 78.0, 79.0, 80.0, 81.0, 82.0, 83.0, 84.0, 85.0, 86.0, 87.0], "sparseness": [0.03982930298719772, 0.038461538461538464, 0.03717948717948718, 0.03597560975609756, 0.03484320557491289, 0.033776301218161685, 0.03276955602536998, 0.031818181818181815, 0.030917874396135265, 0.030064754856614247, 0.02925531914893617, 0.02848639455782313, 0.027755102040816326, 0.027058823529411764, 0.026395173453996983, 0.02576197387518142, 0.025157232704402517, 0.02457912457912458, 0.024025974025974027, 0.023496240601503758, 0.022988505747126436, 0.02250146113383986, 0.022033898305084745, 0.021584699453551914, 0.021152829190904283, 0.020737327188940093, 0.020337301587301588, 0.019951923076923075, 0.019580419580419582, 0.01922207146087743, 0.01887620719929763, 0.01854219948849105, 0.018219461697722567, 0.01790744466800805, 0.017605633802816902, 0.017313546423135463, 0.017030729359496483, 0.016756756756756756, 0.01649122807017544, 0.016062884483937116, 0.015651015651015652, 0.01525478740668614, 0.015031645569620253, 0.014814814814814815, 0.014604034929238181, 0.01425213047311196, 0.013912794033275961, 0.013585434173669468, 0.013269493844049247, 0.012964448008553862], "hubs": [11.0, 11.0, 11.0, 11.0, 11.0, 11.0, 11.0, 11.0, 11.0, 11.0, 11.0, 11.0, 11.0, 11.0, 11.0, 11.0, 11.0, 11.0, 11.0, 11.0, 11.0, 11.0, 11.0, 11.0, 11.0, 11.0, 11.0, 11.0, 11.0, 11.0, 11.0, 11.0, 11.0, 11.0, 11.0, 11.0, 11.0, 11.0, 11.0, 11.0, 11.0, 11.0, 11.0, 11.0, 11.0, 11.0, 11.0, 11.0, 11.0, 11.0], "clusters": [1.0, 1.0, 1.0, 1.0, 1.0, 1.0, 1.0, 1.0, 1.0, 1.0, 1.0, 1.0, 1.0, 1.0, 1.0, 1.0, 1.0, 1.0, 1.0, 1.0, 1.0, 1.0, 1.0, 1.0, 1.0, 1.0, 1.0, 1.0, 1.0, 1.0, 1.0, 1.0, 1.0, 1.0, 1.0, 1.0, 1.0, 1.0, 1.0, 2.0, 3.0, 4.0, 4.0, 4.0, 4.0, 5.0, 6.0, 7.0, 8.0, 9.0], "communities": [1.0, 1.0, 1.0, 1.0, 1.0, 1.0, 1.0, 1.0, 1.0, 1.0, 1.0, 1.0, 1.0, 1.0, 1.0, 1.0, 1.0, 1.0, 1.0, 1.0, 1.0, 1.0, 1.0, 1.0, 1.0, 1.0, 1.0, 1.0, 1.0, 1.0, 1.0, 1.0, 1.0, 1.0, 1.0, 1.0, 1.0, 1.0, 1.0, 2.0, 3.0, 4.0, 4.0, 4.0, 4.0, 5.0, 6.0, 7.0, 8.0, 9.0], "fourier": [0.7066699385096488, 0.696400697966435, 0.6864789454785518, 0.6764398034037564, 0.6667414025436259, 0.6574162502016105, 0.6486347174915933, 0.640097707289702, 0.6317893426951439, 0.6239995514066229, 0.6164061027105959, 0.60895417556035, 0.6017042336058741, 0.5947256905360081, 0.5879633277951503, 0.5812961704239288, 0.5747763062911679, 0.5683688574609623, 0.5623050144895384, 0.5563031498318328, 0.550476789274383, 0.5450416031106983, 0.5397256260690251, 0.5346458842508388, 0.5297826611408736, 0.525135895152285, 0.5205538415095119, 0.5160504058681086, 0.5117283416624852, 0.5075426765631132, 0.5033649717063156, 0.49916697010321737, 0.4950524787930604, 0.4910523636842472, 0.4871664911419592, 0.4833706060834624, 0.4796150884035463, 0.47588467705289417, 0.4722963082965334, 0.46620103488932385, 0.46021274674687646, 0.45438893634991456, 0.4512112372956764, 0.4481445153071471, 0.44512949577134286, 0.43975380532881225, 0.4345127503088984, 0.42942534116831216, 0.4244240821839745, 0.4195366969305724], "commute_time_efficiency": [0.5398293029871978, 0.5384615384615384, 0.5371794871794872, 0.5359756097560976, 0.5348432055749129, 0.5337763012181617, 0.53276955602537, 0.5318181818181819, 0.5309178743961352, 0.5300647548566142, 0.5292553191489362, 0.5284863945578231, 0.5277551020408163, 0.5270588235294118, 0.526395173453997, 0.5257619738751814, 0.5251572327044025, 0.5245791245791246, 0.5240259740259741, 0.5234962406015038, 0.5229885057471264, 0.5225014611338399, 0.5220338983050847, 0.5215846994535519, 0.5211528291909043, 0.5207373271889401, 0.5203373015873016, 0.5199519230769231, 0.5195804195804196, 0.5192220714608774, 0.5188762071992976, 0.518542199488491, 0.5182194616977226, 0.5179074446680081, 0.5176056338028169, 0.5173135464231354, 0.5170307293594965, 0.5167567567567568, 0.5164912280701754, 0.5030758714969241, 0.4901764901764902, 0.477766958779617, 0.47800632911392404, 0.47824074074074074, 0.4784703402589581, 0.4669409344695857, 0.45582329317269077, 0.44509803921568625, 0.4347469220246238, 0.4247527399091152], "pagerank": [0.44338550360202467, 0.44377404741683, 0.44415558563034735, 0.4445336209369664, 0.44488191273589545, 0.4452144809129507, 0.4455159740576881, 0.4458181513717233, 0.44610737185489613, 0.44640191644310595, 0.44666945314640216, 0.4469263631665006, 0.4471732736360016, 0.44739100648903546, 0.4476178198542176, 0.4478361669442747, 0.4480465086285384, 0.4482705891479225, 0.44846783443659954, 0.44865832771173936, 0.44884241294148847, 0.4490204110856323, 0.44916893302167, 0.44933408918975437, 0.44949396064137814, 0.44964879492060783, 0.4497988243781559, 0.44996942270398904, 0.4501118885740415, 0.45025019505703073, 0.45038452309558485, 0.4505150432646791, 0.45064191650342195, 0.45076529478577787, 0.45085700505144166, 0.4509725290094929, 0.45108494786240727, 0.45119438424991726, 0.4513009544528542, 0.44818521998093297, 0.44508072862128084, 0.4420198700748805, 0.4422399409083008, 0.4424545943810909, 0.4426640301380573, 0.43972106525315524, 0.4368452676265002, 0.434005791320958, 0.4312371478069785, 0.4284435039527244],