{"gemma_2b_instruct": {"clustering": [0.03621363379150398, 0.03638028960968657, 0.03653659309315585, 0.03668900865423108, 0.036853564521325745, 0.03696627247715267, 0.03708107955222171, 0.037191286989289765, 0.03729549848741283, 0.037392046120673116, 0.03749715187927665, 0.03758735652157922, 0.037667568516524946, 0.03774272502806497, 0.037833558919711824, 0.03792159536275404, 0.037989283630425155, 0.038044824760596695, 0.03811967160808686, 0.038171797911020565, 0.03822686624719206, 0.03826637423940917, 0.03830537228087896, 0.03835791497231917, 0.038413009842469654, 0.03846329186721115, 0.03851426782298694, 0.0385538106000852, 0.038605526585146384, 0.03865406101115991, 0.0387028245457729, 0.038745635938366836, 0.038773675810297885, 0.038815697239630464, 0.0388635338248516, 0.03890906128620223, 0.03895009857050809, 0.03897459374429373, 0.03900298437113353, 0.038951564914991105, 0.0389126134129903, 0.038924274370456154, 0.03893675300928377, 0.038942826498017814, 0.038963645192457236, 0.038982345428181055, 0.03899125739999058, 0.03893612468988833, 0.03890177956460732, 0.03884395807269931], "average_shortest_path_length": [Infinity, Infinity, Infinity, Infinity, Infinity, Infinity, Infinity, Infinity, Infinity, Infinity, Infinity, Infinity, Infinity, Infinity, Infinity, Infinity, Infinity, Infinity, Infinity, Infinity, Infinity, Infinity, Infinity, Infinity, Infinity, Infinity, Infinity, Infinity, Infinity, Infinity, Infinity, Infinity, Infinity, Infinity, Infinity, Infinity, Infinity, Infinity, Infinity, Infinity, Infinity, Infinity, Infinity, Infinity, Infinity, Infinity, Infinity, Infinity, Infinity, Infinity], "average_degree": [9.736842105263158, 9.743589743589743, 9.75, 9.75609756097561, 9.761904761904763, 9.767441860465116, 9.772727272727273, 9.777777777777779, 9.782608695652174, 9.787234042553191, 9.791666666666666, 9.795918367346939, 9.8, 9.803921568627452, 9.807692307692308, 9.81132075471698, 9.814814814814815, 9.818181818181818, 9.821428571428571, 9.824561403508772, 9.827586206896552, 9.830508474576272, 9.833333333333334, 9.836065573770492, 9.838709677419354, 9.841269841269842, 9.84375, 9.846153846153847, 9.848484848484848, 9.850746268656716, 9.852941176470589, 9.855072463768115, 9.857142857142858, 9.859154929577464, 9.86111111111111, 9.863013698630137, 9.864864864864865, 9.866666666666667, 9.868421052631579, 9.87012987012987, 9.871794871794872, 9.873417721518987, 9.875, 9.876543209876543, 9.878048780487806, 9.879518072289157, 9.880952380952381, 9.882352941176471, 9.883720930232558, 9.885057471264368], "connectivity": [17.0, 18.0, 19.0, 20.0, 21.0, 22.0, 23.0, 24.0, 25.0, 26.0, 27.0, 28.0, 29.0, 30.0, 31.0, 32.0, 33.0, 34.0, 35.0, 36.0, 37.0, 38.0, 39.0, 40.0, 41.0, 42.0, 43.0, 44.0, 45.0, 46.0, 47.0, 48.0, 49.0, 50.0, 51.0, 52.0, 53.0, 54.0, 55.0, 55.0, 56.0, 57.0, 58.0, 59.0, 60.0, 61.0, 62.0, 63.0, 64.0, 65.0], "sparseness": [0.2631578947368421, 0.2564102564102564, 0.25, 0.24390243902439024, 0.23809523809523808, 0.23255813953488372, 0.22727272727272727, 0.2222222222222222, 0.21739130434782608, 0.2127659574468085, 0.20833333333333334, 0.20408163265306123, 0.2, 0.19607843137254902, 0.19230769230769232, 0.18867924528301888, 0.18518518518518517, 0.18181818181818182, 0.17857142857142858, 0.17543859649122806, 0.1724137931034483, 0.1694915254237288, 0.16666666666666666, 0.16393442622950818, 0.16129032258064516, 0.15873015873015872, 0.15625, 0.15384615384615385, 0.15151515151515152, 0.14925373134328357, 0.14705882352941177, 0.14492753623188406, 0.14285714285714285, 0.14084507042253522, 0.1388888888888889, 0.136986301369863, 0.13513513513513514, 0.13333333333333333, 0.13157894736842105, 0.12987012987012986, 0.1282051282051282, 0.12658227848101267, 0.125, 0.12345679012345678, 0.12195121951219512, 0.12048192771084337, 0.11904761904761904, 0.11764705882352941, 0.11627906976744186, 0.11494252873563218], "hubs": [4.0, 4.0, 4.0, 5.0, 5.0, 5.0, 5.0, 5.0, 5.0, 5.0, 5.0, 5.0, 5.0, 6.0, 6.0, 6.0, 6.0, 6.0, 6.0, 6.0, 6.0, 6.0, 6.0, 7.0, 7.0, 7.0, 7.0, 7.0, 7.0, 7.0, 7.0, 7.0, 7.0, 8.0, 8.0, 8.0, 8.0, 8.0, 8.0, 8.0, 8.0, 8.0, 8.0, 9.0, 9.0, 9.0, 9.0, 9.0, 9.0, 9.0], "clusters": [2.0, 2.0, 2.0, 2.0, 2.0, 2.0, 2.0, 2.0, 2.0, 2.0, 2.0, 2.0, 2.0, 2.0, 2.0, 2.0, 2.0, 2.0, 2.0, 2.0, 2.0, 2.0, 2.0, 2.0, 2.0, 2.0, 2.0, 2.0, 2.0, 2.0, 2.0, 2.0, 2.0, 2.0, 2.0, 2.0, 2.0, 2.0, 2.0, 2.0, 2.0, 2.0, 2.0, 2.0, 2.0, 2.0, 2.0, 2.0, 2.0, 2.0], "communities": [2.0, 2.0, 2.0, 2.0, 2.0, 2.0, 2.0, 2.0, 2.0, 2.0, 2.0, 2.0, 2.0, 2.0, 2.0, 2.0, 2.0, 2.0, 2.0, 2.0, 2.0, 2.0, 2.0, 2.0, 2.0, 2.0, 2.0, 2.0, 2.0, 2.0, 2.0, 2.0, 2.0, 2.0, 2.0, 2.0, 2.0, 2.0, 2.0, 2.0, 2.0, 2.0, 2.0, 2.0, 2.0, 2.0, 2.0, 2.0, 2.0, 2.0], "fourier": [1.6094270256829473, 1.601949813595529, 1.5945206901550044, 1.5866413979785627, 1.579490043683231, 1.5731029419687537, 1.5658074812055487, 1.5580435893664808, 1.5515652152209336, 1.5439285244889231, 1.5368223101427454, 1.5306075146214397, 1.5241895654233908, 1.518183864626027, 1.512611544982097, 1.5063658722923663, 1.5000825674680078, 1.4935245060229405, 1.4878444431002324, 1.4819138123467792, 1.4760678762426145, 1.4709045696142602, 1.465650133043207, 1.4607785032927092, 1.4563568219723946, 1.452376618063372, 1.4487770583650867, 1.4446532537962842, 1.441135869854705, 1.4379030117579241, 1.434579418557056, 1.4302077485668148, 1.4258609460651204, 1.4217484824532187, 1.4180463316293113, 1.414565313804259, 1.4111353212885525, 1.4070992824925712, 1.4036515867993045, 1.4004426745099723, 1.3967636563808377, 1.392768983685509, 1.388997803394417, 1.3853437878876846, 1.3820072447672151, 1.378356002617801, 1.3744392125705598, 1.370262694433682, 1.3663554571739143, 1.3619470081242255], "commute_time_efficiency": [0.7411095305832148, 0.7354925775978407, 0.7301282051282051, 0.725, 0.7200929152148664, 0.7153931339977851, 0.7108879492600423, 0.7065656565656566, 0.702415458937198, 0.6984273820536541, 0.6945921985815603, 0.6909013605442177, 0.6873469387755102, 0.683921568627451, 0.6806184012066365, 0.6774310595065312, 0.6743535988819007, 0.6713804713804714, 0.6685064935064935, 0.6657268170426065, 0.663036902601331, 0.6604324956165984, 0.657909604519774, 0.655464480874317, 0.6530936012691697, 0.6507936507936508, 0.6485615079365079, 0.6463942307692307, 0.6442890442890443, 0.642243328810493, 0.6402546093064091, 0.6383205456095482, 0.6364389233954452, 0.6346076458752515, 0.6328247261345853, 0.6310882800608828, 0.6293965198074787, 0.6277477477477478, 0.626140350877193, 0.6247436773752563, 0.6233766233766234, 0.6218760142810775, 0.6204113924050633, 0.6189814814814815, 0.6175850647395363, 0.6162209814869233, 0.6148881239242685, 0.6137254901960785, 0.6125854993160055, 0.6113338679497461], "pagerank": [0.29680000168862386, 0.2959297837251565, 0.2950921636997068, 0.2942192872976057, 0.29334841953023827, 0.2924848312806713, 0.2917465118156145, 0.29105079692794306, 0.290309970642624, 0.2897110305605377, 0.2891002454297693, 0.2884487323182834, 0.28782774357242225, 0.28722150939381286, 0.28661828178410215, 0.28604510026266644, 0.28548531950191225, 0.28494258957417246, 0.28441578366669384, 0.2839025599879215, 0.2833999920307414, 0.282936890591163, 0.2824886402981095, 0.28205930495900516, 0.28164254838140207, 0.2812393329636269, 0.28081933805794523, 0.28042819796662233, 0.2800371140636042, 0.2796514450899754, 0.2792610362795723, 0.2789018938336285, 0.2785498381630587, 0.27820252165117115, 0.27785257253672513, 0.27750230118905755, 0.27714912652667434, 0.2768201196465517, 0.27648944428670014, 0.2760596927843364, 0.27563719421443994, 0.27535354213754115, 0.27508236808536096, 0.27482206812347476, 0.27455418657008096, 0.274287965881853, 0.2740249666215832, 0.2736857425751951, 0.2733449956342465, 0.27300881094290624], "eigenvector_centrality": [0.0, 0.0, 0.0, 0.0, 0.0, 0.0, 0.0, 0.0, 0.0, 0.0, 0.0, 0.0, 0.0, 0.0, 0.0, 0.0, 0.0, 0.0, 0.0, 0.0, 0.0, 0.0, 0.0, 0.0, 0.0, 0.0, 0.0, 0.0, 0.0, 0.0, 0.0, 0.0, 0.0, 0.0, 0.0, 0.0, 0.0, 0.0, 0.0, 0.0, 0.0, 0.0, 0.0, 0.0, 0.0, 0.0, 0.0, 0.0, 0.0, 0.0],