{"gemma_2b_instruct": {"clustering": [0.0, 0.0, 0.0, 0.0, 0.0, 0.0, 0.0, 0.0, 0.0, 0.0, 0.0, 0.0, 0.0, 0.0, 0.0, 0.0, 0.0, 0.0, 0.0, 0.0, 0.0, 0.0, 0.0, 0.0, 0.0, 0.0, 0.0, 0.0, 0.0, 0.0, 0.0, 0.0, 0.0, 0.0, 0.0, 0.0, 0.0, 0.0, 0.0, 0.0, 0.0, 0.0, 0.0, 0.0, 0.0, 0.0, 0.0, 0.0, 0.0, 0.0], "average_shortest_path_length": [Infinity, Infinity, Infinity, Infinity, Infinity, Infinity, Infinity, Infinity, Infinity, Infinity, Infinity, Infinity, Infinity, Infinity, Infinity, Infinity, Infinity, Infinity, Infinity, Infinity, Infinity, Infinity, Infinity, Infinity, Infinity, Infinity, Infinity, Infinity, Infinity, Infinity, Infinity, Infinity, Infinity, Infinity, Infinity, Infinity, Infinity, Infinity, Infinity, Infinity, Infinity, Infinity, Infinity, Infinity, Infinity, Infinity, Infinity, Infinity, Infinity, Infinity], "average_degree": [0.4473684210526316, 0.4358974358974359, 0.425, 0.4146341463414634, 0.40476190476190477, 0.3953488372093023, 0.38636363636363635, 0.37777777777777777, 0.3695652173913043, 0.3617021276595745, 0.3541666666666667, 0.3469387755102041, 0.34, 0.3333333333333333, 0.3269230769230769, 0.32075471698113206, 0.3148148148148148, 0.3090909090909091, 0.30357142857142855, 0.2982456140350877, 0.29310344827586204, 0.288135593220339, 0.2833333333333333, 0.2786885245901639, 0.27419354838709675, 0.2698412698412698, 0.265625, 0.26153846153846155, 0.25757575757575757, 0.2537313432835821, 0.25, 0.2463768115942029, 0.24285714285714285, 0.23943661971830985, 0.2361111111111111, 0.2328767123287671, 0.22972972972972974, 0.22666666666666666, 0.2236842105263158, 0.22077922077922077, 0.21794871794871795, 0.21518987341772153, 0.2125, 0.20987654320987653, 0.2073170731707317, 0.20481927710843373, 0.20238095238095238, 0.2, 0.19767441860465115, 0.19540229885057472], "connectivity": [38.0, 39.0, 40.0, 41.0, 42.0, 43.0, 44.0, 45.0, 46.0, 47.0, 48.0, 49.0, 50.0, 51.0, 52.0, 53.0, 54.0, 55.0, 56.0, 57.0, 58.0, 59.0, 60.0, 61.0, 62.0, 63.0, 64.0, 65.0, 66.0, 67.0, 68.0, 69.0, 70.0, 71.0, 72.0, 73.0, 74.0, 75.0, 76.0, 77.0, 78.0, 79.0, 80.0, 81.0, 82.0, 83.0, 84.0, 85.0, 86.0, 87.0], "sparseness": [0.01209103840682788, 0.011470985155195682, 0.010897435897435897, 0.010365853658536586, 0.009872241579558653, 0.009413067552602437, 0.008985200845665961, 0.008585858585858586, 0.00821256038647343, 0.00786308973172988, 0.007535460992907801, 0.007227891156462585, 0.0069387755102040816, 0.006666666666666667, 0.00641025641025641, 0.006168359941944848, 0.005939902166317261, 0.005723905723905724, 0.00551948051948052, 0.005325814536340852, 0.00514216575922565, 0.004967855055523086, 0.00480225988700565, 0.004644808743169399, 0.004494976203067161, 0.004352278545826933, 0.004216269841269841, 0.004086538461538462, 0.003962703962703963, 0.003844414292175486, 0.0037313432835820895, 0.0036231884057971015, 0.0035196687370600416, 0.003420523138832998, 0.003325508607198748, 0.0032343987823439876, 0.0031469825990373935, 0.003063063063063063, 0.0029824561403508773, 0.00290498974709501, 0.0028305028305028305, 0.00275884453099643, 0.002689873417721519, 0.002623456790123457, 0.0025594700391448357, 0.0024977960622979724, 0.002438324727481354, 0.002380952380952381, 0.002325581395348837, 0.00227211975407645], "hubs": [18.0, 18.0, 18.0, 18.0, 18.0, 18.0, 18.0, 18.0, 18.0, 18.0, 18.0, 18.0, 18.0, 18.0, 18.0, 18.0, 18.0, 18.0, 18.0, 18.0, 18.0, 18.0, 18.0, 18.0, 18.0, 18.0, 18.0, 18.0, 18.0, 18.0, 18.0, 18.0, 18.0, 18.0, 18.0, 18.0, 18.0, 18.0, 18.0, 18.0, 18.0, 18.0, 18.0, 18.0, 18.0, 18.0, 18.0, 18.0, 18.0, 18.0], "clusters": [21.0, 22.0, 23.0, 24.0, 25.0, 26.0, 27.0, 28.0, 29.0, 30.0, 31.0, 32.0, 33.0, 34.0, 35.0, 36.0, 37.0, 38.0, 39.0, 40.0, 41.0, 42.0, 43.0, 44.0, 45.0, 46.0, 47.0, 48.0, 49.0, 50.0, 51.0, 52.0, 53.0, 54.0, 55.0, 56.0, 57.0, 58.0, 59.0, 60.0, 61.0, 62.0, 63.0, 64.0, 65.0, 66.0, 67.0, 68.0, 69.0, 70.0], "communities": [21.0, 22.0, 23.0, 24.0, 25.0, 26.0, 27.0, 28.0, 29.0, 30.0, 31.0, 32.0, 33.0, 34.0, 35.0, 36.0, 37.0, 38.0, 39.0, 40.0, 41.0, 42.0, 43.0, 44.0, 45.0, 46.0, 47.0, 48.0, 49.0, 50.0, 51.0, 52.0, 53.0, 54.0, 55.0, 56.0, 57.0, 58.0, 59.0, 60.0, 61.0, 62.0, 63.0, 64.0, 65.0, 66.0, 67.0, 68.0, 69.0, 70.0], "fourier": [0.40744293304785445, 0.3969984129176413, 0.3870734525947003, 0.3776326366777564, 0.3686413834235241, 0.36007330928014203, 0.35188931325494627, 0.3440695507381697, 0.33658329251779284, 0.32942421497421304, 0.32256121049558356, 0.31597832864873493, 0.30965876207576026, 0.3035870216429022, 0.297748809688231, 0.29213090761864174, 0.28672107599607427, 0.2815079655234184, 0.2764810375676431, 0.2716304930489125, 0.2669472086860002, 0.26242267972522054, 0.25804896839646685, 0.2538186574391477, 0.2497248081256131, 0.2457609222823494, 0.24192090787168768, 0.23819904775058479, 0.23458997126951533, 0.23109182535889713, 0.2276930850473182, 0.22439318526402371, 0.22118330651169243, 0.21806955075757764, 0.21504080699705572, 0.212095042517644, 0.2092288932944326, 0.2064420306539481, 0.20372539188444283, 0.20107960757425528, 0.19849783917715988, 0.19598655827579783, 0.19353672629735036, 0.19114738399738307, 0.18881631833887838, 0.18654142293720516, 0.18432069171176224, 0.1821522129857415, 0.18003416399753522, 0.17796480579066698], "commute_time_efficiency": [0.12091038406827881, 0.11470985155195682, 0.10897435897435898, 0.10365853658536585, 0.09872241579558652, 0.09413067552602436, 0.08985200845665962, 0.08585858585858586, 0.0821256038647343, 0.0786308973172988, 0.07535460992907801, 0.07227891156462585, 0.06938775510204082, 0.06666666666666667, 0.0641025641025641, 0.061683599419448475, 0.0593990216631726, 0.05723905723905724, 0.05519480519480519, 0.05325814536340852, 0.0514216575922565, 0.049678550555230856, 0.0480225988700565, 0.04644808743169399, 0.0449497620306716, 0.04352278545826933, 0.042162698412698416, 0.040865384615384616, 0.039627039627039624, 0.03844414292175486, 0.03731343283582089, 0.036231884057971016, 0.035196687370600416, 0.03420523138832998, 0.03325508607198748, 0.032343987823439876, 0.031469825990373936, 0.03063063063063063, 0.02982456140350877, 0.029049897470950103, 0.028305028305028304, 0.027588445309964297, 0.02689873417721519, 0.026234567901234566, 0.025594700391448358, 0.024977960622979724, 0.02438324727481354, 0.023809523809523808, 0.023255813953488372, 0.0227211975407645], "pagerank": [0.294563801399679, 0.28905995031944137, 0.28375009449960087, 0.2786320453667694, 0.2736955318576506, 0.2689249920881489, 0.2643249601410375, 0.25987948380542064, 0.25558093865636045, 0.25142218526360754, 0.24740251911515176, 0.24350258090679916, 0.23972380368252777, 0.23606060663508396, 0.23250775061105663, 0.2290603115073487, 0.22570675153682979, 0.22245756569454783, 0.21930051212337903, 0.2162317400620077, 0.21324760825385802, 0.21034467126956483, 0.20751966681425218, 0.20476950395328197, 0.20209125219148732, 0.19948213134334575, 0.19694614971457058, 0.19446673105594214, 0.19204901387586487, 0.1896907176189665, 0.18738967347064506, 0.1851438174962961, 0.18295118429481205, 0.18080990111957967, 0.17871818242538876, 0.17667432480414422, 0.17467670227617224, 0.17272376190731373, 0.1708140197249733, 0.16894605690893386, 0.16711851623504065, 0.1653233355430373, 0.16357336651705479, 0.16186003129742868, 0.16018219359239966, 0.15853876342146098, 0.15692869480097543, 0.15535098356475247, 0.15380466531080844, 0.15228881346612314], "eigenvector_centrality": [0.0, 0.0, 0.0, 0.0, 0.0, 0.0, 0.0, 0.0, 0.0, 0.0, 0.0, 0.0, 0.0, 0.0, 0.0, 0.0, 0.0, 0.0, 0.0, 0.0, 0.0, 0.0, 0.0, 0.0, 0.0, 0.0, 0.0, 0.0, 0.0, 0.0, 0.0, 0.0, 0.0, 0.0, 0.0, 0.0, 0.0, 0.0, 0.0, 0.0, 0.0, 0.0, 0.0, 0.0, 0.0, 0.0, 0.0, 0.0, 0.0, 0.0], "cycle_count": [0.0, 0.0, 0.0, 0.0, 0.0, 0.0, 0.0, 0.0, 0.0, 0.0, 0.0, 0.0, 0.0, 0.0, 0.0, 0.0, 0.0, 0.0, 0.0, 0.0, 0.0, 0.0, 0.0, 0.0, 0.0, 0.0, 0.0, 0.0, 0.0, 0.0, 0.0, 0.0, 0.0, 0.0, 0.0, 0.0, 0.0, 0.0, 0.0, 0.0, 0.0, 0.0, 0.0, 0.0, 0.0, 0.0, 0.0, 0.0, 0.0, 0.0]}, "gemma_9b_instruct": {"clustering": [0.0, 0.0, 0.0, 0.0, 0.0],