{"gemma_2b_instruct": {"clustering": [0.015963655923265093, 0.016108466884042036, 0.01623416291093862, 0.016456845964648675, 0.016552298415965876, 0.01675680618818723, 0.01695600902704903, 0.017142660813805968, 0.017299424074874403, 0.017454085320921162, 0.01760906390552571, 0.017777613013990303, 0.017940984230671916, 0.018103345564577187, 0.018262136960150117, 0.01839423346137659, 0.018522505691261855, 0.01863365990350848, 0.01876094491525599, 0.018881616157177015, 0.01899936596513665, 0.019115135643000953, 0.0192296181954536, 0.01934084238583455, 0.019450785940589587, 0.01956045089361166, 0.019666468174890348, 0.01976589527083527, 0.019866054275266647, 0.019958351588898023, 0.020049657133050333, 0.020130400323501118, 0.020210380697532043, 0.02028955940890264, 0.020368755018871657, 0.02044551047009772, 0.02052053095549167, 0.02058722055645551, 0.020657386431683786, 0.020727746659342336, 0.020794074965005762, 0.02085702472428719, 0.020919864900355363, 0.020984408426993145, 0.02104898245271977, 0.021110089696048485, 0.021168623868873613, 0.021216248768613444, 0.021264980166306457, 0.02131074527671138], "average_shortest_path_length": [Infinity, Infinity, Infinity, Infinity, Infinity, Infinity, Infinity, Infinity, Infinity, Infinity, Infinity, Infinity, Infinity, Infinity, Infinity, Infinity, Infinity, Infinity, Infinity, Infinity, Infinity, Infinity, Infinity, Infinity, Infinity, Infinity, Infinity, Infinity, Infinity, Infinity, Infinity, Infinity, Infinity, Infinity, Infinity, Infinity, Infinity, Infinity, Infinity, Infinity, Infinity, Infinity, Infinity, Infinity, Infinity, Infinity, Infinity, Infinity, Infinity, Infinity], "average_degree": [19.473684210526315, 19.487179487179485, 19.5, 19.51219512195122, 19.523809523809526, 19.53488372093023, 19.545454545454547, 19.555555555555557, 19.565217391304348, 19.574468085106382, 19.583333333333332, 19.591836734693878, 19.6, 19.607843137254903, 19.615384615384617, 19.62264150943396, 19.62962962962963, 19.636363636363637, 19.642857142857142, 19.649122807017545, 19.655172413793103, 19.661016949152543, 19.666666666666668, 19.672131147540984, 19.677419354838708, 19.682539682539684, 19.6875, 19.692307692307693, 19.696969696969695, 19.70149253731343, 19.705882352941178, 19.71014492753623, 19.714285714285715, 19.718309859154928, 19.72222222222222, 19.726027397260275, 19.72972972972973, 19.733333333333334, 19.736842105263158, 19.74025974025974, 19.743589743589745, 19.746835443037973, 19.75, 19.753086419753085, 19.75609756097561, 19.759036144578314, 19.761904761904763, 19.764705882352942, 19.767441860465116, 19.770114942528735], "connectivity": [2.0, 2.0, 2.0, 3.0, 3.0, 4.0, 5.0, 6.0, 6.0, 6.0, 7.0, 8.0, 9.0, 10.0, 11.0, 12.0, 13.0, 14.0, 15.0, 16.0, 17.0, 18.0, 19.0, 20.0, 21.0, 22.0, 23.0, 24.0, 25.0, 26.0, 27.0, 28.0, 29.0, 30.0, 31.0, 32.0, 33.0, 35.0, 36.0, 37.0, 38.0, 39.0, 40.0, 41.0, 42.0, 43.0, 44.0, 45.0, 46.0, 47.0], "sparseness": [0.5263157894736842, 0.5128205128205128, 0.5, 0.4878048780487805, 0.47619047619047616, 0.46511627906976744, 0.45454545454545453, 0.4444444444444444, 0.43478260869565216, 0.425531914893617, 0.4166666666666667, 0.40816326530612246, 0.4, 0.39215686274509803, 0.38461538461538464, 0.37735849056603776, 0.37037037037037035, 0.36363636363636365, 0.35714285714285715, 0.3508771929824561, 0.3448275862068966, 0.3389830508474576, 0.3333333333333333, 0.32786885245901637, 0.3225806451612903, 0.31746031746031744, 0.3125, 0.3076923076923077, 0.30303030303030304, 0.29850746268656714, 0.29411764705882354, 0.2898550724637681, 0.2857142857142857, 0.28169014084507044, 0.2777777777777778, 0.273972602739726, 0.2702702702702703, 0.26666666666666666, 0.2631578947368421, 0.2597402597402597, 0.2564102564102564, 0.25316455696202533, 0.25, 0.24691358024691357, 0.24390243902439024, 0.24096385542168675, 0.23809523809523808, 0.23529411764705882, 0.23255813953488372, 0.22988505747126436], "hubs": [4.0, 4.0, 4.0, 5.0, 5.0, 5.0, 5.0, 5.0, 5.0, 5.0, 5.0, 5.0, 5.0, 6.0, 6.0, 6.0, 6.0, 6.0, 6.0, 6.0, 6.0, 6.0, 6.0, 7.0, 7.0, 7.0, 7.0, 7.0, 7.0, 7.0, 7.0, 7.0, 7.0, 8.0, 8.0, 8.0, 8.0, 8.0, 8.0, 8.0, 8.0, 8.0, 8.0, 9.0, 9.0, 9.0, 9.0, 9.0, 9.0, 9.0], "clusters": [2.0, 2.0, 2.0, 2.0, 2.0, 2.0, 2.0, 2.0, 2.0, 2.0, 2.0, 2.0, 2.0, 2.0, 2.0, 2.0, 2.0, 2.0, 2.0, 2.0, 2.0, 2.0, 2.0, 2.0, 2.0, 2.0, 2.0, 2.0, 2.0, 2.0, 2.0, 2.0, 2.0, 2.0, 2.0, 2.0, 2.0, 2.0, 2.0, 2.0, 2.0, 2.0, 2.0, 2.0, 2.0, 2.0, 2.0, 2.0, 2.0, 2.0], "communities": [2.0, 2.0, 2.0, 2.0, 2.0, 2.0, 2.0, 2.0, 2.0, 2.0, 2.0, 2.0, 2.0, 2.0, 2.0, 2.0, 2.0, 2.0, 2.0, 2.0, 2.0, 2.0, 2.0, 2.0, 2.0, 2.0, 2.0, 2.0, 2.0, 2.0, 2.0, 2.0, 2.0, 2.0, 2.0, 2.0, 2.0, 2.0, 2.0, 2.0, 2.0, 2.0, 2.0, 2.0, 2.0, 2.0, 2.0, 2.0, 2.0, 2.0], "fourier": [1.8937350464509466, 1.8918415839610305, 1.8897676774764272, 1.8872238550112441, 1.8849737623022382, 1.8831308245791945, 1.880241362182093, 1.8766526257239147, 1.8740894053483526, 1.8702223619272489, 1.8666619778637186, 1.8639213566604924, 1.8607446724233696, 1.857851217750397, 1.8552820218898387, 1.8519324025803445, 1.8484704688607547, 1.8445738387563935, 1.8414284064003557, 1.8379571231299325, 1.8344544161357943, 1.8315165528188033, 1.828415745953941, 1.8255540863424669, 1.8230179105556785, 1.820792415303278, 1.8189803486671892, 1.8165075518072837, 1.8144244062541932, 1.8125220821736112, 1.8105648943162467, 1.8076791443347684, 1.8047910031002177, 1.802026121656873, 1.7996059187679216, 1.7973073321405686, 1.7950073590492124, 1.7921974758938193, 1.7900126559166465, 1.788104664567916, 1.785683546139104, 1.782830060894529, 1.780171027573966, 1.7775618390276586, 1.775178028121233, 1.7724875381738963, 1.7694963217464104, 1.766137896345961, 1.763063146699298, 1.759364269229541], "commute_time_efficiency": [0.8911806543385491, 0.8846153846153846, 0.8782051282051282, 0.8725609756097561, 0.8664343786295006, 0.8604651162790697, 0.854122621564482, 0.8484848484848485, 0.8429951690821256, 0.8376503237742831, 0.8324468085106383, 0.8273809523809523, 0.8224489795918367, 0.8176470588235294, 0.8133484162895928, 0.8087808417997098, 0.8043326345213138, 0.8, 0.7957792207792208, 0.7916666666666666, 0.7876588021778584, 0.7837521917007598, 0.7799435028248588, 0.7762295081967213, 0.772607086197779, 0.7690732206861239, 0.765625, 0.7622596153846154, 0.7589743589743589, 0.7557666214382632, 0.752414398595259, 0.7495737425404945, 0.746583850931677, 0.7436619718309859, 0.7406103286384976, 0.7378234398782344, 0.7350981118104406, 0.7324324324324324, 0.7298245614035088, 0.7274436090225563, 0.7249417249417249, 0.7224926971762414, 0.7199367088607594, 0.7177469135802469, 0.7154471544715447, 0.7131942403761387, 0.7109868043602984, 0.7088235294117647, 0.706703146374829, 0.7046244319700615], "pagerank": [0.2861918742326839, 0.28507366521649313, 0.2840003113368009, 0.2829043696458501, 0.28185014374375006, 0.28083715806033577, 0.27991107204883897, 0.2790225382810615, 0.27814012896646156, 0.27734941917450373, 0.2765745809525529, 0.2757935842495255, 0.27504800750561637, 0.27432638092932726, 0.27362135814526595, 0.2729337894005394, 0.27226054431404567, 0.2716029444036489, 0.2709812027028156, 0.27036424221937894, 0.26976874566198905, 0.2692208785565917, 0.268686821972903, 0.2681807965813507, 0.2676980463982481, 0.26723933952894824, 0.2667742315208206, 0.26632793450420417, 0.26590278115308136, 0.2654922240737756, 0.26507549519703655, 0.2646594215609034, 0.26424995118365163, 0.26385471849765946, 0.2634679416809021, 0.26308962233950445, 0.26271406340457154, 0.26234190503151517, 0.26197757633335383, 0.2616102003933422, 0.2612397586569507, 0.26090425522424815, 0.26058314039304653, 0.26027455732092053, 0.259971337997172, 0.25967847170241554, 0.25937039164337444, 0.2590680765829514, 0.25876728157928014, 0.258463782874888],