{"gemma_2b_instruct": {"clustering": [0.0, 0.0, 0.0, 0.0, 0.0, 0.0, 0.0, 0.0, 0.0, 0.0, 0.0, 0.0, 0.0, 0.0, 0.0, 0.0, 0.0, 0.0, 0.0, 0.0, 0.0, 0.0, 0.0, 0.0, 0.0, 0.0, 0.0, 0.0, 0.0, 0.0, 0.0, 0.0, 0.0, 0.0, 0.0, 0.0, 0.0, 0.0, 0.0, 0.0, 0.0, 0.0, 0.0, 0.0, 0.0, 0.0, 0.0, 0.0, 0.0, 0.0], "average_shortest_path_length": [Infinity, Infinity, Infinity, Infinity, Infinity, Infinity, Infinity, Infinity, Infinity, Infinity, Infinity, Infinity, Infinity, Infinity, Infinity, Infinity, Infinity, Infinity, Infinity, Infinity, Infinity, Infinity, Infinity, Infinity, Infinity, Infinity, Infinity, Infinity, Infinity, Infinity, Infinity, Infinity, Infinity, Infinity, Infinity, Infinity, Infinity, Infinity, Infinity, Infinity, Infinity, Infinity, Infinity, Infinity, Infinity, Infinity, Infinity, Infinity, Infinity, Infinity], "average_degree": [0.05263157894736842, 0.05128205128205128, 0.05, 0.04878048780487805, 0.047619047619047616, 0.046511627906976744, 0.045454545454545456, 0.044444444444444446, 0.043478260869565216, 0.0425531914893617, 0.041666666666666664, 0.04081632653061224, 0.04, 0.0392156862745098, 0.038461538461538464, 0.03773584905660377, 0.037037037037037035, 0.03636363636363636, 0.03571428571428571, 0.03508771929824561, 0.034482758620689655, 0.03389830508474576, 0.03333333333333333, 0.03278688524590164, 0.03225806451612903, 0.031746031746031744, 0.03125, 0.03076923076923077, 0.030303030303030304, 0.029850746268656716, 0.029411764705882353, 0.028985507246376812, 0.02857142857142857, 0.028169014084507043, 0.027777777777777776, 0.0273972602739726, 0.02702702702702703, 0.02666666666666667, 0.02631578947368421, 0.025974025974025976, 0.02564102564102564, 0.02531645569620253, 0.025, 0.024691358024691357, 0.024390243902439025, 0.024096385542168676, 0.023809523809523808, 0.023529411764705882, 0.023255813953488372, 0.022988505747126436], "connectivity": [38.0, 39.0, 40.0, 41.0, 42.0, 43.0, 44.0, 45.0, 46.0, 47.0, 48.0, 49.0, 50.0, 51.0, 52.0, 53.0, 54.0, 55.0, 56.0, 57.0, 58.0, 59.0, 60.0, 61.0, 62.0, 63.0, 64.0, 65.0, 66.0, 67.0, 68.0, 69.0, 70.0, 71.0, 72.0, 73.0, 74.0, 75.0, 76.0, 77.0, 78.0, 79.0, 80.0, 81.0, 82.0, 83.0, 84.0, 85.0, 86.0, 87.0], "sparseness": [0.001422475106685633, 0.001349527665317139, 0.001282051282051282, 0.0012195121951219512, 0.0011614401858304297, 0.0011074197120708748, 0.0010570824524312897, 0.00101010101010101, 0.000966183574879227, 0.0009250693802035153, 0.0008865248226950354, 0.0008503401360544217, 0.0008163265306122449, 0.000784313725490196, 0.0007541478129713424, 0.000725689404934688, 0.0006988120195667365, 0.0006734006734006734, 0.0006493506493506494, 0.0006265664160401002, 0.0006049606775559589, 0.0005844535359438924, 0.0005649717514124294, 0.000546448087431694, 0.0005288207297726071, 0.0005120327700972862, 0.000496031746031746, 0.0004807692307692308, 0.0004662004662004662, 0.0004522840343735866, 0.0004389815627743635, 0.00042625745950554135, 0.00041407867494824016, 0.00040241448692152917, 0.0003912363067292645, 0.000380517503805175, 0.00037023324694557573, 0.00036036036036036037, 0.0003508771929824561, 0.0003417634996582365, 0.000333000333000333, 0.0003245699448231094, 0.00031645569620253165, 0.00030864197530864197, 0.00030111412225233364, 0.0002938583602703497, 0.00028686173264486515, 0.00028011204481792715, 0.00027359781121751026, 0.0002673082063619353], "hubs": [38.0, 39.0, 40.0, 41.0, 42.0, 43.0, 44.0, 45.0, 46.0, 47.0, 48.0, 49.0, 50.0, 51.0, 52.0, 53.0, 54.0, 55.0, 56.0, 57.0, 58.0, 59.0, 60.0, 61.0, 62.0, 63.0, 64.0, 65.0, 66.0, 67.0, 68.0, 69.0, 70.0, 71.0, 72.0, 73.0, 74.0, 75.0, 76.0, 77.0, 78.0, 79.0, 80.0, 81.0, 82.0, 83.0, 84.0, 85.0, 86.0, 87.0], "clusters": [36.0, 37.0, 38.0, 39.0, 40.0, 41.0, 42.0, 43.0, 44.0, 45.0, 46.0, 47.0, 48.0, 49.0, 50.0, 51.0, 52.0, 53.0, 54.0, 55.0, 56.0, 57.0, 58.0, 59.0, 60.0, 61.0, 62.0, 63.0, 64.0, 65.0, 66.0, 67.0, 68.0, 69.0, 70.0, 71.0, 72.0, 73.0, 74.0, 75.0, 76.0, 77.0, 78.0, 79.0, 80.0, 81.0, 82.0, 83.0, 84.0, 85.0], "communities": [36.0, 37.0, 38.0, 39.0, 40.0, 41.0, 42.0, 43.0, 44.0, 45.0, 46.0, 47.0, 48.0, 49.0, 50.0, 51.0, 52.0, 53.0, 54.0, 55.0, 56.0, 57.0, 58.0, 59.0, 60.0, 61.0, 62.0, 63.0, 64.0, 65.0, 66.0, 67.0, 68.0, 69.0, 70.0, 71.0, 72.0, 73.0, 74.0, 75.0, 76.0, 77.0, 78.0, 79.0, 80.0, 81.0, 82.0, 83.0, 84.0, 85.0], "fourier": [0.08641743766308349, 0.08420160592813264, 0.08209656577992933, 0.08009421051700422, 0.07818720550469459, 0.07636889839993426, 0.07463324161811756, 0.07297472513771495, 0.07138831806950376, 0.06986941768504623, 0.06841380481660776, 0.06701760471830964, 0.06567725262394346, 0.06438946335680731, 0.06315120444609948, 0.06195967228673911, 0.06081227094809579, 0.05970659329449405, 0.058640404128520944, 0.05761162510872233, 0.05661832122753746, 0.055658688664358864, 0.05473104385328621, 0.05383381362618316, 0.05296552630963182, 0.052124803669796396, 0.051310353612455825, 0.05052096355687958, 0.049755494412078376, 0.04901287509249511, 0.048292097517605485, 0.04759221204633584, 0.04691232330281676, 0.04625158635488976, 0.04560920321107184, 0.04498441960544072, 0.04437652204320504, 0.043784835082628974, 0.043208718831541745, 0.04264756663892432, 0.04210080296406632, 0.04156788140755915, 0.04104828288996466, 0.040541513965397194, 0.04004710525850211, 0.03956461001442377, 0.039093602752347294, 0.038633678014084384, 0.03818444919996713, 0.037745547485024976], "commute_time_efficiency": [0.0035561877667140826, 0.0033738191632928477, 0.003205128205128205, 0.003048780487804878, 0.0029036004645760743, 0.0027685492801771874, 0.002642706131078224, 0.0025252525252525255, 0.0024154589371980675, 0.002312673450508788, 0.002216312056737589, 0.0021258503401360546, 0.0020408163265306124, 0.00196078431372549, 0.001885369532428356, 0.00181422351233672, 0.0017470300489168414, 0.0016835016835016834, 0.0016233766233766235, 0.0015664160401002505, 0.0015124016938898972, 0.0014611338398597311, 0.0014124293785310734, 0.001366120218579235, 0.0013220518244315177, 0.0012800819252432156, 0.001240079365079365, 0.001201923076923077, 0.0011655011655011655, 0.0011307100859339666, 0.0010974539069359087, 0.0010656436487638534, 0.0010351966873706005, 0.001006036217303823, 0.0009780907668231612, 0.0009512937595129375, 0.0009255831173639393, 0.0009009009009009009, 0.0008771929824561404, 0.0008544087491455912, 0.0008325008325008325, 0.0008114248620577734, 0.0007911392405063291, 0.0007716049382716049, 0.0007527853056308341, 0.0007346459006758742, 0.000717154331612163, 0.0007002801120448179, 0.0006839945280437756, 0.0006682705159048383], "pagerank": [0.06800990855853292, 0.06633891940897146, 0.06474807175878913, 0.06323173531298511, 0.06178479509551183, 0.06040259381428856, 0.05908088179183631, 0.05781577332777863, 0.056603708549540464, 0.05544141996254575, 0.054325903038134844, 0.05325439028181898, 0.05222432831072006, 0.05123335754054716, 0.05027929414199368, 0.04936011397616853, 0.04847393826037589, 0.04761902075064417, 0.04679457035724054, 0.045997347669823156, 0.04522683532075651, 0.04448171297364167, 0.04376074591049389, 0.04306277820177193, 0.042386726520024995, 0.041731574527480865, 0.0410963677763939, 0.04048020906830995, 0.03988225422477549, 0.039301708227547305, 0.03873782169117639, 0.03818988763504633, 0.037657238525614284, 0.03713924356283232, 0.036635306187545257, 0.03614486178915095, 0.035667375594999565, 0.035202340724938275, 0.034749276396120014, 0.03430772626470643, 0.03387725689243859, 0.03345745632724097, 0.03304793278808592, 0.032648313445291295, 0.03225824328826825, 0.03187738407349048, 0.031505413346130204, 0.03114202352941175, 0.030786921076277975, 0.030439825678448895], "eigenvector_centrality": [0.0, 0.0, 0.0, 0.0, 0.0, 0.0, 0.0, 0.0, 0.0, 0.0, 0.0, 0.0, 0.0, 0.0, 0.0, 0.0, 0.0, 0.0, 0.0, 0.0, 0.0, 0.0, 0.0, 0.0, 0.0, 0.0, 0.0, 0.0, 0.0, 0.0, 0.0, 0.0, 0.0, 0.0, 0.0, 0.0, 0.0, 0.0, 0.0, 0.0, 0.0, 0.0, 0.0, 0.0, 0.0, 0.0, 0.0, 0.0, 0.0, 0.0],