{"gemma_2b_instruct": {"clustering": [0.08817089138703905, 0.08750187652510795, 0.08690012627962813, 0.08627276846296626, 0.08571321864817107, 0.08518543476795426, 0.08465607460786619, 0.08408654696348919, 0.0836060588229234, 0.08311190475652887, 0.08261061506142084, 0.08216731077834236, 0.08170555739221286, 0.08126740934255089, 0.08085084615732122, 0.08041867933328418, 0.0800085465956761, 0.07962181413359556, 0.07921747580616398, 0.07883819855759543, 0.07844853793723847, 0.07809976729169663, 0.07775787602657011, 0.077419597819179, 0.07711314395624091, 0.076808533511544, 0.07653822153816195, 0.07626602060826745, 0.07601467207629257, 0.07575486398484158, 0.07551975205579974, 0.0752330734169107, 0.07498677248466121, 0.07475320496854806, 0.07450062856002498, 0.074268114323329, 0.07403126695058211, 0.0737941121302304, 0.0735583955800654, 0.07334675095569224, 0.07311116183059375, 0.07289352173670093, 0.07266409190918907, 0.07245224263032964, 0.07224090676562607, 0.07202622567614418, 0.07181333632504772, 0.07157909508631823, 0.0713715423596034, 0.07115184606410732], "average_shortest_path_length": [Infinity, Infinity, Infinity, Infinity, Infinity, Infinity, Infinity, Infinity, Infinity, Infinity, Infinity, Infinity, Infinity, Infinity, Infinity, Infinity, Infinity, Infinity, Infinity, Infinity, Infinity, Infinity, Infinity, Infinity, Infinity, Infinity, Infinity, Infinity, Infinity, Infinity, Infinity, Infinity, Infinity, Infinity, Infinity, Infinity, Infinity, Infinity, Infinity, Infinity, Infinity, Infinity, Infinity, Infinity, Infinity, Infinity, Infinity, Infinity, Infinity, Infinity], "average_degree": [2.9210526315789473, 2.923076923076923, 2.925, 2.926829268292683, 2.9285714285714284, 2.9302325581395348, 2.9318181818181817, 2.933333333333333, 2.9347826086956523, 2.9361702127659575, 2.9375, 2.938775510204082, 2.94, 2.9411764705882355, 2.9423076923076925, 2.943396226415094, 2.9444444444444446, 2.9454545454545453, 2.9464285714285716, 2.9473684210526314, 2.9482758620689653, 2.9491525423728815, 2.95, 2.9508196721311477, 2.9516129032258065, 2.9523809523809526, 2.953125, 2.953846153846154, 2.9545454545454546, 2.955223880597015, 2.9558823529411766, 2.9565217391304346, 2.9571428571428573, 2.9577464788732395, 2.9583333333333335, 2.958904109589041, 2.9594594594594597, 2.96, 2.960526315789474, 2.961038961038961, 2.9615384615384617, 2.962025316455696, 2.9625, 2.962962962962963, 2.9634146341463414, 2.963855421686747, 2.9642857142857144, 2.9647058823529413, 2.9651162790697674, 2.9655172413793105], "connectivity": [32.0, 33.0, 34.0, 35.0, 36.0, 37.0, 38.0, 39.0, 40.0, 41.0, 42.0, 43.0, 44.0, 45.0, 46.0, 47.0, 48.0, 49.0, 50.0, 51.0, 52.0, 53.0, 54.0, 55.0, 56.0, 57.0, 58.0, 59.0, 60.0, 61.0, 62.0, 63.0, 64.0, 65.0, 66.0, 67.0, 68.0, 69.0, 70.0, 71.0, 72.0, 73.0, 74.0, 75.0, 76.0, 77.0, 78.0, 79.0, 80.0, 81.0], "sparseness": [0.07894736842105263, 0.07692307692307693, 0.075, 0.07317073170731707, 0.07142857142857142, 0.06976744186046512, 0.06818181818181818, 0.06666666666666667, 0.06521739130434782, 0.06382978723404255, 0.0625, 0.061224489795918366, 0.06, 0.058823529411764705, 0.057692307692307696, 0.05660377358490566, 0.05555555555555555, 0.05454545454545454, 0.05357142857142857, 0.05263157894736842, 0.05172413793103448, 0.05084745762711865, 0.05, 0.04918032786885246, 0.04838709677419355, 0.047619047619047616, 0.046875, 0.046153846153846156, 0.045454545454545456, 0.04477611940298507, 0.04411764705882353, 0.043478260869565216, 0.04285714285714286, 0.04225352112676056, 0.041666666666666664, 0.0410958904109589, 0.04054054054054054, 0.04, 0.039473684210526314, 0.03896103896103896, 0.038461538461538464, 0.0379746835443038, 0.0375, 0.037037037037037035, 0.036585365853658534, 0.03614457831325301, 0.03571428571428571, 0.03529411764705882, 0.03488372093023256, 0.034482758620689655], "hubs": [4.0, 4.0, 4.0, 5.0, 5.0, 5.0, 5.0, 5.0, 5.0, 5.0, 5.0, 5.0, 5.0, 6.0, 6.0, 6.0, 6.0, 6.0, 6.0, 6.0, 6.0, 6.0, 6.0, 7.0, 7.0, 7.0, 7.0, 7.0, 7.0, 7.0, 7.0, 7.0, 7.0, 71.0, 72.0, 73.0, 74.0, 75.0, 76.0, 77.0, 78.0, 79.0, 80.0, 81.0, 82.0, 83.0, 84.0, 85.0, 86.0, 87.0], "clusters": [2.0, 2.0, 2.0, 2.0, 2.0, 2.0, 2.0, 2.0, 2.0, 2.0, 2.0, 2.0, 2.0, 2.0, 2.0, 2.0, 2.0, 2.0, 2.0, 2.0, 2.0, 2.0, 2.0, 2.0, 2.0, 2.0, 2.0, 2.0, 2.0, 2.0, 2.0, 2.0, 2.0, 2.0, 2.0, 2.0, 2.0, 2.0, 2.0, 2.0, 2.0, 2.0, 2.0, 2.0, 2.0, 2.0, 2.0, 2.0, 2.0, 2.0], "communities": [2.0, 2.0, 2.0, 2.0, 2.0, 2.0, 2.0, 2.0, 2.0, 2.0, 2.0, 2.0, 2.0, 2.0, 2.0, 2.0, 2.0, 2.0, 2.0, 2.0, 2.0, 2.0, 2.0, 2.0, 2.0, 2.0, 2.0, 2.0, 2.0, 2.0, 2.0, 2.0, 2.0, 2.0, 2.0, 2.0, 2.0, 2.0, 2.0, 2.0, 2.0, 2.0, 2.0, 2.0, 2.0, 2.0, 2.0, 2.0, 2.0, 2.0], "fourier": [0.9429484628293923, 0.9338875710171266, 0.9250575279853491, 0.9160828924182538, 0.9076459412017134, 0.8997880789637416, 0.8917806349052279, 0.8837514884268065, 0.8764451332946872, 0.8688698346921898, 0.8616676061385692, 0.8549684288835535, 0.8483068718195248, 0.8419766225851777, 0.8359714053505587, 0.8297729293268936, 0.8236646116399459, 0.8175379036787, 0.8119346196382479, 0.8063026285381502, 0.8008061200019593, 0.7957499076541031, 0.7907335989883613, 0.7859943973767846, 0.7815591000637427, 0.7774267835111242, 0.773532767754604, 0.7694621923860723, 0.765737859552013, 0.7622237658756355, 0.7586981786279455, 0.754723383390965, 0.7508111799314672, 0.7470638003879939, 0.74355690288521, 0.7402131253551536, 0.7369214246215083, 0.733389848163146, 0.730165102899827, 0.7270774057450103, 0.7237928889294644, 0.7204439143127424, 0.7172386675809725, 0.7141433616208699, 0.7112199179595471, 0.7081870948410137, 0.7050522276171096, 0.7018363721896185, 0.6987588227677927, 0.6954748460282397], "commute_time_efficiency": [0.577524893314367, 0.5755735492577598, 0.5737179487179487, 0.5719512195121951, 0.570267131242741, 0.5686600221483943, 0.5671247357293869, 0.5656565656565656, 0.5642512077294686, 0.562904717853839, 0.561613475177305, 0.560374149659864, 0.5591836734693878, 0.5580392156862745, 0.5569381598793364, 0.555878084179971, 0.5548567435359888, 0.5538720538720538, 0.5529220779220779, 0.5520050125313283, 0.5511191772534785, 0.5502630040911748, 0.5494350282485876, 0.5486338797814208, 0.5478582760444209, 0.5471070148489503, 0.5463789682539683, 0.5456730769230769, 0.544988344988345, 0.5443238353686115, 0.5436786654960492, 0.5430520034100597, 0.5424430641821946, 0.541851106639839, 0.5412754303599374, 0.5407153729071538, 0.5401703072935949, 0.5396396396396397, 0.5391228070175439, 0.5386192754613808, 0.5381285381285381, 0.5376501135994807, 0.5371835443037974, 0.5367283950617284, 0.5362842517314061, 0.5358507199529826, 0.5354274239816409, 0.5350140056022409, 0.534610123119015, 0.5342154504143277], "pagerank": [0.35249437076418316, 0.35193177939045883, 0.3513783232998739, 0.3507280860037692, 0.350032009477158, 0.3493015899547956, 0.34875656067533883, 0.34825362460579523, 0.3476374256924505, 0.3472331938832254, 0.3467845957180236, 0.346239125251621, 0.3457226994862622, 0.34520685087903996, 0.34467387945258476, 0.344175127761362, 0.34368197221474794, 0.34320048278594323, 0.3427262762619189, 0.34224735967595826, 0.3417918543319819, 0.34137988644437167, 0.3409810280762948, 0.34059928723274585, 0.3402242045183525, 0.33985644767373163, 0.33944666590657335, 0.33907969062183135, 0.3386997728168457, 0.33831715177779403, 0.33792034162615103, 0.3375768090122709, 0.33723775412619755, 0.3368969968640979, 0.33654243200181355, 0.3361775304310862, 0.3358016752466697, 0.33546504347277156, 0.3351187042515235, 0.33475480927760065, 0.3343986100384613, 0.33411468441914666, 0.3338462254108996, 0.33358942503679245, 0.333313052342568, 0.33303516548293866, 0.33276119352655764, 0.3324981169796617, 0.33222433774021853, 0.331954043297391], "eigenvector_centrality": [0.0, 0.0, 0.0, 0.0, 0.0, 0.0, 0.0, 0.0, 0.0, 0.0, 0.0, 0.0, 0.0, 0.0, 0.0, 0.0, 0.0, 0.0, 0.0, 0.0, 0.0, 0.0, 0.0, 0.0, 0.0, 0.0, 0.0, 0.0, 0.0, 0.0, 0.0, 0.0, 0.0, 0.0, 0.0, 0.0, 0.0, 0.0, 0.0, 0.0, 0.0, 0.0, 0.0, 0.0, 0.0, 0.0, 0.0, 0.0, 0.0, 0.0],