{"gemma_2b_instruct": {"clustering": [0.053947437488993805, 0.05375706920545267, 0.053478102972712584, 0.0531422286501995, 0.053069295772106735, 0.053022051426728105, 0.05297835512331248, 0.05293096819788724, 0.05284808981115113, 0.052779579127749006, 0.05271756590159294, 0.05265740621218632, 0.05257213646240576, 0.05251556249336446, 0.052445240359857453, 0.052374492802140786, 0.05228463259421007, 0.052198298421056166, 0.05212623006559515, 0.052047129850831084, 0.05196154358537651, 0.051891643100493455, 0.051806984981048694, 0.05174178241931178, 0.05167835892365983, 0.05161970555999248, 0.05157014091055489, 0.051512112764095855, 0.05147621600639918, 0.051437080002356785, 0.05139763047302527, 0.05134358150526448, 0.05127452428596805, 0.051216474842231255, 0.051173749579404376, 0.05085212881144499, 0.05059694786582531, 0.05053356208087033, 0.050479346246088706, 0.05033233928128716, 0.05005364029991375, 0.049870512567695195, 0.04981693655106091, 0.049890326033437425, 0.04979584751009211, 0.049619808698880365, 0.04955928574007634, 0.049502616863176654, 0.0490943835775272, 0.04876548964007596], "average_shortest_path_length": [Infinity, Infinity, Infinity, Infinity, Infinity, Infinity, Infinity, Infinity, Infinity, Infinity, Infinity, Infinity, Infinity, Infinity, Infinity, Infinity, Infinity, Infinity, Infinity, Infinity, Infinity, Infinity, Infinity, Infinity, Infinity, Infinity, Infinity, Infinity, Infinity, Infinity, Infinity, Infinity, Infinity, Infinity, Infinity, Infinity, Infinity, Infinity, Infinity, Infinity, Infinity, Infinity, Infinity, Infinity, Infinity, Infinity, Infinity, Infinity, Infinity, Infinity], "average_degree": [4.868421052631579, 4.871794871794871, 4.875, 4.878048780487805, 4.880952380952381, 4.883720930232558, 4.886363636363637, 4.888888888888889, 4.891304347826087, 4.8936170212765955, 4.895833333333333, 4.8979591836734695, 4.9, 4.901960784313726, 4.903846153846154, 4.90566037735849, 4.907407407407407, 4.909090909090909, 4.910714285714286, 4.912280701754386, 4.913793103448276, 4.915254237288136, 4.916666666666667, 4.918032786885246, 4.919354838709677, 4.920634920634921, 4.921875, 4.923076923076923, 4.924242424242424, 4.925373134328358, 4.926470588235294, 4.927536231884058, 4.928571428571429, 4.929577464788732, 4.930555555555555, 4.931506849315069, 4.9324324324324325, 4.933333333333334, 4.934210526315789, 4.935064935064935, 4.935897435897436, 4.936708860759493, 4.9375, 4.938271604938271, 4.939024390243903, 4.9397590361445785, 4.940476190476191, 4.9411764705882355, 4.941860465116279, 4.942528735632184], "connectivity": [25.0, 26.0, 27.0, 29.0, 30.0, 31.0, 32.0, 33.0, 34.0, 35.0, 36.0, 37.0, 38.0, 39.0, 40.0, 41.0, 42.0, 43.0, 44.0, 45.0, 46.0, 47.0, 48.0, 49.0, 50.0, 51.0, 52.0, 53.0, 54.0, 55.0, 56.0, 57.0, 58.0, 59.0, 60.0, 61.0, 61.0, 62.0, 63.0, 64.0, 65.0, 66.0, 67.0, 68.0, 69.0, 71.0, 72.0, 73.0, 73.0, 74.0], "sparseness": [0.13157894736842105, 0.1282051282051282, 0.125, 0.12195121951219512, 0.11904761904761904, 0.11627906976744186, 0.11363636363636363, 0.1111111111111111, 0.10869565217391304, 0.10638297872340426, 0.10416666666666667, 0.10204081632653061, 0.1, 0.09803921568627451, 0.09615384615384616, 0.09433962264150944, 0.09259259259259259, 0.09090909090909091, 0.08928571428571429, 0.08771929824561403, 0.08620689655172414, 0.0847457627118644, 0.08333333333333333, 0.08196721311475409, 0.08064516129032258, 0.07936507936507936, 0.078125, 0.07692307692307693, 0.07575757575757576, 0.07462686567164178, 0.07352941176470588, 0.07246376811594203, 0.07142857142857142, 0.07042253521126761, 0.06944444444444445, 0.0684931506849315, 0.06756756756756757, 0.06666666666666667, 0.06578947368421052, 0.06493506493506493, 0.0641025641025641, 0.06329113924050633, 0.0625, 0.06172839506172839, 0.06097560975609756, 0.060240963855421686, 0.05952380952380952, 0.058823529411764705, 0.05813953488372093, 0.05747126436781609], "hubs": [4.0, 4.0, 4.0, 5.0, 5.0, 5.0, 5.0, 5.0, 5.0, 5.0, 5.0, 5.0, 5.0, 6.0, 6.0, 6.0, 6.0, 6.0, 6.0, 6.0, 6.0, 6.0, 6.0, 8.0, 8.0, 8.0, 8.0, 8.0, 8.0, 8.0, 8.0, 8.0, 8.0, 8.0, 8.0, 8.0, 8.0, 8.0, 8.0, 9.0, 9.0, 9.0, 9.0, 9.0, 9.0, 9.0, 9.0, 9.0, 9.0, 9.0], "clusters": [2.0, 2.0, 2.0, 2.0, 2.0, 2.0, 2.0, 2.0, 2.0, 2.0, 2.0, 2.0, 2.0, 2.0, 2.0, 2.0, 2.0, 2.0, 2.0, 2.0, 2.0, 2.0, 2.0, 2.0, 2.0, 2.0, 2.0, 2.0, 2.0, 2.0, 2.0, 2.0, 2.0, 2.0, 2.0, 2.0, 2.0, 2.0, 2.0, 2.0, 2.0, 2.0, 2.0, 2.0, 2.0, 2.0, 2.0, 2.0, 2.0, 2.0], "communities": [2.0, 2.0, 2.0, 2.0, 2.0, 2.0, 2.0, 2.0, 2.0, 2.0, 2.0, 2.0, 2.0, 2.0, 2.0, 2.0, 2.0, 2.0, 2.0, 2.0, 2.0, 2.0, 2.0, 2.0, 2.0, 2.0, 2.0, 2.0, 2.0, 2.0, 2.0, 2.0, 2.0, 2.0, 2.0, 2.0, 2.0, 2.0, 2.0, 2.0, 2.0, 2.0, 2.0, 2.0, 2.0, 2.0, 2.0, 2.0, 2.0, 2.0], "fourier": [1.1917758872612643, 1.1826010113634804, 1.1736175108660725, 1.1643961426228187, 1.1558382653649832, 1.147975370852949, 1.1396811410289398, 1.1312148916351847, 1.1237129360340246, 1.1156237259273702, 1.1079961703930723, 1.1010369463132688, 1.0940391611120241, 1.087426899647101, 1.0811965931082725, 1.0746046020400666, 1.068065773673208, 1.0614335517501419, 1.0554716147982408, 1.0494068109613135, 1.0434734698086847, 1.0380838123997276, 1.032693716452932, 1.0276348324086124, 1.0229543432243557, 1.0186531807922574, 1.0146535228357902, 1.0103523843276176, 1.0064987098615439, 1.0028922548648997, 0.9992423856174504, 0.9949120656359041, 0.9906379144995553, 0.9865680191833965, 0.9828095885097482, 0.979247214179269, 0.9757367081270093, 0.9718433022998049, 0.9683637414606664, 0.9651203938460178, 0.9615542818064913, 0.9578057067920849, 0.9542375177872019, 0.9507919155938387, 0.9475751385486613, 0.9441776942911541, 0.9406157795483511, 0.9369096349224805, 0.9333863417462211, 0.9295553843628831], "commute_time_efficiency": [0.628022759601707, 0.6248313090418354, 0.6217948717948718, 0.6182926829268293, 0.6155632984901278, 0.6129568106312292, 0.6104651162790697, 0.6080808080808081, 0.6057971014492753, 0.6036077705827937, 0.6015070921985816, 0.5994897959183674, 0.5975510204081632, 0.5956862745098039, 0.5938914027149321, 0.5921625544267054, 0.5904961565338924, 0.5888888888888889, 0.5873376623376624, 0.5858395989974937, 0.5843920145190563, 0.5829924021040327, 0.581638418079096, 0.580327868852459, 0.5790586991010047, 0.5778289810547875, 0.5766369047619048, 0.5754807692307692, 0.5743589743589743, 0.573270013568521, 0.5722124670763828, 0.5711849957374254, 0.5701863354037268, 0.569215291750503, 0.5682707355242567, 0.567351598173516, 0.5664568678267309, 0.5655855855855856, 0.5647368421052632, 0.5640806561859193, 0.5632700632700632, 0.562317429406037, 0.5615506329113924, 0.5609567901234568, 0.5602228244504667, 0.5593593887746107, 0.5586632243258749, 0.5579831932773109, 0.5574555403556771, 0.5568029938519112], "pagerank": [0.3209678597582969, 0.3202885435435343, 0.31962819103347423, 0.3189025543872037, 0.31815153564191717, 0.3173851755851414, 0.31677205204446107, 0.31620141179509814, 0.31555134802617957, 0.31507817949456085, 0.31457287335622197, 0.3139992036818787, 0.31345476202087386, 0.31291659981507525, 0.3123712530844327, 0.31185825186410393, 0.31135498044345317, 0.31086568323868413, 0.31038608094141795, 0.309907925973107, 0.3094462991160293, 0.30902657870590117, 0.3086207322057828, 0.3082313574683633, 0.3078500097046654, 0.3074769855479005, 0.30707573701085855, 0.3067096392742568, 0.3063372350100726, 0.3059663839002498, 0.305587240431469, 0.3052508901776156, 0.30491512965878337, 0.304584791290881, 0.30424605942342137, 0.3038089091758783, 0.3033683184472217, 0.3030528972676958, 0.3027313105270846, 0.3023067718811954, 0.30189297456220193, 0.3016259605079156, 0.3013715956615087, 0.30112738550386065, 0.30087003305582044, 0.3006133202426566, 0.3003608671124868, 0.3001182485048585, 0.29977828195104445, 0.29944309831353766],