{"llama_1b_instruct": {"clustering": [0.04303450678265836, 0.04226526789258061, 0.042180118819700387, 0.04228794474968973], "average_shortest_path_length": [0.06923585509750962, 0.07035464390056272, 0.07030587038338841, 0.07060056497918628], "average_degree": [9.095238095238095, 9.136363636363637, 9.173913043478262, 9.208333333333334], "connectivity": [1.0, 1.0, 1.0, 1.0], "sparseness": [0.45476190476190476, 0.43506493506493504, 0.41699604743083, 0.4003623188405797], "hubs": [3.0, 4.0, 4.0, 4.0], "clusters": [2.0, 2.0, 2.0, 2.0], "communities": [2.0, 2.0, 2.0, 2.0], "fourier": [1.4196966644947833, 1.408423337696625, 1.3993116164455177, 1.3922748292292095], "commute_time_efficiency": [0.8976190476190476, 0.8874458874458875, 0.8754940711462451, 0.8605072463768116], "pagerank": [0.26161898271536094, 0.25745549846058247, 0.2553773902079072, 0.2539869043330503], "eigenvector_centrality": [0.9997221528959241, 0.9996956846430982, 0.9998043895731107, 0.9997318770261812], "cycle_count": [147.0, 158.0, 168.0, 176.0]}, "llama_8b_instruct": {"clustering": [0.05189013234727128, 0.051323901271167774, 0.052078918087782845, 0.052881017242112034, 0.05362477913453822, 0.05435655839456976, 0.05489897280509809, 0.055424312768849585, 0.05560988232641277, 0.055867103938679906, 0.056275455853473766, 0.05659776414077714, 0.056795119623840956, 0.057053861729583016, 0.057219963323953696, 0.05742630351387553, 0.05762620891727759, 0.05780104264560892, 0.05806587436652661, 0.058307851787103605, 0.058505635823541194, 0.058675483085163564, 0.05879679811321446, 0.05889530146609603, 0.05902918387125835, 0.05911648247132343, 0.05923955663912306, 0.05936304986425611, 0.05944650464801783, 0.059354954293370454, 0.05933811804842075, 0.059353287404193204, 0.05937437466151935, 0.05938486389362803, 0.059450221924155604, 0.059459556453546454, 0.059476381591977975, 0.05949856336314108, 0.05944896818190598, 0.05939723103559747, 0.059356636575630436, 0.05933510802567634, 0.05932647811016846, 0.05923805072966706, 0.05923609339322505, 0.059212135071195146, 0.059207048080809774, 0.05919538557408268, 0.059176811101217607, 0.05914096411769441], "average_shortest_path_length": [Infinity, Infinity, Infinity, Infinity, Infinity, Infinity, Infinity, Infinity, Infinity, Infinity, Infinity, Infinity, Infinity, Infinity, Infinity, Infinity, Infinity, Infinity, Infinity, Infinity, Infinity, Infinity, Infinity, Infinity, Infinity, Infinity, Infinity, Infinity, Infinity, Infinity, Infinity, Infinity, Infinity, Infinity, Infinity, Infinity, Infinity, Infinity, Infinity, Infinity, Infinity, Infinity, Infinity, Infinity, Infinity, Infinity, Infinity, Infinity, Infinity, Infinity], "average_degree": [9.523809523809524, 9.545454545454545, 9.565217391304348, 9.583333333333334, 9.6, 9.615384615384615, 9.62962962962963, 9.642857142857142, 9.655172413793103, 9.666666666666666, 9.67741935483871, 9.6875, 9.696969696969697, 9.705882352941176, 9.714285714285714, 9.722222222222221, 9.72972972972973, 9.736842105263158, 9.743589743589743, 9.75, 9.75609756097561, 9.761904761904763, 9.767441860465116, 9.772727272727273, 9.777777777777779, 9.782608695652174, 9.787234042553191, 9.791666666666666, 9.795918367346939, 9.8, 9.803921568627452, 9.807692307692308, 9.81132075471698, 9.814814814814815, 9.818181818181818, 9.821428571428571, 9.824561403508772, 9.827586206896552, 9.830508474576272, 9.833333333333334, 9.836065573770492, 9.838709677419354, 9.841269841269842, 9.84375, 9.846153846153847, 9.848484848484848, 9.850746268656716, 9.852941176470589, 9.855072463768115, 9.857142857142858], "connectivity": [2.0, 2.0, 3.0, 4.0, 5.0, 6.0, 7.0, 8.0, 9.0, 10.0, 11.0, 12.0, 13.0, 14.0, 15.0, 16.0, 17.0, 18.0, 19.0, 20.0, 21.0, 22.0, 23.0, 24.0, 25.0, 26.0, 27.0, 28.0, 29.0, 29.0, 30.0, 31.0, 32.0, 33.0, 34.0, 35.0, 36.0, 37.0, 38.0, 39.0, 40.0, 41.0, 42.0, 43.0, 44.0, 45.0, 46.0, 47.0, 48.0, 49.0], "sparseness": [0.47619047619047616, 0.45454545454545453, 0.43478260869565216, 0.4166666666666667, 0.4, 0.38461538461538464, 0.37037037037037035, 0.35714285714285715, 0.3448275862068966, 0.3333333333333333, 0.3225806451612903, 0.3125, 0.30303030303030304, 0.29411764705882354, 0.2857142857142857, 0.2777777777777778, 0.2702702702702703, 0.2631578947368421, 0.2564102564102564, 0.25, 0.24390243902439024, 0.23809523809523808, 0.23255813953488372, 0.22727272727272727, 0.2222222222222222, 0.21739130434782608, 0.2127659574468085, 0.20833333333333334, 0.20408163265306123, 0.2, 0.19607843137254902, 0.19230769230769232, 0.18867924528301888, 0.18518518518518517, 0.18181818181818182, 0.17857142857142858, 0.17543859649122806, 0.1724137931034483, 0.1694915254237288, 0.16666666666666666, 0.16393442622950818, 0.16129032258064516, 0.15873015873015872, 0.15625, 0.15384615384615385, 0.15151515151515152, 0.14925373134328357, 0.14705882352941177, 0.14492753623188406, 0.14285714285714285], "hubs": [3.0, 3.0, 3.0, 3.0, 3.0, 3.0, 3.0, 3.0, 3.0, 3.0, 4.0, 4.0, 4.0, 4.0, 4.0, 4.0, 4.0, 4.0, 4.0, 4.0, 5.0, 5.0, 5.0, 5.0, 5.0, 5.0, 5.0, 5.0, 5.0, 5.0, 6.0, 6.0, 6.0, 6.0, 6.0, 6.0, 6.0, 6.0, 6.0, 6.0, 8.0, 8.0, 8.0, 7.0, 7.0, 7.0, 7.0, 7.0, 7.0, 7.0], "clusters": [2.0, 2.0, 2.0, 2.0, 2.0, 2.0, 2.0, 2.0, 2.0, 2.0, 2.0, 2.0, 2.0, 2.0, 2.0, 2.0, 2.0, 2.0, 2.0, 2.0, 2.0, 2.0, 2.0, 2.0, 2.0, 2.0, 2.0, 2.0, 2.0, 2.0, 2.0, 2.0, 2.0, 2.0, 2.0, 2.0, 2.0, 2.0, 2.0, 2.0, 2.0, 3.0, 2.0, 3.0, 3.0, 3.0, 3.0, 3.0, 3.0, 3.0], "communities": [2.0, 2.0, 2.0, 2.0, 2.0, 2.0, 2.0, 2.0, 2.0, 2.0, 2.0, 2.0, 2.0, 2.0, 2.0, 2.0, 2.0, 2.0, 2.0, 2.0, 2.0, 2.0, 2.0, 2.0, 2.0, 2.0, 2.0, 2.0, 2.0, 2.0, 2.0, 2.0, 2.0, 2.0, 2.0, 2.0, 2.0, 2.0, 2.0, 2.0, 2.0, 3.0, 2.0, 3.0, 3.0, 3.0, 3.0, 3.0, 3.0, 3.0], "fourier": [1.616307047229434, 1.6046989783334993, 1.5967588137453603, 1.5914920682284812, 1.5869222383463677, 1.582099079197486, 1.5766774728853885, 1.5707753166962164, 1.563017116596585, 1.5550179960935144, 1.548051385053809, 1.5406074502707026, 1.5314679412686794, 1.523078449912079, 1.5163877828444767, 1.509675226614102, 1.5014460697767553, 1.4932844617887757, 1.4875492019601946, 1.4820290813518948, 1.4763589751863595, 1.4699467085020883, 1.4625505737409235, 1.455157449242658, 1.4486700347219006, 1.4422551585996297, 1.4359503975906207, 1.4298198485098315, 1.4232197275283802, 1.4162270204322542, 1.409366690722885, 1.4033380568970304, 1.397205926764592, 1.3910039621561108, 1.3850695810425007, 1.3787817868698424, 1.372847797791306, 1.3665787888749115, 1.3606791809851606, 1.3546402503024646, 1.34849427099714, 1.343001921077562, 1.337806430298802, 1.3335030888175088, 1.32794335398752, 1.3227974684470802, 1.3192226031566154, 1.314493706477489, 1.3093107209220347, 1.3042188280761369], "commute_time_efficiency": [0.8761904761904762, 0.8658008658008658, 0.8557312252964426, 0.842391304347826, 0.83, 0.8184615384615385, 0.8105413105413105, 0.8029100529100529, 0.7955665024630542, 0.7885057471264367, 0.7795698924731183, 0.7721774193548387, 0.7660984848484849, 0.7611408199643493, 0.7554621848739496, 0.7492063492063492, 0.7432432432432432, 0.7375533428165008, 0.7314439946018894, 0.7256410256410256, 0.7201219512195122, 0.7148664343786295, 0.7109634551495017, 0.7071881606765328, 0.7025252525252526, 0.6980676328502415, 0.6942645698427382, 0.6901595744680851, 0.6866496598639455, 0.683265306122449, 0.6803921568627451, 0.6776018099547512, 0.6741654571843251, 0.6712089447938504, 0.6686868686868687, 0.6662337662337663, 0.6638471177944862, 0.661524500907441, 0.6589713617767388, 0.656497175141243, 0.6540983606557377, 0.6517715494447383, 0.6495135688684076, 0.6473214285714286, 0.6451923076923077, 0.6431235431235431, 0.641112618724559, 0.6391571553994733, 0.6372549019607843, 0.6354037267080745],