{"llama_1b_instruct": {"clustering": [0.042426602115971254, 0.04049812020160892, 0.03873733236675636, 0.037123276851474846], "average_shortest_path_length": [Infinity, Infinity, Infinity, Infinity], "average_degree": [0.47619047619047616, 0.45454545454545453, 0.43478260869565216, 0.4166666666666667], "connectivity": [21.0, 22.0, 23.0, 24.0], "sparseness": [0.023809523809523808, 0.021645021645021644, 0.019762845849802372, 0.018115942028985508], "hubs": [4.0, 4.0, 4.0, 4.0], "clusters": [15.0, 16.0, 17.0, 18.0], "communities": [15.0, 16.0, 17.0, 18.0], "fourier": [0.3020822716684591, 0.28835125931989275, 0.2758142480451148, 0.2643219877099017], "commute_time_efficiency": [0.09047619047619047, 0.08225108225108226, 0.07509881422924901, 0.06884057971014493], "pagerank": [0.24675465095777618, 0.23814624447899405, 0.23011631677335814, 0.22261033717689466], "eigenvector_centrality": [0.0, 0.0, 0.0, 0.0], "cycle_count": [3.0, 3.0, 3.0, 3.0]}, "llama_8b_instruct": {"clustering": [0.06350211190090876, 0.060615652269049275, 0.057980189126916694, 0.05556434791329517, 0.05334177399676336, 0.05129016730458015, 0.049390531478484594, 0.04762658392568157, 0.04598428792824428, 0.04445147833063613, 0.043017559674809164, 0.041816202760810196, 0.040549045101391706, 0.039356426127821365, 0.03823195680988361, 0.037169958009609066, 0.0361653645498899, 0.035213644430155955, 0.03431073047040837, 0.03345296220864816, 0.03263703630112015, 0.03185996400823634, 0.03111903461269596, 0.03041178382604378, 0.02973596640768725, 0.029086887332202403, 0.028468017388964054, 0.027874933693360637, 0.02730605749553695, 0.026759936345626213, 0.026235231711398247, 0.02573070802464059, 0.0252452229675719, 0.024777718838542788, 0.024327214859660194, 0.023892800308594832, 0.023473628373356325, 0.02306891064278122, 0.02267791215731035, 0.02229994695468851, 0.021934374053791977, 0.021580593827117914, 0.021238044718750963, 0.020847428108107503, 0.020526698444905848, 0.020215687862407277, 0.019913961177893735, 0.019621108807630593, 0.01933674491186783, 0.019060505698841147], "average_shortest_path_length": [Infinity, Infinity, Infinity, Infinity, Infinity, Infinity, Infinity, Infinity, Infinity, Infinity, Infinity, Infinity, Infinity, Infinity, Infinity, Infinity, Infinity, Infinity, Infinity, Infinity, Infinity, Infinity, Infinity, Infinity, Infinity, Infinity, Infinity, Infinity, Infinity, Infinity, Infinity, Infinity, Infinity, Infinity, Infinity, Infinity, Infinity, Infinity, Infinity, Infinity, Infinity, Infinity, Infinity, Infinity, Infinity, Infinity, Infinity, Infinity, Infinity, Infinity], "average_degree": [0.6666666666666666, 0.6363636363636364, 0.6086956521739131, 0.5833333333333334, 0.56, 0.5384615384615384, 0.5185185185185185, 0.5, 0.4827586206896552, 0.4666666666666667, 0.45161290322580644, 0.4375, 0.42424242424242425, 0.4117647058823529, 0.4, 0.3888888888888889, 0.3783783783783784, 0.3684210526315789, 0.358974358974359, 0.35, 0.34146341463414637, 0.3333333333333333, 0.32558139534883723, 0.3181818181818182, 0.3111111111111111, 0.30434782608695654, 0.2978723404255319, 0.2916666666666667, 0.2857142857142857, 0.28, 0.27450980392156865, 0.2692307692307692, 0.2641509433962264, 0.25925925925925924, 0.2545454545454545, 0.25, 0.24561403508771928, 0.2413793103448276, 0.23728813559322035, 0.23333333333333334, 0.22950819672131148, 0.22580645161290322, 0.2222222222222222, 0.21875, 0.2153846153846154, 0.21212121212121213, 0.208955223880597, 0.20588235294117646, 0.2028985507246377, 0.2], "connectivity": [21.0, 22.0, 23.0, 24.0, 25.0, 26.0, 27.0, 28.0, 29.0, 30.0, 31.0, 32.0, 33.0, 34.0, 35.0, 36.0, 37.0, 38.0, 39.0, 40.0, 41.0, 42.0, 43.0, 44.0, 45.0, 46.0, 47.0, 48.0, 49.0, 50.0, 51.0, 52.0, 53.0, 54.0, 55.0, 56.0, 57.0, 58.0, 59.0, 60.0, 61.0, 62.0, 63.0, 64.0, 65.0, 66.0, 67.0, 68.0, 69.0, 70.0], "sparseness": [0.03333333333333333, 0.030303030303030304, 0.02766798418972332, 0.025362318840579712, 0.023333333333333334, 0.021538461538461538, 0.019943019943019943, 0.018518518518518517, 0.017241379310344827, 0.016091954022988506, 0.015053763440860216, 0.014112903225806451, 0.013257575757575758, 0.012477718360071301, 0.011764705882352941, 0.011111111111111112, 0.010510510510510511, 0.00995732574679943, 0.009446693657219974, 0.008974358974358974, 0.00853658536585366, 0.008130081300813009, 0.007751937984496124, 0.007399577167019027, 0.007070707070707071, 0.00676328502415459, 0.0064754856614246065, 0.0062056737588652485, 0.005952380952380952, 0.005714285714285714, 0.005490196078431373, 0.005279034690799397, 0.0050798258345428155, 0.004891684136967156, 0.0047138047138047135, 0.004545454545454545, 0.0043859649122807015, 0.004234724742891712, 0.004091174751607247, 0.0039548022598870055, 0.003825136612021858, 0.0037017451084082496, 0.0035842293906810036, 0.003472222222222222, 0.0033653846153846156, 0.0032634032634032634, 0.003165988240615106, 0.0030728709394205445, 0.0029838022165387893, 0.002898550724637681], "hubs": [3.0, 3.0, 3.0, 3.0, 3.0, 3.0, 3.0, 3.0, 3.0, 3.0, 5.0, 5.0, 5.0, 5.0, 5.0, 5.0, 5.0, 5.0, 5.0, 5.0, 5.0, 5.0, 5.0, 5.0, 5.0, 5.0, 5.0, 5.0, 5.0, 5.0, 6.0, 6.0, 6.0, 6.0, 6.0, 6.0, 6.0, 6.0, 6.0, 6.0, 9.0, 9.0, 9.0, 9.0, 9.0, 9.0, 9.0, 9.0, 9.0, 9.0], "clusters": [14.0, 15.0, 16.0, 17.0, 18.0, 19.0, 20.0, 21.0, 22.0, 23.0, 24.0, 25.0, 26.0, 27.0, 28.0, 29.0, 30.0, 31.0, 32.0, 33.0, 34.0, 35.0, 36.0, 37.0, 38.0, 39.0, 40.0, 41.0, 42.0, 43.0, 44.0, 45.0, 46.0, 47.0, 48.0, 49.0, 50.0, 51.0, 52.0, 53.0, 54.0, 55.0, 56.0, 57.0, 58.0, 59.0, 60.0, 61.0, 62.0, 63.0], "communities": [14.0, 15.0, 16.0, 17.0, 18.0, 19.0, 20.0, 21.0, 22.0, 23.0, 24.0, 25.0, 26.0, 27.0, 28.0, 29.0, 30.0, 31.0, 32.0, 33.0, 34.0, 35.0, 36.0, 37.0, 38.0, 39.0, 40.0, 41.0, 42.0, 43.0, 44.0, 45.0, 46.0, 47.0, 48.0, 49.0, 50.0, 51.0, 52.0, 53.0, 54.0, 55.0, 56.0, 57.0, 58.0, 59.0, 60.0, 61.0, 62.0, 63.0], "fourier": [0.39483525454316554, 0.3768881975184762, 0.36050175414810764, 0.3454808477252698, 0.331661613816259, 0.3189053979002491, 0.30709408686690653, 0.29612644090737417, 0.28591518432436125, 0.2763846781802159, 0.2674690434002089, 0.2589274712606371, 0.251081184252739, 0.24369644353942313, 0.23673368800972533, 0.23015775223167742, 0.22393727244163208, 0.218044186324747, 0.2124533097523176, 0.20714197700850967, 0.2020897336668387, 0.1972780733414378, 0.19269021117070667, 0.18831088818955424, 0.18412620178534192, 0.1802415143388181, 0.17640658850182198, 0.17273145124136735, 0.16920631958338025, 0.16582219319171265, 0.162570777638934, 0.15944441653049293, 0.15643603131293646, 0.15353906777010431, 0.1507474483561024, 0.14805552963545773, 0.14545806420325672, 0.14295016654457987, 0.14052728236585818, 0.1381851609930939, 0.13591983048501038, 0.13372757515460698, 0.131604915231518, 0.12955193251322109, 0.12755882585917153, 0.12562611637645682, 0.12375109971412164, 0.12193123060067868, 0.12016411131661087, 0.118447481154945], "commute_time_efficiency": [0.11904761904761904, 0.10822510822510822, 0.09881422924901186, 0.09057971014492754, 0.08333333333333333, 0.07692307692307693, 0.07122507122507123, 0.06613756613756613, 0.06157635467980296, 0.05747126436781609, 0.053763440860215055, 0.05040322580645161, 0.04734848484848485, 0.044563279857397504, 0.04201680672268908, 0.03968253968253968, 0.03753753753753754, 0.03556187766714083, 0.033738191632928474, 0.03205128205128205, 0.03048780487804878, 0.029036004645760744, 0.02768549280177187, 0.026427061310782242, 0.025252525252525252, 0.024154589371980676, 0.02312673450508788, 0.022163120567375887, 0.021258503401360544, 0.02040816326530612, 0.0196078431372549, 0.01885369532428356, 0.018142235123367198, 0.017470300489168415, 0.016835016835016835, 0.016233766233766232, 0.015664160401002505, 0.015124016938898971, 0.014611338398597311, 0.014124293785310734, 0.01366120218579235, 0.013220518244315178, 0.012800819252432157, 0.01240079365079365, 0.01201923076923077, 0.011655011655011656, 0.011307100859339666, 0.010974539069359086, 0.010656436487638534, 0.010351966873706004],