{"llama_1b_instruct": {"clustering": [0.09370214400668983, 0.09083828331215568, 0.08969599740124794, 0.0885558317566132], "average_shortest_path_length": [Infinity, Infinity, Infinity, Infinity], "average_degree": [2.619047619047619, 2.6363636363636362, 2.652173913043478, 2.6666666666666665], "connectivity": [15.0, 14.0, 15.0, 16.0], "sparseness": [0.13095238095238096, 0.12554112554112554, 0.12055335968379446, 0.11594202898550725], "hubs": [3.0, 3.0, 3.0, 3.0], "clusters": [3.0, 3.0, 3.0, 3.0], "communities": [3.0, 3.0, 3.0, 3.0], "fourier": [0.7367729712238967, 0.7211297695734035, 0.7097185876021832, 0.7006446257136911], "commute_time_efficiency": [0.6261904761904762, 0.6212121212121212, 0.616600790513834, 0.6123188405797102], "pagerank": [0.3340500299146082, 0.33055941103810765, 0.32912985974018344, 0.32794105514339295], "eigenvector_centrality": [0.0, 0.0, 0.0, 0.0], "cycle_count": [33.0, 35.0, 37.0, 39.0]}, "llama_8b_instruct": {"clustering": [0.15920248923451696, 0.15398751815502576, 0.1535439518731439, 0.15294106085780457, 0.15232695650074024, 0.15180809032104708, 0.15149888761988897, 0.14951528938726075, 0.1474268326975366, 0.14630652879182143, 0.14509292449350197, 0.14443684641473073, 0.14322071162093986, 0.14211767288754376, 0.14107642381601027, 0.14020897507756241, 0.13915307378209196, 0.1382922825611964, 0.13759161086088956, 0.1369617119094184, 0.13631076180196844, 0.13568689009966994, 0.13507275965293883, 0.13432660685190048, 0.13375480041550025, 0.1330517828956738, 0.13242821187804177, 0.13189265646608297, 0.13132542179884235, 0.13077750125642848, 0.1302600551481721, 0.129723290613706, 0.12919619108505717, 0.12863932918622203, 0.12815253233633137, 0.1276306240511042, 0.1271268046172339, 0.1266290281090946, 0.1261506629856325, 0.1256765274690886, 0.12516530506334916, 0.12472964086519454, 0.12429384669316919, 0.123619497205051, 0.1232151995188761, 0.12280481060689445, 0.12244336676268967, 0.12213041829592598, 0.12167536541582084, 0.12135355441353836], "average_shortest_path_length": [Infinity, Infinity, Infinity, Infinity, Infinity, Infinity, Infinity, Infinity, Infinity, Infinity, Infinity, Infinity, Infinity, Infinity, Infinity, Infinity, Infinity, Infinity, Infinity, Infinity, Infinity, Infinity, Infinity, Infinity, Infinity, Infinity, Infinity, Infinity, Infinity, Infinity, Infinity, Infinity, Infinity, Infinity, Infinity, Infinity, Infinity, Infinity, Infinity, Infinity, Infinity, Infinity, Infinity, Infinity, Infinity, Infinity, Infinity, Infinity, Infinity, Infinity], "average_degree": [2.857142857142857, 2.8636363636363638, 2.869565217391304, 2.875, 2.88, 2.8846153846153846, 2.888888888888889, 2.892857142857143, 2.896551724137931, 2.9, 2.903225806451613, 2.90625, 2.909090909090909, 2.911764705882353, 2.914285714285714, 2.9166666666666665, 2.918918918918919, 2.9210526315789473, 2.923076923076923, 2.925, 2.926829268292683, 2.9285714285714284, 2.9302325581395348, 2.9318181818181817, 2.933333333333333, 2.9347826086956523, 2.9361702127659575, 2.9375, 2.938775510204082, 2.94, 2.9411764705882355, 2.9423076923076925, 2.943396226415094, 2.9444444444444446, 2.9454545454545453, 2.9464285714285716, 2.9473684210526314, 2.9482758620689653, 2.9491525423728815, 2.95, 2.9508196721311477, 2.9516129032258065, 2.9523809523809526, 2.953125, 2.953846153846154, 2.9545454545454546, 2.955223880597015, 2.9558823529411766, 2.9565217391304346, 2.9571428571428573], "connectivity": [17.0, 17.0, 18.0, 19.0, 21.0, 22.0, 23.0, 23.0, 24.0, 25.0, 26.0, 27.0, 28.0, 29.0, 30.0, 31.0, 32.0, 33.0, 34.0, 35.0, 36.0, 37.0, 38.0, 39.0, 40.0, 41.0, 42.0, 43.0, 44.0, 45.0, 46.0, 47.0, 48.0, 49.0, 50.0, 51.0, 52.0, 53.0, 54.0, 55.0, 56.0, 57.0, 58.0, 59.0, 60.0, 61.0, 62.0, 63.0, 64.0, 65.0], "sparseness": [0.14285714285714285, 0.13636363636363635, 0.13043478260869565, 0.125, 0.12, 0.11538461538461539, 0.1111111111111111, 0.10714285714285714, 0.10344827586206896, 0.1, 0.0967741935483871, 0.09375, 0.09090909090909091, 0.08823529411764706, 0.08571428571428572, 0.08333333333333333, 0.08108108108108109, 0.07894736842105263, 0.07692307692307693, 0.075, 0.07317073170731707, 0.07142857142857142, 0.06976744186046512, 0.06818181818181818, 0.06666666666666667, 0.06521739130434782, 0.06382978723404255, 0.0625, 0.061224489795918366, 0.06, 0.058823529411764705, 0.057692307692307696, 0.05660377358490566, 0.05555555555555555, 0.05454545454545454, 0.05357142857142857, 0.05263157894736842, 0.05172413793103448, 0.05084745762711865, 0.05, 0.04918032786885246, 0.04838709677419355, 0.047619047619047616, 0.046875, 0.046153846153846156, 0.045454545454545456, 0.04477611940298507, 0.04411764705882353, 0.043478260869565216, 0.04285714285714286], "hubs": [3.0, 3.0, 3.0, 3.0, 3.0, 3.0, 3.0, 3.0, 3.0, 3.0, 4.0, 4.0, 4.0, 4.0, 4.0, 4.0, 4.0, 4.0, 4.0, 4.0, 5.0, 5.0, 5.0, 5.0, 5.0, 5.0, 5.0, 5.0, 5.0, 5.0, 7.0, 7.0, 7.0, 7.0, 7.0, 7.0, 7.0, 7.0, 7.0, 7.0, 7.0, 7.0, 7.0, 7.0, 7.0, 7.0, 7.0, 7.0, 7.0, 7.0], "clusters": [1.0, 1.0, 1.0, 1.0, 1.0, 1.0, 1.0, 1.0, 1.0, 2.0, 2.0, 2.0, 2.0, 2.0, 2.0, 2.0, 2.0, 2.0, 2.0, 2.0, 2.0, 2.0, 2.0, 2.0, 2.0, 2.0, 2.0, 2.0, 2.0, 2.0, 2.0, 2.0, 2.0, 2.0, 2.0, 2.0, 2.0, 2.0, 2.0, 2.0, 2.0, 2.0, 2.0, 2.0, 2.0, 2.0, 2.0, 2.0, 2.0, 2.0], "communities": [1.0, 1.0, 1.0, 1.0, 1.0, 1.0, 1.0, 1.0, 1.0, 2.0, 2.0, 2.0, 2.0, 2.0, 2.0, 2.0, 2.0, 2.0, 2.0, 2.0, 2.0, 2.0, 2.0, 2.0, 2.0, 2.0, 2.0, 2.0, 2.0, 2.0, 2.0, 2.0, 2.0, 2.0, 2.0, 2.0, 2.0, 2.0, 2.0, 2.0, 2.0, 2.0, 2.0, 2.0, 2.0, 2.0, 2.0, 2.0, 2.0, 2.0], "fourier": [0.9318511250719579, 0.9129965011411446, 0.8980681149551527, 0.886762086545819, 0.8763163355217849, 0.8662485966076561, 0.8558584133448799, 0.845354519469684, 0.8340138762934464, 0.8231390028027344, 0.8133683398041807, 0.8040588994805647, 0.7936112279412886, 0.7841581890635869, 0.7760117101305912, 0.7682273184949507, 0.7597217080973038, 0.7515608279472868, 0.7451507495982732, 0.739192413102337, 0.7335797330172537, 0.7274877594161278, 0.7207587245757138, 0.7141740168013277, 0.7084889687592308, 0.7029485220657448, 0.6977617247900536, 0.6927428051276611, 0.6875714956921211, 0.6823335654114331, 0.6772416559131462, 0.6726127032588529, 0.6679077069019437, 0.6630222905964326, 0.6584267753961321, 0.6538950315946698, 0.6496144851837067, 0.6452489741545407, 0.6411113552829198, 0.6369709759701415, 0.6328301808637868, 0.629030676042611, 0.6254349336894024, 0.6223147468657715, 0.618682156638884, 0.6151964436754697, 0.6125378367200479, 0.6093729201688644, 0.606027219567695, 0.6027609391081029], "commute_time_efficiency": [0.6357142857142857, 0.6298701298701299, 0.6245059288537549, 0.6195652173913043, 0.615, 0.6107692307692307, 0.6068376068376068, 0.6031746031746031, 0.5997536945812808, 0.596551724137931, 0.5935483870967742, 0.5907258064516129, 0.5880681818181818, 0.5855614973262032, 0.5831932773109244, 0.580952380952381, 0.5788288288288288, 0.5768136557610242, 0.5748987854251012, 0.573076923076923, 0.5713414634146341, 0.5696864111498258, 0.5681063122923588, 0.5665961945031712, 0.5651515151515152, 0.563768115942029, 0.5624421831637373, 0.5611702127659575, 0.5599489795918368, 0.5587755102040817, 0.5576470588235294, 0.5565610859728507, 0.5555152394775036, 0.5545073375262054, 0.5535353535353535, 0.5525974025974026, 0.5516917293233082, 0.5508166969147006, 0.5499707773232028, 0.5491525423728814, 0.5483606557377049, 0.5475938656795346, 0.5468509984639017, 0.5461309523809523, 0.5454326923076923, 0.5447552447552447, 0.5440976933514247, 0.543459174714662, 0.5428388746803069, 0.5422360248447204],