{"llama_1b_instruct": {"clustering": [0.01844271362070822, 0.01924543046823585, 0.01996778280862743, 0.020582832715345917], "average_shortest_path_length": [0.01883369678580532, 0.020136903989759314, 0.02151070902773846, 0.023303420231365734], "average_degree": [19.0, 19.0, 19.0, 19.0], "connectivity": [1.0, 1.0, 1.0, 1.0], "sparseness": [0.95, 0.9047619047619048, 0.8636363636363636, 0.8260869565217391], "hubs": [11.0, 7.0, 5.0, 6.0], "clusters": [2.0, 2.0, 2.0, 2.0], "communities": [2.0, 2.0, 2.0, 2.0], "fourier": [1.6642341429786658, 1.6714254142363745, 1.6779191634706172, 1.6832008635441182], "commute_time_efficiency": [1.0, 1.0, 0.9960474308300395, 0.9855072463768116], "pagerank": [0.25843213712333823, 0.25426161725763446, 0.2513866732983094, 0.24904903711492252], "eigenvector_centrality": [0.9996626171377541, 0.9995050464431108, 0.9996039629369394, 0.9995720351851489], "cycle_count": [190.0, 210.0, 229.0, 245.0]}, "llama_8b_instruct": {"clustering": [0.01962629803047506, 0.02049442030545985, 0.021238008654532955, 0.021834789421141948, 0.022219640639159478, 0.022625108822291372, 0.023003843204868448, 0.02341885103079642, 0.023691054696993567, 0.02396369170009671, 0.024280394028832242, 0.024824406378856776, 0.024840339814853687, 0.02502795935573571, 0.02507686299425234, 0.024964855645337517, 0.02536397505772416, 0.02572373369044523, 0.026009105338282844, 0.026194444733420606, 0.026531442364373475, 0.026893272314860373, 0.027223071483089063, 0.027209434616931847, 0.027503417674541918, 0.02774638868275763, 0.027984307871084874, 0.028219621210773437, 0.02845160580372189, 0.02865648042606299, 0.02886730858047979, 0.02908233092434455, 0.029259243717808504, 0.029429655053558917, 0.029599755113407282, 0.02973788405466143, 0.02987925416117726, 0.030019396369258763, 0.03016448175949583, 0.030109112123142646, 0.03023068571016701, 0.0303572030409006, 0.030485850402106357, 0.030533886436430128, 0.03066577271177857, 0.030784743394081483, 0.030905372276093, 0.030982907396758554, 0.031049798345547087, 0.031126864008862404], "average_shortest_path_length": [0.031039949958972513, 0.031088907975876778, 0.032111244842609764, 0.03358763028665975, 0.03201792488229564, 0.03356898192959569, 0.03405330601938262, 0.03633924522093867, 0.03505000971674734, 0.03480614278766167, 0.03541970028994113, 0.037320033784653706, 0.03445887168872042, 0.03457633657407975, 0.03407205195888199, 0.034026887793197264, 0.03390211640197852, 0.03539517450191901, 0.03757324829900625, 0.038644505733564004, Infinity, Infinity, Infinity, Infinity, Infinity, Infinity, Infinity, Infinity, Infinity, Infinity, Infinity, Infinity, Infinity, Infinity, Infinity, Infinity, Infinity, Infinity, Infinity, Infinity, Infinity, Infinity, Infinity, Infinity, Infinity, Infinity, Infinity, Infinity, Infinity, Infinity], "average_degree": [19.047619047619047, 19.09090909090909, 19.130434782608695, 19.125, 19.12, 19.153846153846153, 19.185185185185187, 19.214285714285715, 19.24137931034483, 19.266666666666666, 19.29032258064516, 19.3125, 19.333333333333332, 19.352941176470587, 19.37142857142857, 19.38888888888889, 19.405405405405407, 19.42105263157895, 19.435897435897434, 19.45, 19.463414634146343, 19.476190476190474, 19.488372093023255, 19.5, 19.511111111111113, 19.52173913043478, 19.53191489361702, 19.541666666666668, 19.551020408163264, 19.56, 19.568627450980394, 19.576923076923077, 19.58490566037736, 19.59259259259259, 19.6, 19.607142857142858, 19.614035087719298, 19.620689655172413, 19.627118644067796, 19.633333333333333, 19.639344262295083, 19.64516129032258, 19.650793650793652, 19.65625, 19.661538461538463, 19.666666666666668, 19.671641791044777, 19.676470588235293, 19.681159420289855, 19.685714285714287], "connectivity": [1.0, 1.0, 1.0, 1.0, 1.0, 1.0, 1.0, 1.0, 1.0, 1.0, 1.0, 1.0, 1.0, 1.0, 1.0, 1.0, 1.0, 1.0, 1.0, 1.0, 2.0, 3.0, 4.0, 4.0, 5.0, 6.0, 7.0, 8.0, 9.0, 9.0, 10.0, 11.0, 12.0, 13.0, 14.0, 15.0, 16.0, 17.0, 18.0, 18.0, 19.0, 20.0, 21.0, 22.0, 23.0, 24.0, 25.0, 25.0, 26.0, 27.0], "sparseness": [0.9523809523809523, 0.9090909090909091, 0.8695652173913043, 0.8315217391304348, 0.7966666666666666, 0.7661538461538462, 0.7378917378917379, 0.7116402116402116, 0.687192118226601, 0.664367816091954, 0.6430107526881721, 0.6229838709677419, 0.6041666666666666, 0.5864527629233511, 0.5697478991596638, 0.553968253968254, 0.539039039039039, 0.5248933143669986, 0.5114709851551957, 0.4987179487179487, 0.4865853658536585, 0.47502903600464574, 0.4640088593576966, 0.45348837209302323, 0.44343434343434346, 0.43381642512077295, 0.4246068455134135, 0.4157801418439716, 0.407312925170068, 0.39918367346938777, 0.39137254901960783, 0.3838612368024133, 0.37663280116110304, 0.3696715583508036, 0.362962962962963, 0.3564935064935065, 0.35025062656641603, 0.3442226255293406, 0.3383985973115137, 0.3327683615819209, 0.3273224043715847, 0.3220518244315177, 0.3169482846902202, 0.31200396825396826, 0.3072115384615385, 0.30256410256410254, 0.29805517865219355, 0.29367866549604915, 0.2894288150042626, 0.28530020703933745], "hubs": [12.0, 9.0, 8.0, 8.0, 4.0, 4.0, 3.0, 3.0, 4.0, 3.0, 5.0, 4.0, 4.0, 4.0, 4.0, 4.0, 4.0, 4.0, 4.0, 4.0, 5.0, 5.0, 5.0, 5.0, 5.0, 5.0, 5.0, 5.0, 5.0, 5.0, 6.0, 6.0, 6.0, 6.0, 6.0, 6.0, 6.0, 6.0, 6.0, 6.0, 7.0, 7.0, 7.0, 7.0, 7.0, 7.0, 7.0, 7.0, 7.0, 7.0], "clusters": [2.0, 2.0, 2.0, 2.0, 2.0, 2.0, 2.0, 2.0, 2.0, 2.0, 2.0, 2.0, 2.0, 2.0, 2.0, 2.0, 2.0, 2.0, 2.0, 2.0, 2.0, 2.0, 2.0, 2.0, 2.0, 2.0, 2.0, 2.0, 3.0, 3.0, 3.0, 3.0, 3.0, 3.0, 2.0, 3.0, 2.0, 3.0, 3.0, 3.0, 3.0, 3.0, 2.0, 2.0, 2.0, 2.0, 2.0, 3.0, 2.0, 2.0], "communities": [2.0, 2.0, 2.0, 2.0, 2.0, 2.0, 2.0, 2.0, 2.0, 2.0, 2.0, 2.0, 2.0, 2.0, 2.0, 2.0, 2.0, 2.0, 2.0, 2.0, 2.0, 2.0, 2.0, 2.0, 2.0, 2.0, 2.0, 2.0, 3.0, 3.0, 3.0, 3.0, 3.0, 3.0, 2.0, 3.0, 2.0, 3.0, 3.0, 3.0, 3.0, 3.0, 2.0, 2.0, 2.0, 2.0, 2.0, 3.0, 2.0, 2.0], "fourier": [1.7739112623105768, 1.7825531721304728, 1.7902607092812637, 1.795425477860013, 1.800072892117192, 1.8046604932647885, 1.8086324121255029, 1.812070660568526, 1.8144523279807858, 1.8161794913704064, 1.817942229790147, 1.819175416679954, 1.8195392755976616, 1.8195935105540586, 1.820202645586472, 1.8205752856713506, 1.8198321361926166, 1.8186665633017616, 1.8184667427999999, 1.8179308410531192, 1.8164348367819163, 1.8146594752994314, 1.8125505091992502, 1.8101304780189076, 1.8077129549869098, 1.8052011410702533, 1.8022130418073212, 1.7991846510410792, 1.795656603452786, 1.7913117912235879, 1.7869741890673474, 1.7834741944203785, 1.7800372705627654, 1.7769574689978056, 1.773791199554223, 1.7696327424639315, 1.7656341944158471, 1.7610499812958968, 1.7568308035788585, 1.7522547342466297, 1.7474838470828535, 1.7434167966883474, 1.7395170859161528, 1.7362477083303427, 1.731546043297718, 1.727710864092379, 1.7252555535681713, 1.7212919234023536, 1.7167933180174, 1.712313687047557], "commute_time_efficiency": [1.0, 0.9978354978354979, 0.9940711462450593, 0.9873188405797102, 0.98, 0.9738461538461538, 0.9686609686609686, 0.9603174603174603, 0.9532019704433498, 0.9459770114942528, 0.9387096774193548, 0.9314516129032258, 0.9251893939393939, 0.9180035650623886, 0.9117647058823529, 0.9047619047619048, 0.8978978978978979, 0.8911806543385491, 0.8846153846153846, 0.8782051282051282, 0.8725609756097561, 0.8658536585365854, 0.8604651162790697, 0.854122621564482, 0.8484848484848485, 0.8429951690821256, 0.8376503237742831, 0.8324468085106383, 0.8273809523809523, 0.8224489795918367, 0.8184313725490197, 0.8144796380090498, 0.8098693759071117, 0.8050314465408805, 0.8003367003367003, 0.7961038961038961, 0.7919799498746867, 0.7882637628554144, 0.7846288720046757, 0.7807909604519774, 0.7770491803278688, 0.7734003172924379, 0.7698412698412699, 0.7663690476190477, 0.7629807692307692, 0.7596736596736596, 0.7564450474898237, 0.7532923617208077, 0.7502131287297528, 0.7472049689440994],