{"llama_1b_instruct": {"clustering": [0.07685674940144858, 0.07414528947798636, 0.07284089894437716, 0.07270342752037813], "average_shortest_path_length": [Infinity, Infinity, Infinity, Infinity], "average_degree": [4.380952380952381, 4.409090909090909, 4.434782608695652, 4.458333333333333], "connectivity": [7.0, 8.0, 10.0, 11.0], "sparseness": [0.21904761904761905, 0.20995670995670995, 0.2015810276679842, 0.19384057971014493], "hubs": [4.0, 5.0, 5.0, 4.0], "clusters": [3.0, 3.0, 3.0, 2.0], "communities": [3.0, 3.0, 3.0, 2.0], "fourier": [1.0022195834424057, 0.9853880211353716, 0.9724867034915868, 0.9624164668984415], "commute_time_efficiency": [0.7047619047619048, 0.696969696969697, 0.6877470355731226, 0.6793478260869565], "pagerank": [0.28898512789537006, 0.28497028755534276, 0.2835611241047513, 0.2831337297405838], "eigenvector_centrality": [0.0, 0.0, 0.0, 0.0], "cycle_count": [66.0, 70.0, 73.0, 76.0]}, "llama_8b_instruct": {"clustering": [0.10959075944124967, 0.1087848442709371, 0.10819511236500831, 0.1079648181412284, 0.10818183480462487, 0.10814076244206544, 0.10777712343883016, 0.10755392922545019, 0.10743634471700367, 0.10706450749723317, 0.10684219578267712, 0.10708672400055783, 0.10684480736789904, 0.10654283148991964, 0.10628335622786778, 0.10599739050828358, 0.10561696971964991, 0.10524269686666447, 0.10495698762655355, 0.1047984494821435, 0.10475236880241154, 0.10451492129915294, 0.10415547174114656, 0.10394559979704111, 0.1037993057502579, 0.10349247442164748, 0.10329741207458266, 0.1030571743668001, 0.10275128826256508, 0.10247936994584934, 0.10226373607751796, 0.10207432322668195, 0.10187922790927735, 0.10161623936224631, 0.10135304062791108, 0.10110114981191, 0.10085618847904665, 0.10061248663770644, 0.10035933482903163, 0.10012085695364958, 0.099874590846422, 0.09961178858877764, 0.09938111235539696, 0.09895536218283343, 0.09868934410222284, 0.09846380636048498, 0.09831781114764951, 0.09808304235756699, 0.09784310660263414, 0.0976128934351492], "average_shortest_path_length": [Infinity, Infinity, Infinity, Infinity, Infinity, Infinity, Infinity, Infinity, Infinity, Infinity, Infinity, Infinity, Infinity, Infinity, Infinity, Infinity, Infinity, Infinity, Infinity, Infinity, Infinity, Infinity, Infinity, Infinity, Infinity, Infinity, Infinity, Infinity, Infinity, Infinity, Infinity, Infinity, Infinity, Infinity, Infinity, Infinity, Infinity, Infinity, Infinity, Infinity, Infinity, Infinity, Infinity, Infinity, Infinity, Infinity, Infinity, Infinity, Infinity, Infinity], "average_degree": [4.666666666666667, 4.681818181818182, 4.695652173913044, 4.708333333333333, 4.72, 4.730769230769231, 4.7407407407407405, 4.75, 4.758620689655173, 4.766666666666667, 4.774193548387097, 4.78125, 4.787878787878788, 4.794117647058823, 4.8, 4.805555555555555, 4.8108108108108105, 4.815789473684211, 4.82051282051282, 4.825, 4.829268292682927, 4.833333333333333, 4.837209302325581, 4.840909090909091, 4.844444444444444, 4.8478260869565215, 4.851063829787234, 4.854166666666667, 4.857142857142857, 4.86, 4.862745098039215, 4.865384615384615, 4.867924528301887, 4.87037037037037, 4.872727272727273, 4.875, 4.87719298245614, 4.879310344827586, 4.88135593220339, 4.883333333333334, 4.885245901639344, 4.887096774193548, 4.888888888888889, 4.890625, 4.892307692307693, 4.893939393939394, 4.895522388059701, 4.897058823529412, 4.898550724637682, 4.9], "connectivity": [12.0, 13.0, 14.0, 15.0, 16.0, 17.0, 18.0, 19.0, 20.0, 21.0, 22.0, 23.0, 24.0, 25.0, 26.0, 27.0, 28.0, 29.0, 30.0, 31.0, 32.0, 33.0, 34.0, 35.0, 36.0, 37.0, 38.0, 39.0, 40.0, 41.0, 42.0, 43.0, 44.0, 45.0, 46.0, 47.0, 48.0, 49.0, 50.0, 51.0, 52.0, 53.0, 54.0, 55.0, 56.0, 57.0, 58.0, 59.0, 60.0, 61.0], "sparseness": [0.23333333333333334, 0.22294372294372294, 0.2134387351778656, 0.20471014492753623, 0.19666666666666666, 0.18923076923076923, 0.18233618233618235, 0.17592592592592593, 0.16995073891625614, 0.16436781609195403, 0.15913978494623657, 0.15423387096774194, 0.14962121212121213, 0.14527629233511585, 0.1411764705882353, 0.1373015873015873, 0.13363363363363365, 0.1301564722617354, 0.12685560053981107, 0.12371794871794872, 0.12073170731707317, 0.11788617886178862, 0.11517165005537099, 0.11257928118393234, 0.1101010101010101, 0.10772946859903382, 0.10545790934320073, 0.10328014184397163, 0.10119047619047619, 0.09918367346938775, 0.09725490196078432, 0.0953996983408748, 0.09361393323657474, 0.09189378057302586, 0.09023569023569024, 0.08863636363636364, 0.08709273182957393, 0.08560193587416817, 0.08416130917592052, 0.0827683615819209, 0.0814207650273224, 0.08011634056054998, 0.07885304659498207, 0.07762896825396826, 0.0764423076923077, 0.07529137529137529, 0.0741745816372682, 0.07309043020193152, 0.07203751065643649, 0.07101449275362319], "hubs": [3.0, 3.0, 3.0, 3.0, 3.0, 3.0, 3.0, 3.0, 3.0, 3.0, 4.0, 4.0, 4.0, 4.0, 4.0, 4.0, 4.0, 4.0, 4.0, 4.0, 5.0, 5.0, 5.0, 5.0, 5.0, 5.0, 5.0, 5.0, 5.0, 5.0, 6.0, 6.0, 6.0, 6.0, 6.0, 6.0, 6.0, 6.0, 6.0, 6.0, 7.0, 7.0, 7.0, 7.0, 7.0, 7.0, 7.0, 7.0, 7.0, 7.0], "clusters": [2.0, 2.0, 2.0, 2.0, 2.0, 2.0, 2.0, 2.0, 2.0, 2.0, 2.0, 2.0, 2.0, 2.0, 2.0, 2.0, 2.0, 2.0, 2.0, 2.0, 2.0, 2.0, 2.0, 2.0, 2.0, 2.0, 2.0, 2.0, 2.0, 2.0, 2.0, 2.0, 2.0, 2.0, 2.0, 2.0, 2.0, 2.0, 2.0, 2.0, 2.0, 2.0, 2.0, 2.0, 2.0, 2.0, 2.0, 2.0, 2.0, 2.0], "communities": [2.0, 2.0, 2.0, 2.0, 2.0, 2.0, 2.0, 2.0, 2.0, 2.0, 2.0, 2.0, 2.0, 2.0, 2.0, 2.0, 2.0, 2.0, 2.0, 2.0, 2.0, 2.0, 2.0, 2.0, 2.0, 2.0, 2.0, 2.0, 2.0, 2.0, 2.0, 2.0, 2.0, 2.0, 2.0, 2.0, 2.0, 2.0, 2.0, 2.0, 2.0, 2.0, 2.0, 2.0, 2.0, 2.0, 2.0, 2.0, 2.0, 2.0], "fourier": [1.2325201701438933, 1.2135351879257532, 1.1991761628782474, 1.188501398189899, 1.178808587363281, 1.1694185855974324, 1.1595204280648932, 1.149308297674119, 1.1374412780513616, 1.125905115189398, 1.1157172064551688, 1.1057586046547658, 1.0939640307384397, 1.083386630021328, 1.0746167118255696, 1.0661417487096638, 1.0563735603820117, 1.0469770683310538, 1.0400304209786677, 1.0335502605354026, 1.0273498684788012, 1.0204032857487861, 1.0124286234079645, 1.0045864887428126, 0.9979432948086567, 0.9915170146100879, 0.9853800630463259, 0.9794204161856458, 0.973152079054467, 0.9666638398197227, 0.9603440100719404, 0.9547184797630156, 0.9489514081570389, 0.942897786476548, 0.9372205152572206, 0.9315212054873022, 0.9261468705825652, 0.9205741165001665, 0.9153203884445047, 0.9100147242828187, 0.9046672735690442, 0.8998290624941258, 0.8952643028257964, 0.8914910496345165, 0.8867676958584902, 0.882274262736163, 0.8790658015436474, 0.8749744419540523, 0.8706170562897545, 0.8663424866666816], "commute_time_efficiency": [0.7119047619047619, 0.7034632034632035, 0.6956521739130435, 0.6884057971014492, 0.6816666666666666, 0.6753846153846154, 0.6695156695156695, 0.6640211640211641, 0.6588669950738916, 0.6540229885057471, 0.6494623655913978, 0.6451612903225806, 0.6410984848484849, 0.6372549019607843, 0.6336134453781512, 0.6301587301587301, 0.6268768768768769, 0.6237553342816501, 0.6207827260458839, 0.617948717948718, 0.6152439024390244, 0.6126596980255516, 0.6101882613510521, 0.6078224101479915, 0.6055555555555555, 0.6033816425120773, 0.6012950971322849, 0.599290780141844, 0.5973639455782312, 0.5955102040816327, 0.5937254901960785, 0.5920060331825038, 0.5903483309143687, 0.5887491264849756, 0.5872053872053872, 0.5857142857142857, 0.5842731829573935, 0.5828796128251663, 0.581531268264173, 0.580225988700565, 0.5789617486338798, 0.5777366472765733, 0.5765488991295443, 0.5753968253968254, 0.5740384615384615, 0.5729603729603729, 0.5719131614654003, 0.5708955223880597, 0.5699062233589087, 0.568944099378882],