{"llama_1b_instruct": {"clustering": [0.07267053338298006, 0.06936732732011733, 0.06635135656706875, 0.06328852186080439], "average_shortest_path_length": [Infinity, Infinity, Infinity, Infinity], "average_degree": [2.0952380952380953, 2.0, 1.9130434782608696, 1.875], "connectivity": [21.0, 22.0, 23.0, 24.0], "sparseness": [0.10476190476190476, 0.09523809523809523, 0.08695652173913043, 0.08152173913043478], "hubs": [3.0, 3.0, 3.0, 3.0], "clusters": [7.0, 8.0, 9.0, 9.0], "communities": [7.0, 8.0, 9.0, 9.0], "fourier": [0.7288138196786234, 0.6956859187841405, 0.6654387049239605, 0.6460822647832686], "commute_time_efficiency": [0.3904761904761905, 0.354978354978355, 0.3241106719367589, 0.3278985507246377], "pagerank": [0.3162892489587179, 0.3085704314671271, 0.30122264680986877, 0.30790166218952825], "eigenvector_centrality": [0.0, 0.0, 0.0, 0.0], "cycle_count": [29.0, 29.0, 29.0, 29.0]}, "llama_8b_instruct": {"clustering": [0.11690645744503472, 0.11138714348562145, 0.10637455909775036, 0.10180089821377114, 0.09761009671109902, 0.0937553682748772, 0.09019734127252368, 0.08690263112267424, 0.08390598867016823, 0.08110912238116262, 0.07843352445517869, 0.07624738712618245, 0.07392619786236321, 0.07175407785561773, 0.06970396134545723, 0.06777281619501492, 0.06594154506084354, 0.06420582586896151, 0.06255952264155223, 0.06095669360477216, 0.059433210715769874, 0.05801911483951444, 0.05666983309906062, 0.05537929527925836, 0.05414899487709864, 0.05294342527854314, 0.051816177420887836, 0.05073667372461934, 0.04970123140370874, 0.048707206775634566, 0.04775216350552408, 0.04683385266887939, 0.04595019507135336, 0.04509926553299497, 0.04427927888694051, 0.043488577478245145, 0.04272561997862681, 0.041988971358305656, 0.04127729387765641, 0.04058933897969547, 0.03992393998002833, 0.039280005464221425, 0.03865651331399569, 0.037945666219558395, 0.0373618867392575, 0.03679602865209655, 0.036246479882456384, 0.03571198388750187, 0.035194418903625034, 0.0346916414907161], "average_shortest_path_length": [Infinity, Infinity, Infinity, Infinity, Infinity, Infinity, Infinity, Infinity, Infinity, Infinity, Infinity, Infinity, Infinity, Infinity, Infinity, Infinity, Infinity, Infinity, Infinity, Infinity, Infinity, Infinity, Infinity, Infinity, Infinity, Infinity, Infinity, Infinity, Infinity, Infinity, Infinity, Infinity, Infinity, Infinity, Infinity, Infinity, Infinity, Infinity, Infinity, Infinity, Infinity, Infinity, Infinity, Infinity, Infinity, Infinity, Infinity, Infinity, Infinity, Infinity], "average_degree": [2.9523809523809526, 2.8636363636363638, 2.782608695652174, 2.7083333333333335, 2.64, 2.576923076923077, 2.5185185185185186, 2.4642857142857144, 2.3793103448275863, 2.3, 2.2580645161290325, 2.1875, 2.121212121212121, 2.0588235294117645, 2.0, 1.9444444444444444, 1.8918918918918919, 1.8421052631578947, 1.794871794871795, 1.775, 1.7560975609756098, 1.7142857142857142, 1.6744186046511629, 1.6363636363636365, 1.6, 1.565217391304348, 1.5319148936170213, 1.5, 1.469387755102041, 1.44, 1.411764705882353, 1.3846153846153846, 1.3584905660377358, 1.3333333333333333, 1.309090909090909, 1.2857142857142858, 1.263157894736842, 1.2413793103448276, 1.2203389830508475, 1.2, 1.180327868852459, 1.1612903225806452, 1.1428571428571428, 1.125, 1.1076923076923078, 1.0909090909090908, 1.0746268656716418, 1.0588235294117647, 1.0434782608695652, 1.0285714285714285], "connectivity": [21.0, 22.0, 23.0, 24.0, 25.0, 26.0, 27.0, 28.0, 29.0, 30.0, 31.0, 32.0, 33.0, 34.0, 35.0, 36.0, 37.0, 38.0, 39.0, 40.0, 41.0, 42.0, 43.0, 44.0, 45.0, 46.0, 47.0, 48.0, 49.0, 50.0, 51.0, 52.0, 53.0, 54.0, 55.0, 56.0, 57.0, 58.0, 59.0, 60.0, 61.0, 62.0, 63.0, 64.0, 65.0, 66.0, 67.0, 68.0, 69.0, 70.0], "sparseness": [0.14761904761904762, 0.13636363636363635, 0.12648221343873517, 0.11775362318840579, 0.11, 0.10307692307692308, 0.09686609686609686, 0.09126984126984126, 0.08497536945812807, 0.07931034482758621, 0.07526881720430108, 0.07056451612903226, 0.06628787878787878, 0.062388591800356503, 0.058823529411764705, 0.05555555555555555, 0.052552552552552555, 0.049786628733997154, 0.04723346828609987, 0.04551282051282051, 0.04390243902439024, 0.041811846689895474, 0.03986710963455149, 0.03805496828752643, 0.03636363636363636, 0.034782608695652174, 0.03330249768732655, 0.031914893617021274, 0.030612244897959183, 0.029387755102040815, 0.02823529411764706, 0.027149321266968326, 0.026124818577648767, 0.025157232704402517, 0.024242424242424242, 0.023376623376623377, 0.022556390977443608, 0.021778584392014518, 0.02104032729398013, 0.020338983050847456, 0.019672131147540985, 0.019037546271813855, 0.018433179723502304, 0.017857142857142856, 0.01730769230769231, 0.016783216783216783, 0.016282225237449117, 0.015803336259877086, 0.015345268542199489, 0.014906832298136646], "hubs": [3.0, 3.0, 3.0, 3.0, 3.0, 3.0, 3.0, 3.0, 3.0, 3.0, 4.0, 4.0, 4.0, 4.0, 4.0, 4.0, 4.0, 4.0, 4.0, 4.0, 5.0, 5.0, 5.0, 5.0, 5.0, 5.0, 5.0, 5.0, 5.0, 5.0, 10.0, 10.0, 10.0, 10.0, 10.0, 10.0, 10.0, 10.0, 10.0, 10.0, 10.0, 10.0, 10.0, 10.0, 10.0, 10.0, 10.0, 10.0, 10.0, 10.0], "clusters": [2.0, 2.0, 2.0, 2.0, 2.0, 2.0, 2.0, 2.0, 3.0, 4.0, 4.0, 5.0, 6.0, 7.0, 8.0, 9.0, 10.0, 11.0, 12.0, 12.0, 12.0, 13.0, 14.0, 15.0, 16.0, 17.0, 18.0, 19.0, 20.0, 21.0, 22.0, 23.0, 24.0, 25.0, 26.0, 27.0, 28.0, 29.0, 30.0, 31.0, 32.0, 33.0, 34.0, 35.0, 36.0, 37.0, 38.0, 39.0, 40.0, 41.0], "communities": [2.0, 2.0, 2.0, 2.0, 2.0, 2.0, 2.0, 2.0, 3.0, 4.0, 4.0, 5.0, 6.0, 7.0, 8.0, 9.0, 10.0, 11.0, 12.0, 12.0, 12.0, 13.0, 14.0, 15.0, 16.0, 17.0, 18.0, 19.0, 20.0, 21.0, 22.0, 23.0, 24.0, 25.0, 26.0, 27.0, 28.0, 29.0, 30.0, 31.0, 32.0, 33.0, 34.0, 35.0, 36.0, 37.0, 38.0, 39.0, 40.0, 41.0], "fourier": [1.0104338714003813, 0.9736780640464789, 0.9411909506433368, 0.9126117500752229, 0.8862395129436287, 0.8616581969393332, 0.8384662943256762, 0.8165350504381583, 0.7883786693885666, 0.7620993804089478, 0.7440792359738624, 0.7207017929678058, 0.6987460409440421, 0.6782281537015542, 0.6588502064529383, 0.6406206737979319, 0.6233035131929203, 0.6069033493094469, 0.5913426126623004, 0.5816427030947017, 0.5725344307546694, 0.5589197028948449, 0.5459199538967336, 0.5334876441664635, 0.5216294387242444, 0.5103278957506548, 0.4994570330129511, 0.4890516781585146, 0.47906875324282366, 0.46948776301950024, 0.46027775926344866, 0.4514297156029495, 0.4429109279584273, 0.4347088294897244, 0.4268087373019764, 0.4191871527072982, 0.4118342185377881, 0.4047331258273853, 0.39787255172218133, 0.39123892562501283, 0.38482755002637214, 0.3786173676200825, 0.3726108024064873, 0.36674394176521136, 0.3611086928072977, 0.3556112193711704, 0.3502982644109315, 0.3451469004670108, 0.3401473398723149, 0.33529042828449646], "commute_time_efficiency": [0.6476190476190476, 0.6363636363636364, 0.6264822134387352, 0.6177536231884058, 0.61, 0.6030769230769231, 0.5968660968660968, 0.5912698412698413, 0.5504926108374384, 0.5137931034482759, 0.5118279569892473, 0.4798387096774194, 0.45075757575757575, 0.42424242424242425, 0.4, 0.37777777777777777, 0.35735735735735735, 0.3385490753911807, 0.32118758434547906, 0.3243589743589744, 0.3274390243902439, 0.3118466898954704, 0.2973421926910299, 0.28382663847780126, 0.27121212121212124, 0.2594202898550725, 0.24838112858464384, 0.23803191489361702, 0.22831632653061223, 0.21918367346938775, 0.21058823529411766, 0.20248868778280543, 0.19484760522496372, 0.18763102725366876, 0.1808080808080808, 0.17435064935064934, 0.16823308270676693, 0.16243194192377494, 0.15692577440093514, 0.15169491525423728, 0.14672131147540984, 0.141988365943945, 0.13748079877112135, 0.1331845238095238, 0.12908653846153847, 0.12517482517482517, 0.12143826322930801, 0.11786654960491659, 0.11445012787723785, 0.11118012422360249],