{"llama_1b_instruct": {"clustering": [0.0, 0.0, 0.0, 0.0], "average_shortest_path_length": [Infinity, Infinity, Infinity, Infinity], "average_degree": [0.047619047619047616, 0.045454545454545456, 0.043478260869565216, 0.041666666666666664], "connectivity": [21.0, 22.0, 23.0, 24.0], "sparseness": [0.002380952380952381, 0.0021645021645021645, 0.001976284584980237, 0.0018115942028985507], "hubs": [21.0, 22.0, 23.0, 24.0], "clusters": [20.0, 21.0, 22.0, 23.0], "communities": [20.0, 21.0, 22.0, 23.0], "fourier": [0.054086646416886076, 0.0516281624888458, 0.04938345977193946, 0.047325815614775314], "commute_time_efficiency": [0.004761904761904762, 0.004329004329004329, 0.003952569169960474, 0.0036231884057971015], "pagerank": [0.08466809277610911, 0.08096272175016574, 0.07756807058177287, 0.07444662850540856], "eigenvector_centrality": [0.0, 0.0, 0.0, 0.0], "cycle_count": [0.0, 0.0, 0.0, 0.0]}, "llama_8b_instruct": {"clustering": [0.0, 0.0, 0.0, 0.0, 0.0, 0.0, 0.0, 0.0, 0.0, 0.0, 0.0, 0.0, 0.0, 0.0, 0.0, 0.0, 0.0, 0.0, 0.0, 0.0, 0.0, 0.0, 0.0, 0.0, 0.0, 0.0, 0.0, 0.0, 0.0, 0.0, 0.0, 0.0, 0.0, 0.0, 0.0, 0.0, 0.0, 0.0, 0.0, 0.0, 0.0, 0.0, 0.0, 0.0, 0.0, 0.0, 0.0, 0.0, 0.0, 0.0], "average_shortest_path_length": [Infinity, Infinity, Infinity, Infinity, Infinity, Infinity, Infinity, Infinity, Infinity, Infinity, Infinity, Infinity, Infinity, Infinity, Infinity, Infinity, Infinity, Infinity, Infinity, Infinity, Infinity, Infinity, Infinity, Infinity, Infinity, Infinity, Infinity, Infinity, Infinity, Infinity, Infinity, Infinity, Infinity, Infinity, Infinity, Infinity, Infinity, Infinity, Infinity, Infinity, Infinity, Infinity, Infinity, Infinity, Infinity, Infinity, Infinity, Infinity, Infinity, Infinity], "average_degree": [0.047619047619047616, 0.045454545454545456, 0.043478260869565216, 0.041666666666666664, 0.04, 0.038461538461538464, 0.037037037037037035, 0.03571428571428571, 0.034482758620689655, 0.03333333333333333, 0.03225806451612903, 0.03125, 0.030303030303030304, 0.029411764705882353, 0.02857142857142857, 0.027777777777777776, 0.02702702702702703, 0.02631578947368421, 0.02564102564102564, 0.025, 0.024390243902439025, 0.023809523809523808, 0.023255813953488372, 0.022727272727272728, 0.022222222222222223, 0.021739130434782608, 0.02127659574468085, 0.020833333333333332, 0.02040816326530612, 0.02, 0.0196078431372549, 0.019230769230769232, 0.018867924528301886, 0.018518518518518517, 0.01818181818181818, 0.017857142857142856, 0.017543859649122806, 0.017241379310344827, 0.01694915254237288, 0.016666666666666666, 0.01639344262295082, 0.016129032258064516, 0.015873015873015872, 0.015625, 0.015384615384615385, 0.015151515151515152, 0.014925373134328358, 0.014705882352941176, 0.014492753623188406, 0.014285714285714285], "connectivity": [21.0, 22.0, 23.0, 24.0, 25.0, 26.0, 27.0, 28.0, 29.0, 30.0, 31.0, 32.0, 33.0, 34.0, 35.0, 36.0, 37.0, 38.0, 39.0, 40.0, 41.0, 42.0, 43.0, 44.0, 45.0, 46.0, 47.0, 48.0, 49.0, 50.0, 51.0, 52.0, 53.0, 54.0, 55.0, 56.0, 57.0, 58.0, 59.0, 60.0, 61.0, 62.0, 63.0, 64.0, 65.0, 66.0, 67.0, 68.0, 69.0, 70.0], "sparseness": [0.002380952380952381, 0.0021645021645021645, 0.001976284584980237, 0.0018115942028985507, 0.0016666666666666668, 0.0015384615384615385, 0.0014245014245014246, 0.0013227513227513227, 0.0012315270935960591, 0.0011494252873563218, 0.001075268817204301, 0.0010080645161290322, 0.000946969696969697, 0.00089126559714795, 0.0008403361344537816, 0.0007936507936507937, 0.0007507507507507507, 0.0007112375533428165, 0.0006747638326585695, 0.000641025641025641, 0.0006097560975609756, 0.0005807200929152149, 0.0005537098560354374, 0.0005285412262156448, 0.000505050505050505, 0.0004830917874396135, 0.00046253469010175765, 0.0004432624113475177, 0.00042517006802721087, 0.00040816326530612246, 0.000392156862745098, 0.0003770739064856712, 0.000362844702467344, 0.00034940600978336826, 0.0003367003367003367, 0.0003246753246753247, 0.0003132832080200501, 0.00030248033877797946, 0.0002922267679719462, 0.0002824858757062147, 0.000273224043715847, 0.00026441036488630354, 0.0002560163850486431, 0.000248015873015873, 0.0002403846153846154, 0.0002331002331002331, 0.0002261420171867933, 0.00021949078138718174, 0.00021312872975277067, 0.00020703933747412008], "hubs": [21.0, 22.0, 23.0, 24.0, 25.0, 26.0, 27.0, 28.0, 29.0, 30.0, 31.0, 32.0, 33.0, 34.0, 35.0, 36.0, 37.0, 38.0, 39.0, 40.0, 41.0, 42.0, 43.0, 44.0, 45.0, 46.0, 47.0, 48.0, 49.0, 50.0, 51.0, 52.0, 53.0, 54.0, 55.0, 56.0, 57.0, 58.0, 59.0, 60.0, 61.0, 62.0, 63.0, 64.0, 65.0, 66.0, 67.0, 68.0, 69.0, 70.0], "clusters": [20.0, 21.0, 22.0, 23.0, 24.0, 25.0, 26.0, 27.0, 28.0, 29.0, 30.0, 31.0, 32.0, 33.0, 34.0, 35.0, 36.0, 37.0, 38.0, 39.0, 40.0, 41.0, 42.0, 43.0, 44.0, 45.0, 46.0, 47.0, 48.0, 49.0, 50.0, 51.0, 52.0, 53.0, 54.0, 55.0, 56.0, 57.0, 58.0, 59.0, 60.0, 61.0, 62.0, 63.0, 64.0, 65.0, 66.0, 67.0, 68.0, 69.0], "communities": [20.0, 21.0, 22.0, 23.0, 24.0, 25.0, 26.0, 27.0, 28.0, 29.0, 30.0, 31.0, 32.0, 33.0, 34.0, 35.0, 36.0, 37.0, 38.0, 39.0, 40.0, 41.0, 42.0, 43.0, 44.0, 45.0, 46.0, 47.0, 48.0, 49.0, 50.0, 51.0, 52.0, 53.0, 54.0, 55.0, 56.0, 57.0, 58.0, 59.0, 60.0, 61.0, 62.0, 63.0, 64.0, 65.0, 66.0, 67.0, 68.0, 69.0], "fourier": [0.053297318594195675, 0.050874713203550415, 0.048662769151222134, 0.046635153769921216, 0.04476974761912436, 0.04304783424915804, 0.041453470017707744, 0.039972988945646756, 0.03859461001648652, 0.03730812301593697, 0.036104635176713196, 0.03485011956335657, 0.03379405533416394, 0.032800112530217945, 0.031862966457926, 0.03097788405631695, 0.030140643946686762, 0.02934746910598448, 0.028594969898138724, 0.027880095650685256, 0.027200093317741713, 0.026552472048271672, 0.025934972698311864, 0.02534554150062296, 0.02478230724505356, 0.024258637287534045, 0.023742496068650344, 0.023247860733886794, 0.022773414596460533, 0.022317946304531322, 0.021880339514246394, 0.02145956375435704, 0.021054666325029548, 0.02066476509678826, 0.020289042095028475, 0.019926737771902965, 0.019577145881167827, 0.019239608883216658, 0.018913513817399426, 0.018598288587109435, 0.018293398610271575, 0.017998343793976874, 0.01771265579724708, 0.017482122400111082, 0.017213166670878605, 0.016952361115259232, 0.01669934080010611, 0.016453762258928077, 0.016215301936334917, 0.015983654765815848], "commute_time_efficiency": [0.004761904761904762, 0.004329004329004329, 0.003952569169960474, 0.0036231884057971015, 0.0033333333333333335, 0.003076923076923077, 0.002849002849002849, 0.0026455026455026454, 0.0024630541871921183, 0.0022988505747126436, 0.002150537634408602, 0.0020161290322580645, 0.001893939393939394, 0.0017825311942959, 0.0016806722689075631, 0.0015873015873015873, 0.0015015015015015015, 0.001422475106685633, 0.001349527665317139, 0.001282051282051282, 0.0012195121951219512, 0.0011614401858304297, 0.0011074197120708748, 0.0010570824524312897, 0.00101010101010101, 0.000966183574879227, 0.0009250693802035153, 0.0008865248226950354, 0.0008503401360544217, 0.0008163265306122449, 0.000784313725490196, 0.0007541478129713424, 0.000725689404934688, 0.0006988120195667365, 0.0006734006734006734, 0.0006493506493506494, 0.0006265664160401002, 0.0006049606775559589, 0.0005844535359438924, 0.0005649717514124294, 0.000546448087431694, 0.0005288207297726071, 0.0005120327700972862, 0.000496031746031746, 0.0004807692307692308, 0.0004662004662004662, 0.0004522840343735866, 0.0004389815627743635, 0.00042625745950554135, 0.00041407867494824016],