{"mistral_8b_instruct": {"clustering": [0.007088826149929807, 0.007045477646594258, 0.0070462648880060905, 0.0046383021801158515, 0.004586284078479284], "average_degree": [19.244897959183675, 19.24, 19.235294117647058, 19.403846153846153, 19.39622641509434], "pagerank": [0.21284552841716453, 0.2087371602187175, 0.20439841514981705, 0.18203331033838235, 0.1798380714177403]}, "mistral_24b_instruct": {"clustering": [0.0060917732423652286, 0.006042234489571748, 0.006031113528577932, 0.004050582914462079, 0.004008523554947953], "average_degree": [19.367346938775512, 19.36, 19.352941176470587, 19.5, 19.49056603773585], "pagerank": [0.2352611545254619, 0.23080989380320432, 0.22538217692013152, 0.204938764174206, 0.20300659835761484]}, "qwen_1.5b_instruct": {"clustering": [0.006459838672851225, 0.006383265695578045, 0.006321171663905394, 0.006308362930392891, 0.004777053354556806], "average_degree": [19.270833333333332, 19.26530612244898, 19.26, 19.254901960784313, 19.384615384615383], "pagerank": [0.2037862053590679, 0.20171675275948073, 0.1976245133364724, 0.19325084679236085, 0.18522322478438147]}, "qwen_3b_instruct": {"clustering": [0.00544239973481631, 0.005370241108533697, 0.005333081867319314, 0.005321067804804809, 0.003935230470040524, 0.0038944833933055867, 0.0038863241471474583, 0.003891174769604391, 0.002993262768064061, 0.0029715317774285295, 0.0029953108367216067, 0.0029955729741321007, 0.0026972082092872737, 0.002709906695201246, 0.0026906667659246895, 0.0027050034472765115, 0.0003689225002894927, 0.0003767799085399676, 0.00037144781808745516, 0.0003734831248785196, 0.0030493014980885027, 0.0030231177676009278, 0.0030562378206239146, 0.003035351070631733, 0.005629498293813785, 0.005595174236719968, 0.005614783792545843, 0.0055870761398927994, 0.004670762262383909, 0.004648321424149126, 0.004635070200402795, 0.004651849688441458, 0.007176318500382517, 0.007141176606572891], "average_degree": [19.375, 19.367346938775512, 19.36, 19.352941176470587, 19.442307692307693, 19.433962264150942, 19.425925925925927, 19.418181818181818, 19.410714285714285, 19.403508771929825, 19.396551724137932, 19.389830508474578, 19.55, 19.540983606557376, 19.532258064516128, 19.523809523809526, 19.4375, 19.43076923076923, 19.424242424242426, 19.417910447761194, 19.514705882352942, 19.507246376811594, 19.5, 19.492957746478872, 19.51388888888889, 19.52054794520548, 19.5, 19.493333333333332, 19.460526315789473, 19.467532467532468, 19.44871794871795, 19.455696202531644, 19.55, 19.54320987654321], "pagerank": [0.22717065052952864, 0.22464692270284292, 0.22089565415302279, 0.21527702902955967, 0.17281006553204056, 0.1708967701538688, 0.16818243339892472, 0.1642745580866595, 0.1904882620660097, 0.1885639525357621, 0.184273845077728, 0.18080299454038196, 0.12443913570237691, 0.1232278347131599, 0.12112250081873802, 0.11879444640278294, 0.09712679238758999, 0.09586586395133671, 0.0940797995800152, 0.0921229984987771, 0.1323423672228974, 0.1309248518260842, 0.12830357401524986, 0.126504317995031, 0.16760733283617477, 0.16677531188535438, 0.1644655133537242, 0.1619986931974996, 0.1553670970519957, 0.15383634923222847, 0.1525969029163767, 0.14988545404373513, 0.18380572141914198, 0.1830232493474822]}, "qwen_7b_instruct": {"clustering": [0.00594303659154602, 0.0058797215228308655, 0.005834570516473739, 0.005811465395834939, 0.004832983170118723], "average_degree": [19.333333333333332, 19.3265306122449, 19.3, 19.313725490196077, 19.423076923076923], "pagerank": [0.20810678712943678, 0.20441009531315682, 0.20127813090563265, 0.19737215256559779, 0.19299021835340477]}, "llama_1b_instruct": {"clustering": [0.007459982343634101, 0.007365532000629969, 0.007337411083332226], "average_degree": [19.08888888888889, 19.08695652173913, 19.06382978723404], "pagerank": [0.1817325629318658, 0.17788414808042236, 0.1734659702021147]}, "llama_8b_instruct": {"clustering": [0.003866859848269353, 0.003840678359831134, 0.003885804259025125, 0.006777557283708433, 0.006723023979831215, 0.0066817581077213495, 0.0066786047330515885, 0.0039062003761048706, 0.003881664684687786, 0.0038469197652535795, 0.0038445728632865088, 0.003937116188946882, 0.0038964371256051625, 0.003913946430790122, 0.003907317902954525, 0.003122096411040479, 0.0031175353618118945, 0.003082491539073975], "average_degree": [19.355555555555554, 19.347826086956523, 19.340425531914892, 19.229166666666668, 19.224489795918366, 19.22, 19.215686274509803, 19.384615384615383, 19.37735849056604, 19.37037037037037, 19.363636363636363, 19.303571428571427, 19.29824561403509, 19.29310344827586, 19.28813559322034, 19.45, 19.442622950819672, 19.43548387096774], "pagerank": [0.21800397925544895, 0.21312730482452438, 0.2075785767950249, 0.2251240501312106, 0.2224511378463485, 0.21852654701588617, 0.21338086645314855, 0.23245264964785267, 0.22990404780376014, 0.22564200778500165, 0.21986675536561376, 0.21157735859396815, 0.20940251489813885, 0.20560586910616344, 0.20167519790325153, 0.20144538539439336, 0.19946146394634318, 0.19618689317839597]}, "gemma_2b_instruct": {"clustering": [0.006553766326671983, 0.004771612126954314], "average_degree": [19.176470588235293, 19.346153846153847], "pagerank": [0.2014306006394365, 0.2026968491228099]}, "gemma_9b_instruct": {"clustering": [0.004637710351418668, 0.002830572842490733, 0.0028126034964446093, 0.0027982390505219977, 0.002811330356435338, 0.00238270265270799], "average_degree": [19.333333333333332, 19.48076923076923, 19.471698113207548, 19.462962962962962, 19.454545454545453, 19.410714285714285], "pagerank": [0.22377776208133537, 0.19976323100629065, 0.19761901164039603, 0.1936514422644675, 0.18935512442090896, 0.21234121260545538]}, "gemma_27b_instruct": {"clustering": [0.003442234892109403, 0.0021198048628198276, 0.0021031262032330214, 0.002087971755219461, 0.0020974433161449124], "average_degree": [19.352941176470587, 19.48076923076923, 19.471698113207548, 19.462962962962962, 19.454545454545453], "pagerank": [0.23860109938495183, 0.20401175681661748, 0.20202110564962295, 0.1974701738544038, 0.19359053609736723]}}