{"mistral_8b_instruct": {"clustering": [0.007088826149929807, 0.007045477646594258, 0.0070462648880060905, 0.0046383021801158515, 0.004586284078479284], "average_degree": [19.244897959183675, 19.24, 19.235294117647058, 19.403846153846153, 19.39622641509434], "pagerank": [0.21284552841716453, 0.2087371602187175, 0.20439841514981705, 0.18203331033838235, 0.1798380714177403]}, "mistral_24b_instruct": {"clustering": [0.0060917732423652286, 0.006042234489571748, 0.006031113528577932, 0.004050582914462079, 0.004008523554947953], "average_degree": [19.367346938775512, 19.36, 19.352941176470587, 19.5, 19.49056603773585], "pagerank": [0.2352611545254619, 0.23080989380320432, 0.22538217692013152, 0.204938764174206, 0.20300659835761484]}, "qwen_1.5b_instruct": {"clustering": [0.006459838672851225, 0.006383265695578045, 0.006321171663905394, 0.006308362930392891, 0.004777053354556806, 0.004719364240255747, 0.004693102231035063, 0.0047005785424962514, 0.0041461117227286235, 0.004108977607400126, 0.004122233100885259, 0.004132248554547886, 0.0030241237419963455, 0.003026300148135808, 0.00299232486584661, 0.003017847185722256, 0.00083379479420288, 0.0008038424401723508, 0.0007860253481014552, 0.0007946921878861136, 0.002777967817552595, 0.0027633254687025603, 0.00280692288035681, 0.0028014782513457103, 0.005219511834516864, 0.005189258329215242, 0.005198108551650391, 0.005161968153851443, 0.004507900094101731, 0.004465624710982066, 0.004463611042600282, 0.004472885957659908, 0.00736772137277895, 0.007331657610286147, 0.007307396146758996, 0.007300744855241735, 0.005667152182540525, 0.00564347727374621, 0.005608023180765026, 0.005624584022892881, 0.006084058548098914, 0.006037414921519843, 0.006022298063723149, 0.0060036851494928364, 0.005912041562864058, 0.005885454765613672, 0.005873339859077271, 0.005868093534868068, 0.005680530465039951, 0.005699292082934459], "average_degree": [19.270833333333332, 19.26530612244898, 19.26, 19.254901960784313, 19.384615384615383, 19.37735849056604, 19.37037037037037, 19.363636363636363, 19.303571428571427, 19.29824561403509, 19.29310344827586, 19.28813559322034, 19.416666666666668, 19.40983606557377, 19.403225806451612, 19.396825396825395, 19.390625, 19.384615384615383, 19.37878787878788, 19.37313432835821, 19.441176470588236, 19.434782608695652, 19.428571428571427, 19.422535211267604, 19.458333333333332, 19.45205479452055, 19.445945945945947, 19.44, 19.42105263157895, 19.415584415584416, 19.41025641025641, 19.40506329113924, 19.475, 19.469135802469136, 19.463414634146343, 19.457831325301203, 19.511904761904763, 19.50588235294118, 19.5, 19.49425287356322, 19.522727272727273, 19.51685393258427, 19.511111111111113, 19.505494505494507, 19.52173913043478, 19.516129032258064, 19.51063829787234, 19.50526315789474, 19.40625, 19.4020618556701], "pagerank": [0.2037862053590679, 0.20171675275948073, 0.1976245133364724, 0.19325084679236085, 0.18522322478438147, 0.18348475768176167, 0.18017114814047638, 0.1763807626521614, 0.20643514597342727, 0.20434280061777452, 0.2004683669978403, 0.19645702184668537, 0.16413031248706983, 0.16195338981759, 0.15985168936836894, 0.15627823285917747, 0.123902687778667, 0.12256657925953787, 0.12068404795873462, 0.11732275381270497, 0.20513334704106242, 0.20414571455755368, 0.2002528417555693, 0.19578830400146843, 0.2160634819828849, 0.2146884375165566, 0.21145466492383239, 0.20822874549231016, 0.20549246037637864, 0.2036489509839052, 0.20096177020601516, 0.19743447498300548, 0.19506539274710552, 0.1937329202699685, 0.19172054060846294, 0.18926338357439199, 0.17308198540283903, 0.1717385969986893, 0.1703909458218602, 0.16724382038841099, 0.20005977824764826, 0.19885539669487828, 0.19662936684750568, 0.19428228157650282, 0.19105687343796846, 0.18968644576404894, 0.18779803521170685, 0.1858083960725568, 0.19290940134730672, 0.1915205165716223]}, "qwen_3b_instruct": {"clustering": [0.00544239973481631, 0.005370241108533697, 0.005333081867319314, 0.005318856672624686, 0.003925424126135084], "average_degree": [19.375, 19.367346938775512, 19.36, 19.352941176470587, 19.442307692307693], "pagerank": [0.22717065052952864, 0.22464692270284292, 0.22089565415302279, 0.21516543380418976, 0.17356298446501714]}, "qwen_7b_instruct": {"clustering": [0.00594303659154602, 0.0058797215228308655, 0.005834570516473739, 0.005811465395834939, 0.004832983170118723], "average_degree": [19.333333333333332, 19.3265306122449, 19.3, 19.313725490196077, 19.423076923076923], "pagerank": [0.20810678712943678, 0.20441009531315682, 0.20127813090563265, 0.19737215256559779, 0.19299021835340477]}, "llama_1b_instruct": {"clustering": [0.007459982343634101, 0.007365532000629969, 0.007337767110160478], "average_degree": [19.08888888888889, 19.08695652173913, 19.06382978723404], "pagerank": [0.1817325629318658, 0.17788414808042236, 0.1734360765403409]}, "llama_8b_instruct": {"clustering": [0.003866859848269353, 0.003840678359831134, 0.003885804259025125], "average_degree": [19.355555555555554, 19.347826086956523, 19.340425531914892], "pagerank": [0.21800397925544895, 0.21312730482452438, 0.2075785767950249]}, "gemma_2b_instruct": {"clustering": [0.006553766326671983, 0.004772403227896316, 0.004735924540677591, 0.004707043712136114, 0.0047178688860264216, 0.005204687472659582, 0.005152461900193914, 0.005176617094109727, 0.0051793624360861245, 0.003625755925116728, 0.0036392723977608146, 0.003606660301797533, 0.003595562004317891, 0.001203758448103938], "average_degree": [19.176470588235293, 19.346153846153847, 19.339622641509433, 19.333333333333332, 19.327272727272728, 19.303571428571427, 19.29824561403509, 19.29310344827586, 19.28813559322034, 19.366666666666667, 19.360655737704917, 19.35483870967742, 19.349206349206348, 19.375], "pagerank": [0.2014306006394365, 0.20273027172739883, 0.20063728880712176, 0.1966654784231825, 0.19197618060072758, 0.204446389649487, 0.20242889040493897, 0.19878660361063674, 0.19438361919788255, 0.18243743583999458, 0.1804585707251039, 0.17746950591402277, 0.17373310719081297, 0.12585442272192096]}, "gemma_9b_instruct": {"clustering": [0.004637710351418668, 0.002830572842490733, 0.0028126034964446093, 0.0027982390505219977, 0.002811330356435338, 0.00238270265270799], "average_degree": [19.333333333333332, 19.48076923076923, 19.471698113207548, 19.462962962962962, 19.454545454545453, 19.410714285714285], "pagerank": [0.22377776208133537, 0.19976323100629065, 0.19761901164039603, 0.1936514422644675, 0.18935512442090896, 0.21234121260545538]}, "gemma_27b_instruct": {"clustering": [0.003442234892109403, 0.0021209101622510895, 0.002104221581707517, 0.002088778361905248, 0.002102431416725156, 0.0020527281711036753, 0.0020312737653920784, 0.002043578668386403, 0.0020532232696006307, 0.00210492415265368], "average_degree": [19.352941176470587, 19.48076923076923, 19.471698113207548, 19.462962962962962, 19.454545454545453, 19.446428571428573, 19.43859649122807, 19.43103448275862, 19.423728813559322, 19.516666666666666], "pagerank": [0.23860109938495183, 0.20407618637516062, 0.202084879549282, 0.1975340308602608, 0.19377143362317498, 0.2086370079026218, 0.2062779415944085, 0.20300096822582636, 0.19822874654650505, 0.17202660495829103]}}