{"gemma_2b_instruct": {"clustering": [0.0361587014089379, 0.03679159367552986, 0.03724100355090533, 0.03771618597940973, 0.03815834519076092, 0.03857904005047342, 0.03896514545716352, 0.039307712607654526, 0.03962827285961354, 0.03995184455280561, 0.04021424566857946, 0.04045407952555938, 0.0406760923688844, 0.0408745849021899, 0.04104423413470302, 0.041078023674043986, 0.04111144891518591, 0.04116568463201568, 0.04116813447519369, 0.04118626904272357, 0.041226491085876865, 0.041274221196732325, 0.04132824038984947, 0.04137961624427055, 0.04138414264246914, 0.04140721519974705, 0.04143054277110967, 0.04145353863256333, 0.041477498213085835, 0.04150522214651321, 0.04152981219429888, 0.04155520869626319, 0.04146075950580209, 0.041389282449841816, 0.04128206302854645, 0.04127104559324179, 0.04126258934456441, 0.04128642680132965, 0.04131169885787413, 0.04134581861300571, 0.041367263308945655, 0.04138045691959495, 0.04139793558852368, 0.0414103596354348, 0.04141888254465803, 0.041434329444134825, 0.041449083696390006, 0.04147077807700898, 0.0414923421460851, 0.04151282260972525], "average_shortest_path_length": [Infinity, Infinity, Infinity, Infinity, Infinity, Infinity, Infinity, Infinity, Infinity, Infinity, Infinity, Infinity, Infinity, Infinity, Infinity, Infinity, Infinity, Infinity, Infinity, Infinity, Infinity, Infinity, Infinity, Infinity, Infinity, Infinity, Infinity, Infinity, Infinity, Infinity, Infinity, Infinity, Infinity, Infinity, Infinity, Infinity, Infinity, Infinity, Infinity, Infinity, Infinity, Infinity, Infinity, Infinity, Infinity, Infinity, Infinity, Infinity, Infinity, Infinity], "average_degree": [9.6, 9.615384615384615, 9.62962962962963, 9.642857142857142, 9.655172413793103, 9.666666666666666, 9.67741935483871, 9.6875, 9.696969696969697, 9.705882352941176, 9.714285714285714, 9.722222222222221, 9.72972972972973, 9.736842105263158, 9.743589743589743, 9.75, 9.75609756097561, 9.761904761904763, 9.767441860465116, 9.772727272727273, 9.777777777777779, 9.782608695652174, 9.787234042553191, 9.791666666666666, 9.795918367346939, 9.8, 9.803921568627452, 9.807692307692308, 9.81132075471698, 9.814814814814815, 9.818181818181818, 9.821428571428571, 9.824561403508772, 9.827586206896552, 9.830508474576272, 9.833333333333334, 9.836065573770492, 9.838709677419354, 9.841269841269842, 9.84375, 9.846153846153847, 9.848484848484848, 9.850746268656716, 9.852941176470589, 9.855072463768115, 9.857142857142858, 9.859154929577464, 9.86111111111111, 9.863013698630137, 9.864864864864865], "connectivity": [6.0, 7.0, 8.0, 9.0, 10.0, 11.0, 12.0, 13.0, 14.0, 15.0, 16.0, 17.0, 18.0, 19.0, 20.0, 20.0, 21.0, 22.0, 23.0, 24.0, 25.0, 26.0, 27.0, 28.0, 29.0, 30.0, 31.0, 32.0, 33.0, 34.0, 35.0, 36.0, 36.0, 37.0, 38.0, 39.0, 40.0, 41.0, 42.0, 43.0, 44.0, 45.0, 46.0, 47.0, 49.0, 50.0, 51.0, 52.0, 53.0, 54.0], "sparseness": [0.4, 0.38461538461538464, 0.37037037037037035, 0.35714285714285715, 0.3448275862068966, 0.3333333333333333, 0.3225806451612903, 0.3125, 0.30303030303030304, 0.29411764705882354, 0.2857142857142857, 0.2777777777777778, 0.2702702702702703, 0.2631578947368421, 0.2564102564102564, 0.25, 0.24390243902439024, 0.23809523809523808, 0.23255813953488372, 0.22727272727272727, 0.2222222222222222, 0.21739130434782608, 0.2127659574468085, 0.20833333333333334, 0.20408163265306123, 0.2, 0.19607843137254902, 0.19230769230769232, 0.18867924528301888, 0.18518518518518517, 0.18181818181818182, 0.17857142857142858, 0.17543859649122806, 0.1724137931034483, 0.1694915254237288, 0.16666666666666666, 0.16393442622950818, 0.16129032258064516, 0.15873015873015872, 0.15625, 0.15384615384615385, 0.15151515151515152, 0.14925373134328357, 0.14705882352941177, 0.14492753623188406, 0.14285714285714285, 0.14084507042253522, 0.1388888888888889, 0.136986301369863, 0.13513513513513514], "hubs": [3.0, 3.0, 3.0, 3.0, 3.0, 3.0, 4.0, 4.0, 4.0, 4.0, 4.0, 4.0, 4.0, 4.0, 4.0, 4.0, 5.0, 5.0, 5.0, 5.0, 5.0, 5.0, 5.0, 5.0, 5.0, 5.0, 6.0, 6.0, 6.0, 6.0, 6.0, 6.0, 6.0, 6.0, 6.0, 6.0, 7.0, 7.0, 7.0, 7.0, 7.0, 7.0, 7.0, 7.0, 7.0, 7.0, 8.0, 8.0, 8.0, 8.0], "clusters": [2.0, 2.0, 2.0, 2.0, 2.0, 2.0, 2.0, 2.0, 2.0, 2.0, 2.0, 2.0, 2.0, 2.0, 2.0, 2.0, 2.0, 2.0, 2.0, 2.0, 2.0, 2.0, 2.0, 2.0, 2.0, 2.0, 2.0, 2.0, 2.0, 2.0, 2.0, 2.0, 2.0, 2.0, 2.0, 2.0, 2.0, 2.0, 2.0, 2.0, 2.0, 2.0, 2.0, 2.0, 2.0, 2.0, 2.0, 2.0, 2.0, 2.0], "communities": [2.0, 2.0, 2.0, 2.0, 2.0, 2.0, 2.0, 2.0, 2.0, 2.0, 2.0, 2.0, 2.0, 2.0, 2.0, 2.0, 2.0, 2.0, 2.0, 2.0, 2.0, 2.0, 2.0, 2.0, 2.0, 2.0, 2.0, 2.0, 2.0, 2.0, 2.0, 2.0, 2.0, 2.0, 2.0, 2.0, 2.0, 2.0, 2.0, 2.0, 2.0, 2.0, 2.0, 2.0, 2.0, 2.0, 2.0, 2.0, 2.0, 2.0], "fourier": [1.7694237368118513, 1.7648328446415793, 1.7582625650790968, 1.7521986180815843, 1.7461602396864184, 1.7395734210432805, 1.732172440268894, 1.723613992491396, 1.7146890199056923, 1.7061958746003973, 1.6983496130840106, 1.6894830613443097, 1.6809535545696137, 1.672230284344899, 1.6636234708800792, 1.655412851900768, 1.6468129608341622, 1.6378852983615628, 1.629078980625122, 1.6205479286492273, 1.612305116074972, 1.6041897684067037, 1.5961421894446621, 1.588293165398307, 1.5799759219333356, 1.5720035924797264, 1.564081579060583, 1.5565033474827743, 1.5491900604237825, 1.5420147627405076, 1.5347166260178504, 1.527559911662922, 1.5201611560634793, 1.5129417692563232, 1.5058555540796243, 1.4996656013147844, 1.4931217212094174, 1.488292009388112, 1.4837240559531817, 1.4789502332357363, 1.4740501275653102, 1.4690312757954536, 1.4643919900424112, 1.4592934413396565, 1.4545060698839396, 1.4498602516293242, 1.4446576357471077, 1.440183295743719, 1.436028751389961, 1.4315761834148149], "commute_time_efficiency": [0.825, 0.8153846153846154, 0.8062678062678063, 0.7976190476190477, 0.7894088669950738, 0.7816091954022989, 0.7741935483870968, 0.7671370967741935, 0.7604166666666666, 0.7540106951871658, 0.7478991596638656, 0.7420634920634921, 0.7364864864864865, 0.7311522048364154, 0.7260458839406208, 0.7217948717948718, 0.7176829268292683, 0.7137049941927991, 0.7093023255813954, 0.7050739957716702, 0.701010101010101, 0.6971014492753623, 0.6933395004625347, 0.6901595744680851, 0.6870748299319728, 0.6836734693877551, 0.6803921568627451, 0.6772247360482655, 0.6741654571843251, 0.6712089447938504, 0.6683501683501684, 0.6655844155844156, 0.6632205513784462, 0.6609195402298851, 0.6583869082407948, 0.6556497175141243, 0.6530054644808743, 0.650713907985193, 0.648489503328213, 0.6463293650793651, 0.6442307692307693, 0.6421911421911422, 0.6402080506558119, 0.6382791922739245, 0.6364023870417732, 0.634575569358178, 0.6327967806841046, 0.6310641627543035, 0.6293759512937596, 0.6277304701962236], "pagerank": [0.3300807676224181, 0.3284432487164558, 0.32670236006454356, 0.32517152610321254, 0.32377015625445454, 0.322338210039601, 0.3209079558247254, 0.31941089206658974, 0.3180538113823293, 0.3168642136482891, 0.31573292855630586, 0.3146227369677304, 0.3135822727737851, 0.3125854751862395, 0.311606279255837, 0.3105745811547252, 0.30955829388699574, 0.30857370207969165, 0.3076361830756794, 0.30676666845461414, 0.3059637450593159, 0.3051875907334622, 0.30441915003098396, 0.303668642409694, 0.3029227825558807, 0.3022148431086929, 0.3015382454012623, 0.30090736524239975, 0.3003266054761881, 0.2997569039742225, 0.29918142579462476, 0.2986164098668684, 0.29796765537735365, 0.29734020061521926, 0.2967376502200149, 0.2962888729179547, 0.2958456260999738, 0.29548801712146455, 0.2951576885700094, 0.2948176641672174, 0.2944661082664506, 0.2940996594353224, 0.2937682213801592, 0.29343417292770857, 0.29311511073446256, 0.29282251938398024, 0.292525478332033, 0.29224321301774503, 0.29196319975161616, 0.29169388131833185], "eigenvector_centrality": [0.0, 0.0, 0.0, 0.0, 0.0, 0.0, 0.0, 0.0, 0.0, 0.0, 0.0, 0.0, 0.0, 0.0, 0.0, 0.0, 0.0, 0.0, 0.0, 0.0, 0.0, 0.0, 0.0, 0.0, 0.0, 0.0, 0.0, 0.0, 0.0, 0.0, 0.0, 0.0, 0.0, 0.0, 0.0, 0.0, 0.0, 0.0, 0.0, 0.0, 0.0, 0.0, 0.0, 0.0, 0.0, 0.0, 0.0, 0.0, 0.0, 0.0],