{"gemma_2b_instruct": {"clustering": [0.12917032103789564, 0.1287984494580439, 0.12843916102450467, 0.12800340109983124, 0.12775024492050543, 0.12728720874730387, 0.12687114928024193, 0.1261484158048793, 0.1255828382707324, 0.12505259776975336, 0.12443033549967891, 0.1238251760316192, 0.12314246363629315, 0.12258986991753482, 0.1220103615684998, 0.11955131105072073, 0.11805524832114114, 0.11691634867992723, 0.11597620519746875, 0.11509547944737367, 0.11432234136847101, 0.11359206310693339, 0.11290797942533135, 0.11225407801824731, 0.11157857315806781, 0.11097129164863691, 0.1103933430722281, 0.10980372235846138, 0.10926850375384566, 0.1087285589007785, 0.10820387220715927, 0.10769065393829355, 0.1071565894649281, 0.10666192510656716, 0.10618016748653124, 0.10570979520996414, 0.10527236555034902, 0.10494301947789858, 0.10467784691736302, 0.10439206402489142, 0.10410524532557118, 0.10375464126907899, 0.10343659369634008, 0.10308954656671032, 0.10275608827285038, 0.10245153607996235, 0.1021304607262933, 0.10181263478752108, 0.10154369481317405, 0.10123502219019807], "average_shortest_path_length": [Infinity, Infinity, Infinity, Infinity, Infinity, Infinity, Infinity, Infinity, Infinity, Infinity, Infinity, Infinity, Infinity, Infinity, Infinity, Infinity, Infinity, Infinity, Infinity, Infinity, Infinity, Infinity, Infinity, Infinity, Infinity, Infinity, Infinity, Infinity, Infinity, Infinity, Infinity, Infinity, Infinity, Infinity, Infinity, Infinity, Infinity, Infinity, Infinity, Infinity, Infinity, Infinity, Infinity, Infinity, Infinity, Infinity, Infinity, Infinity, Infinity, Infinity], "average_degree": [2.88, 2.8846153846153846, 2.888888888888889, 2.892857142857143, 2.896551724137931, 2.9, 2.903225806451613, 2.90625, 2.909090909090909, 2.911764705882353, 2.914285714285714, 2.9166666666666665, 2.918918918918919, 2.9210526315789473, 2.923076923076923, 2.925, 2.926829268292683, 2.9285714285714284, 2.9302325581395348, 2.9318181818181817, 2.933333333333333, 2.9347826086956523, 2.9361702127659575, 2.9375, 2.938775510204082, 2.94, 2.9411764705882355, 2.9423076923076925, 2.943396226415094, 2.9444444444444446, 2.9454545454545453, 2.9464285714285716, 2.9473684210526314, 2.9482758620689653, 2.9491525423728815, 2.95, 2.9508196721311477, 2.9516129032258065, 2.9523809523809526, 2.953125, 2.953846153846154, 2.9545454545454546, 2.955223880597015, 2.9558823529411766, 2.9565217391304346, 2.9571428571428573, 2.9577464788732395, 2.9583333333333335, 2.958904109589041, 2.9594594594594597], "connectivity": [21.0, 22.0, 23.0, 24.0, 25.0, 26.0, 27.0, 28.0, 29.0, 30.0, 31.0, 32.0, 33.0, 34.0, 35.0, 35.0, 36.0, 37.0, 38.0, 39.0, 40.0, 41.0, 42.0, 43.0, 44.0, 45.0, 46.0, 47.0, 48.0, 49.0, 50.0, 51.0, 52.0, 53.0, 54.0, 55.0, 56.0, 57.0, 59.0, 59.0, 60.0, 61.0, 62.0, 63.0, 64.0, 65.0, 66.0, 67.0, 68.0, 69.0], "sparseness": [0.12, 0.11538461538461539, 0.1111111111111111, 0.10714285714285714, 0.10344827586206896, 0.1, 0.0967741935483871, 0.09375, 0.09090909090909091, 0.08823529411764706, 0.08571428571428572, 0.08333333333333333, 0.08108108108108109, 0.07894736842105263, 0.07692307692307693, 0.075, 0.07317073170731707, 0.07142857142857142, 0.06976744186046512, 0.06818181818181818, 0.06666666666666667, 0.06521739130434782, 0.06382978723404255, 0.0625, 0.061224489795918366, 0.06, 0.058823529411764705, 0.057692307692307696, 0.05660377358490566, 0.05555555555555555, 0.05454545454545454, 0.05357142857142857, 0.05263157894736842, 0.05172413793103448, 0.05084745762711865, 0.05, 0.04918032786885246, 0.04838709677419355, 0.047619047619047616, 0.046875, 0.046153846153846156, 0.045454545454545456, 0.04477611940298507, 0.04411764705882353, 0.043478260869565216, 0.04285714285714286, 0.04225352112676056, 0.041666666666666664, 0.0410958904109589, 0.04054054054054054], "hubs": [3.0, 3.0, 3.0, 3.0, 3.0, 3.0, 4.0, 4.0, 4.0, 4.0, 4.0, 4.0, 4.0, 4.0, 4.0, 4.0, 5.0, 5.0, 5.0, 5.0, 5.0, 5.0, 5.0, 5.0, 5.0, 5.0, 6.0, 6.0, 6.0, 6.0, 6.0, 6.0, 6.0, 6.0, 6.0, 6.0, 61.0, 62.0, 63.0, 64.0, 65.0, 66.0, 67.0, 68.0, 69.0, 70.0, 71.0, 72.0, 73.0, 74.0], "clusters": [1.0, 1.0, 2.0, 2.0, 2.0, 2.0, 2.0, 2.0, 2.0, 2.0, 2.0, 2.0, 2.0, 2.0, 2.0, 2.0, 2.0, 2.0, 2.0, 2.0, 2.0, 2.0, 2.0, 2.0, 2.0, 2.0, 2.0, 2.0, 2.0, 2.0, 2.0, 2.0, 2.0, 2.0, 2.0, 2.0, 2.0, 2.0, 2.0, 2.0, 2.0, 2.0, 2.0, 2.0, 2.0, 2.0, 2.0, 2.0, 2.0, 2.0], "communities": [1.0, 1.0, 2.0, 2.0, 2.0, 2.0, 2.0, 2.0, 2.0, 2.0, 2.0, 2.0, 2.0, 2.0, 2.0, 2.0, 2.0, 2.0, 2.0, 2.0, 2.0, 2.0, 2.0, 2.0, 2.0, 2.0, 2.0, 2.0, 2.0, 2.0, 2.0, 2.0, 2.0, 2.0, 2.0, 2.0, 2.0, 2.0, 2.0, 2.0, 2.0, 2.0, 2.0, 2.0, 2.0, 2.0, 2.0, 2.0, 2.0, 2.0], "fourier": [1.1774835922491271, 1.1653582525835282, 1.1510817635884896, 1.1384476260182619, 1.126632840187939, 1.1140788397691945, 1.1009656570825723, 1.0865518283053874, 1.0730547555863792, 1.06107018167164, 1.0495944454500747, 1.037734821780233, 1.0265163995655262, 1.0154961238144458, 1.0046158467785786, 0.9941690766591588, 0.9837523651239971, 0.9733984426869432, 0.9633986835539925, 0.9538863742272713, 0.9448691902283475, 0.9360918150358899, 0.9274498441538125, 0.9190497328067062, 0.9105454146095723, 0.9024159312827885, 0.8945096867429232, 0.8869875462808705, 0.87984073902243, 0.8728582016848255, 0.8658438372720024, 0.8589944280529791, 0.8521010502296645, 0.8454051147065879, 0.8388984597070591, 0.833093571485755, 0.8272060005523707, 0.8224457876958398, 0.8179793064851733, 0.813416858457671, 0.8087435419384714, 0.8039785241793962, 0.7995537314444594, 0.7949253698436529, 0.7905361592733854, 0.7863723939637008, 0.7819547809746437, 0.7779447074235785, 0.7741042701513775, 0.7702022089900972], "commute_time_efficiency": [0.615, 0.6107692307692307, 0.6068376068376068, 0.6031746031746031, 0.5997536945812808, 0.596551724137931, 0.5935483870967742, 0.5907258064516129, 0.5880681818181818, 0.5855614973262032, 0.5831932773109244, 0.580952380952381, 0.5788288288288288, 0.5768136557610242, 0.5748987854251012, 0.5737179487179487, 0.5713414634146341, 0.570267131242741, 0.5686600221483943, 0.5671247357293869, 0.5656565656565656, 0.5642512077294686, 0.562904717853839, 0.561613475177305, 0.560374149659864, 0.5591836734693878, 0.5580392156862745, 0.5569381598793364, 0.555878084179971, 0.5548567435359888, 0.5538720538720538, 0.5529220779220779, 0.5520050125313283, 0.5511191772534785, 0.5502630040911748, 0.5494350282485876, 0.5486338797814208, 0.5478582760444209, 0.5468509984639017, 0.5463789682539683, 0.5456730769230769, 0.544988344988345, 0.5443238353686115, 0.5436786654960492, 0.5430520034100597, 0.5424430641821946, 0.541851106639839, 0.5412754303599374, 0.5407153729071538, 0.5401703072935949], "pagerank": [0.38443778228995684, 0.3835398650074372, 0.38261893714085304, 0.3817954265239491, 0.38103169783852237, 0.3802729962376087, 0.3795346014382717, 0.378799037973433, 0.3781174739830454, 0.37748702467325645, 0.3769017136715178, 0.37632731283357196, 0.37578658618308336, 0.37527001232110796, 0.37477091888923547, 0.37396253319295364, 0.37315544474434176, 0.3723647095994927, 0.37160840367096104, 0.3709105045810901, 0.3702682656059036, 0.36964617840427694, 0.3690175902849918, 0.36841043018873804, 0.36780175386235353, 0.367223974853457, 0.36666961712883084, 0.36615671651142384, 0.36568852535513247, 0.3652270328624487, 0.36475769607115155, 0.36429334313442996, 0.36382696329247444, 0.36337480095516184, 0.36294054615810645, 0.36257810869223633, 0.36221193864998313, 0.36212493338599744, 0.3620482469030498, 0.36176087543462354, 0.361467833545379, 0.36116008182208686, 0.3608836394622659, 0.3606090809389664, 0.36034301210656977, 0.36009867513872323, 0.35985106957702684, 0.35961502706154475, 0.3593789661034762, 0.3591527368525639], "eigenvector_centrality": [0.0, 0.0, 0.0, 0.0, 0.0, 0.0, 0.0, 0.0, 0.0, 0.0, 0.0, 0.0, 0.0, 0.0, 0.0, 0.0, 0.0, 0.0, 0.0, 0.0, 0.0, 0.0, 0.0, 0.0, 0.0, 0.0, 0.0, 0.0, 0.0, 0.0, 0.0, 0.0, 0.0, 0.0, 0.0, 0.0, 0.0, 0.0, 0.0, 0.0, 0.0, 0.0, 0.0, 0.0, 0.0, 0.0, 0.0, 0.0, 0.0, 0.0],