{"gemma_2b_instruct": {"clustering": [0.013216091514238746, 0.013445173690641589, 0.01371310262864408, 0.014029704600253616, 0.014178931213731963, 0.014344201110002171, 0.014554742061555897, 0.01484170892736237, 0.014914178912674375, 0.014974852433690622, 0.014983870174344653, 0.014956241765197803, 0.015281387661098635, 0.015419055488255673, 0.015614971774930672, 0.01582073362982784, 0.016073639288478412, 0.016318362286721493, 0.016548811073861955, 0.01656421491776728, 0.016778082592359907, 0.016947516911485522, 0.017146638676516553, 0.017338664865078374, 0.01752591980810761, 0.017706263726647565, 0.017881413210997038, 0.01805099549977654, 0.018196149201946014, 0.018338668909110588, 0.01847668880744304, 0.01861232241955697, 0.01874201806724698, 0.018868566961318785, 0.01899258736355977, 0.019116214240123754, 0.019233110784170993, 0.019351071324100463, 0.019465771701781993, 0.019556651689481272, 0.01966412841109079, 0.01976972072965904, 0.01985743996999561, 0.01994349197684478, 0.020016270788430046, 0.020072135715146155, 0.020126383200648933, 0.020184649190306134, 0.020257374982194893, 0.02031601645791092], "average_shortest_path_length": [0.032271757514114, 0.032297534632330434, 0.03274244902131205, 0.035319494057793124, 0.03414584479458138, 0.033068793625605435, 0.03298074463160167, 0.03439000555876211, 0.03210571547595553, 0.0313090456786207, 0.030952067025021488, 0.030864452710810154, Infinity, Infinity, Infinity, Infinity, Infinity, Infinity, Infinity, Infinity, Infinity, Infinity, Infinity, Infinity, Infinity, Infinity, Infinity, Infinity, Infinity, Infinity, Infinity, Infinity, Infinity, Infinity, Infinity, Infinity, Infinity, Infinity, Infinity, Infinity, Infinity, Infinity, Infinity, Infinity, Infinity, Infinity, Infinity, Infinity, Infinity, Infinity], "average_degree": [19.2, 19.23076923076923, 19.25925925925926, 19.285714285714285, 19.310344827586206, 19.333333333333332, 19.35483870967742, 19.375, 19.393939393939394, 19.41176470588235, 19.428571428571427, 19.444444444444443, 19.45945945945946, 19.473684210526315, 19.487179487179485, 19.5, 19.51219512195122, 19.523809523809526, 19.53488372093023, 19.545454545454547, 19.555555555555557, 19.565217391304348, 19.574468085106382, 19.583333333333332, 19.591836734693878, 19.6, 19.607843137254903, 19.615384615384617, 19.62264150943396, 19.62962962962963, 19.636363636363637, 19.642857142857142, 19.649122807017545, 19.655172413793103, 19.661016949152543, 19.666666666666668, 19.672131147540984, 19.677419354838708, 19.682539682539684, 19.6875, 19.692307692307693, 19.696969696969695, 19.70149253731343, 19.705882352941178, 19.71014492753623, 19.714285714285715, 19.718309859154928, 19.72222222222222, 19.726027397260275, 19.72972972972973], "connectivity": [1.0, 1.0, 1.0, 1.0, 1.0, 1.0, 1.0, 1.0, 1.0, 1.0, 1.0, 1.0, 2.0, 2.0, 2.0, 2.0, 3.0, 4.0, 5.0, 5.0, 6.0, 6.0, 7.0, 8.0, 9.0, 10.0, 11.0, 12.0, 13.0, 14.0, 15.0, 16.0, 17.0, 18.0, 19.0, 20.0, 21.0, 22.0, 23.0, 23.0, 24.0, 25.0, 26.0, 27.0, 28.0, 28.0, 29.0, 30.0, 31.0, 32.0], "sparseness": [0.8, 0.7692307692307693, 0.7407407407407407, 0.7142857142857143, 0.6896551724137931, 0.6666666666666666, 0.6451612903225806, 0.625, 0.6060606060606061, 0.5882352941176471, 0.5714285714285714, 0.5555555555555556, 0.5405405405405406, 0.5263157894736842, 0.5128205128205128, 0.5, 0.4878048780487805, 0.47619047619047616, 0.46511627906976744, 0.45454545454545453, 0.4444444444444444, 0.43478260869565216, 0.425531914893617, 0.4166666666666667, 0.40816326530612246, 0.4, 0.39215686274509803, 0.38461538461538464, 0.37735849056603776, 0.37037037037037035, 0.36363636363636365, 0.35714285714285715, 0.3508771929824561, 0.3448275862068966, 0.3389830508474576, 0.3333333333333333, 0.32786885245901637, 0.3225806451612903, 0.31746031746031744, 0.3125, 0.3076923076923077, 0.30303030303030304, 0.29850746268656714, 0.29411764705882354, 0.2898550724637681, 0.2857142857142857, 0.28169014084507044, 0.2777777777777778, 0.273972602739726, 0.2702702702702703], "hubs": [5.0, 5.0, 4.0, 4.0, 3.0, 3.0, 4.0, 4.0, 4.0, 4.0, 4.0, 4.0, 4.0, 4.0, 4.0, 4.0, 5.0, 5.0, 5.0, 5.0, 5.0, 5.0, 5.0, 5.0, 5.0, 5.0, 6.0, 6.0, 6.0, 6.0, 6.0, 6.0, 6.0, 6.0, 6.0, 6.0, 7.0, 7.0, 7.0, 7.0, 7.0, 7.0, 7.0, 7.0, 7.0, 7.0, 8.0, 8.0, 8.0, 8.0], "clusters": [1.0, 1.0, 1.0, 1.0, 1.0, 1.0, 1.0, 1.0, 1.0, 2.0, 2.0, 2.0, 2.0, 2.0, 2.0, 2.0, 2.0, 2.0, 2.0, 2.0, 2.0, 2.0, 2.0, 2.0, 2.0, 2.0, 2.0, 2.0, 2.0, 2.0, 2.0, 2.0, 2.0, 2.0, 2.0, 2.0, 2.0, 2.0, 2.0, 2.0, 2.0, 2.0, 2.0, 2.0, 2.0, 2.0, 2.0, 2.0, 2.0, 2.0], "communities": [1.0, 1.0, 1.0, 1.0, 1.0, 1.0, 1.0, 1.0, 1.0, 2.0, 2.0, 2.0, 2.0, 2.0, 2.0, 2.0, 2.0, 2.0, 2.0, 2.0, 2.0, 2.0, 2.0, 2.0, 2.0, 2.0, 2.0, 2.0, 2.0, 2.0, 2.0, 2.0, 2.0, 2.0, 2.0, 2.0, 2.0, 2.0, 2.0, 2.0, 2.0, 2.0, 2.0, 2.0, 2.0, 2.0, 2.0, 2.0, 2.0, 2.0], "fourier": [1.8908037507547955, 1.8936960243594305, 1.8960409149883988, 1.8977341312949692, 1.8989421828534563, 1.9000600785919768, 1.9010062375122094, 1.9015206082760228, 1.9015532049141841, 1.9012382844361924, 1.9008338754781147, 1.8997560024500035, 1.8983572210876776, 1.896558029314919, 1.8949000955909912, 1.89344812316178, 1.8915565963705367, 1.8892344030492576, 1.886705340656155, 1.8840406887660264, 1.8811803287333848, 1.878248662326523, 1.8753854032693125, 1.872570921240461, 1.8692539310868397, 1.8660011906633742, 1.8625254612874942, 1.8591410336249155, 1.8556560218291918, 1.852222749777406, 1.848751862157328, 1.8453083478344452, 1.84154122767683, 1.8378054759334983, 1.834039554377621, 1.83079993141101, 1.827083997885543, 1.8246477986091383, 1.8222984465875078, 1.8195835714439732, 1.8169790235167995, 1.814393315391998, 1.8119060341877415, 1.8090465915925547, 1.8062937601626148, 1.8035417010101926, 1.800290524273244, 1.7975401430592781, 1.7950937564191778, 1.7922806934176974], "commute_time_efficiency": [0.9833333333333333, 0.9769230769230769, 0.9700854700854701, 0.9629629629629629, 0.9556650246305419, 0.9482758620689655, 0.9408602150537635, 0.9334677419354839, 0.9261363636363636, 0.9188948306595366, 0.9117647058823529, 0.9055555555555556, 0.8986486486486487, 0.8918918918918919, 0.8852901484480432, 0.8788461538461538, 0.8725609756097561, 0.8664343786295006, 0.8604651162790697, 0.8546511627906976, 0.848989898989899, 0.8434782608695652, 0.8381128584643849, 0.8328900709219859, 0.8273809523809523, 0.8224489795918367, 0.8176470588235294, 0.8133484162895928, 0.8087808417997098, 0.8043326345213138, 0.8, 0.7957792207792208, 0.7916666666666666, 0.7876588021778584, 0.7837521917007598, 0.7799435028248588, 0.7762295081967213, 0.772607086197779, 0.7690732206861239, 0.7658730158730159, 0.7625, 0.7592074592074592, 0.7562189054726368, 0.7530728709394205, 0.75, 0.7472049689440994, 0.7440643863179075, 0.7411971830985915, 0.7383942161339422, 0.7358385783043317], "pagerank": [0.32266813489760904, 0.3205729907506361, 0.31833221512000953, 0.3163523566971245, 0.3145264875028157, 0.31267743349896443, 0.31081776381068693, 0.30886885350889315, 0.3070688485811615, 0.3054789415896783, 0.30396521974950047, 0.3024546759451427, 0.301042794715947, 0.29968502165134925, 0.298358547561804, 0.29708440800769004, 0.295831089611662, 0.2946030184864622, 0.2934311074524891, 0.2923337024453064, 0.29131267208228967, 0.2903275041371995, 0.2893568441249266, 0.288414869561977, 0.28747453110994287, 0.28658286451061743, 0.28573829764835035, 0.28493464039115446, 0.28418709935317743, 0.283457197795311, 0.28272247158426567, 0.2820059348974287, 0.2812915788116113, 0.2806017031696772, 0.27993786315744157, 0.2793543381325664, 0.2787744330068261, 0.2783041003767448, 0.27786546002072554, 0.27741778613088514, 0.2769597572749557, 0.27648664834919506, 0.2760510192881922, 0.2756038885642324, 0.2751806530549416, 0.2747818998518753, 0.27436626707159856, 0.2739875510840495, 0.2736228572726956, 0.27325894170118803],