{"gemma_2b_instruct": {"clustering": [0.0, 0.0, 0.0, 0.0, 0.0, 0.0, 0.0, 0.0, 0.0, 0.0, 0.0, 0.0, 0.0, 0.0, 0.0, 0.0, 0.0, 0.0, 0.0, 0.0, 0.0, 0.0, 0.0, 0.0, 0.0, 0.0, 0.0, 0.0, 0.0, 0.0, 0.0, 0.0, 0.0, 0.0, 0.0, 0.0, 0.0, 0.0, 0.0, 0.0, 0.0, 0.0, 0.0, 0.0, 0.0, 0.0, 0.0, 0.0, 0.0, 0.0], "average_shortest_path_length": [Infinity, Infinity, Infinity, Infinity, Infinity, Infinity, Infinity, Infinity, Infinity, Infinity, Infinity, Infinity, Infinity, Infinity, Infinity, Infinity, Infinity, Infinity, Infinity, Infinity, Infinity, Infinity, Infinity, Infinity, Infinity, Infinity, Infinity, Infinity, Infinity, Infinity, Infinity, Infinity, Infinity, Infinity, Infinity, Infinity, Infinity, Infinity, Infinity, Infinity, Infinity, Infinity, Infinity, Infinity, Infinity, Infinity, Infinity, Infinity, Infinity, Infinity], "average_degree": [0.24, 0.23076923076923078, 0.2222222222222222, 0.21428571428571427, 0.20689655172413793, 0.2, 0.1935483870967742, 0.1875, 0.18181818181818182, 0.17647058823529413, 0.17142857142857143, 0.16666666666666666, 0.16216216216216217, 0.15789473684210525, 0.15384615384615385, 0.15, 0.14634146341463414, 0.14285714285714285, 0.13953488372093023, 0.13636363636363635, 0.13333333333333333, 0.13043478260869565, 0.1276595744680851, 0.125, 0.12244897959183673, 0.12, 0.11764705882352941, 0.11538461538461539, 0.11320754716981132, 0.1111111111111111, 0.10909090909090909, 0.10714285714285714, 0.10526315789473684, 0.10344827586206896, 0.1016949152542373, 0.1, 0.09836065573770492, 0.0967741935483871, 0.09523809523809523, 0.09375, 0.09230769230769231, 0.09090909090909091, 0.08955223880597014, 0.08823529411764706, 0.08695652173913043, 0.08571428571428572, 0.08450704225352113, 0.08333333333333333, 0.0821917808219178, 0.08108108108108109], "connectivity": [25.0, 26.0, 27.0, 28.0, 29.0, 30.0, 31.0, 32.0, 33.0, 34.0, 35.0, 36.0, 37.0, 38.0, 39.0, 40.0, 41.0, 42.0, 43.0, 44.0, 45.0, 46.0, 47.0, 48.0, 49.0, 50.0, 51.0, 52.0, 53.0, 54.0, 55.0, 56.0, 57.0, 58.0, 59.0, 60.0, 61.0, 62.0, 63.0, 64.0, 65.0, 66.0, 67.0, 68.0, 69.0, 70.0, 71.0, 72.0, 73.0, 74.0], "sparseness": [0.01, 0.009230769230769232, 0.008547008547008548, 0.007936507936507936, 0.007389162561576354, 0.006896551724137931, 0.0064516129032258064, 0.006048387096774193, 0.005681818181818182, 0.0053475935828877, 0.005042016806722689, 0.004761904761904762, 0.0045045045045045045, 0.004267425320056899, 0.004048582995951417, 0.0038461538461538464, 0.003658536585365854, 0.003484320557491289, 0.0033222591362126247, 0.003171247357293869, 0.0030303030303030303, 0.002898550724637681, 0.0027752081406105457, 0.0026595744680851063, 0.002551020408163265, 0.0024489795918367346, 0.002352941176470588, 0.0022624434389140274, 0.0021770682148040637, 0.0020964360587002098, 0.00202020202020202, 0.001948051948051948, 0.0018796992481203006, 0.0018148820326678765, 0.0017533606078316774, 0.001694915254237288, 0.001639344262295082, 0.0015864621893178213, 0.0015360983102918587, 0.001488095238095238, 0.0014423076923076924, 0.0013986013986013986, 0.0013568521031207597, 0.0013169446883230904, 0.0012787723785166241, 0.0012422360248447205, 0.0012072434607645875, 0.0011737089201877935, 0.001141552511415525, 0.0011106997408367272], "hubs": [7.0, 7.0, 7.0, 7.0, 7.0, 7.0, 7.0, 7.0, 7.0, 7.0, 7.0, 7.0, 7.0, 7.0, 7.0, 7.0, 7.0, 7.0, 7.0, 7.0, 7.0, 7.0, 7.0, 7.0, 7.0, 7.0, 7.0, 7.0, 7.0, 7.0, 7.0, 7.0, 7.0, 7.0, 7.0, 7.0, 7.0, 7.0, 7.0, 7.0, 7.0, 7.0, 7.0, 7.0, 7.0, 7.0, 71.0, 72.0, 73.0, 74.0], "clusters": [19.0, 20.0, 21.0, 22.0, 23.0, 24.0, 25.0, 26.0, 27.0, 28.0, 29.0, 30.0, 31.0, 32.0, 33.0, 34.0, 35.0, 36.0, 37.0, 38.0, 39.0, 40.0, 41.0, 42.0, 43.0, 44.0, 45.0, 46.0, 47.0, 48.0, 49.0, 50.0, 51.0, 52.0, 53.0, 54.0, 55.0, 56.0, 57.0, 58.0, 59.0, 60.0, 61.0, 62.0, 63.0, 64.0, 65.0, 66.0, 67.0, 68.0], "communities": [19.0, 20.0, 21.0, 22.0, 23.0, 24.0, 25.0, 26.0, 27.0, 28.0, 29.0, 30.0, 31.0, 32.0, 33.0, 34.0, 35.0, 36.0, 37.0, 38.0, 39.0, 40.0, 41.0, 42.0, 43.0, 44.0, 45.0, 46.0, 47.0, 48.0, 49.0, 50.0, 51.0, 52.0, 53.0, 54.0, 55.0, 56.0, 57.0, 58.0, 59.0, 60.0, 61.0, 62.0, 63.0, 64.0, 65.0, 66.0, 67.0, 68.0], "fourier": [0.3313785708133726, 0.31863324116670444, 0.30683201001238203, 0.29587372394051126, 0.285671181735666, 0.2761488090111438, 0.26724078291401016, 0.25889382073100725, 0.25104855343612825, 0.24366071383336219, 0.236698979152409, 0.23012400750928652, 0.22390443973876525, 0.2180122176403767, 0.21242216077780293, 0.20711160675835788, 0.2020601041544955, 0.19724914929367415, 0.19266195977521663, 0.18828327887123442, 0.1840992060074292, 0.1800970493550938, 0.17626519724115564, 0.1725930056319649, 0.16907069939457786, 0.1656892854066863, 0.16244047588890814, 0.15931662058335222, 0.1563106466100814, 0.15341600500619101, 0.15062662309698754, 0.14793686197025563, 0.1453414784269178, 0.142835590867833, 0.14041464864973416, 0.1380744045055719, 0.1358108896776117, 0.13362039145700508, 0.13149943286244944, 0.12944475422397367, 0.12745329646668177, 0.1255221859141563, 0.12364872045275097, 0.12183035691668109, 0.12006469957006254, 0.1183494895762045, 0.11668259535682134, 0.11506200375464326, 0.11348581192238788, 0.11195221986938263], "commute_time_efficiency": [0.045, 0.04153846153846154, 0.038461538461538464, 0.03571428571428571, 0.0332512315270936, 0.03103448275862069, 0.02903225806451613, 0.02721774193548387, 0.02556818181818182, 0.02406417112299465, 0.0226890756302521, 0.02142857142857143, 0.02027027027027027, 0.019203413940256046, 0.018218623481781375, 0.01730769230769231, 0.016463414634146342, 0.0156794425087108, 0.014950166112956811, 0.01427061310782241, 0.013636363636363636, 0.013043478260869565, 0.012488436632747455, 0.011968085106382979, 0.011479591836734694, 0.011020408163265306, 0.010588235294117647, 0.010180995475113122, 0.009796806966618287, 0.009433962264150943, 0.00909090909090909, 0.008766233766233766, 0.008458646616541353, 0.008166969147005444, 0.007890122735242549, 0.007627118644067797, 0.007377049180327869, 0.007139079851930196, 0.0069124423963133645, 0.006696428571428571, 0.006490384615384616, 0.006293706293706294, 0.006105834464043419, 0.005926251097453907, 0.005754475703324808, 0.0055900621118012426, 0.005432595573440644, 0.00528169014084507, 0.005136986301369863, 0.004998148833765272], "pagerank": [0.20265731942533274, 0.19614324089010055, 0.19003246520932296, 0.18429101838435524, 0.17888638174264015, 0.1737897501338056, 0.16897551519770593, 0.16441830280125405, 0.16010321832129112, 0.15600878814338254, 0.15211851811656374, 0.1484175162701345, 0.14489230328871952, 0.14153064917185373, 0.13832143197773644, 0.13525451526154383, 0.13232064139586763, 0.12951133843108303, 0.126818838537969, 0.1242383762399279, 0.12175834808830346, 0.11937541246500852, 0.1170839748880259, 0.11487886288940902, 0.11275528691150384, 0.11070880548019137, 0.10873529411764697, 0.1068309175332474, 0.1049921046954134, 0.10321552644141503, 0.10149807532818043, 0.09983684746630282, 0.09822912611286834, 0.09667236682733177, 0.09516418401922855, 0.09370233873765635, 0.09228472757068516, 0.09090937253864956, 0.08957441187894374, 0.0882780916318434, 0.08701875794721878, 0.08579485004106188, 0.08460237637474011, 0.08344515739889698, 0.08231916318526421, 0.08122314716671619, 0.08015592822655501, 0.07911638646171557, 0.07810345927054535, 0.07711613773654971], "eigenvector_centrality": [0.0, 0.0, 0.0, 0.0, 0.0, 0.0, 0.0, 0.0, 0.0, 0.0, 0.0, 0.0, 0.0, 0.0, 0.0, 0.0, 0.0, 0.0, 0.0, 0.0, 0.0, 0.0, 0.0, 0.0, 0.0, 0.0, 0.0, 0.0, 0.0, 0.0, 0.0, 0.0, 0.0, 0.0, 0.0, 0.0, 0.0, 0.0, 0.0, 0.0, 0.0, 0.0, 0.0, 0.0, 0.0, 0.0, 0.0, 0.0, 0.0, 0.0], "cycle_count": [0.0, 0.0, 0.0, 0.0, 0.0, 0.0, 0.0, 0.0, 0.0, 0.0, 0.0, 0.0, 0.0, 0.0, 0.0, 0.0, 0.0, 0.0, 0.0, 0.0, 0.0, 0.0, 0.0, 0.0, 0.0, 0.0, 0.0, 0.0, 0.0, 0.0, 0.0, 0.0, 0.0, 0.0, 0.0, 0.0, 0.0, 0.0, 0.0, 0.0, 0.0, 0.0, 0.0, 0.0, 0.0, 0.0, 0.0, 0.0, 0.0, 0.0]}, "gemma_9b_instruct": {"clustering": [0.0, 0.0, 0.0, 0.0, 0.0, 0.0, 0.0],