{"gemma_2b_instruct": {"clustering": [0.07371331471720119, 0.07393009464806113, 0.0740199174369016, 0.07412695457946697, 0.07429487670840167, 0.07436917605687561, 0.07443113754651001, 0.07373592439096711, 0.0732875566040187, 0.07287494663045785, 0.0726264995406354, 0.07235197507527028, 0.07213887915699542, 0.07192748621879556, 0.07173621053108595, 0.07159351568412824, 0.07138631330454731, 0.07120812493827036, 0.07104251554395534, 0.07089472863360127, 0.07076352138725096, 0.07059120778848924, 0.07042090055952875, 0.07025694400083145, 0.07004532987534338, 0.06987494226095692, 0.06971593828185586, 0.06956797113095547, 0.06942207092510028, 0.06926405766159298, 0.06909792587949773, 0.06834635464300855, 0.06761788805790325, 0.06712542923494454, 0.0667295679238137, 0.06664588385410465, 0.0663939506185397, 0.06629072215525074, 0.06617072612446097, 0.06603107983793832, 0.06595006533692431, 0.06589046953690407, 0.06583804291676534, 0.06575547513724, 0.06569028448057593, 0.06562375066722607, 0.06554352888332265, 0.06547477878053365, 0.06541207914636216, 0.0653438377317745], "average_shortest_path_length": [Infinity, Infinity, Infinity, Infinity, Infinity, Infinity, Infinity, Infinity, Infinity, Infinity, Infinity, Infinity, Infinity, Infinity, Infinity, Infinity, Infinity, Infinity, Infinity, Infinity, Infinity, Infinity, Infinity, Infinity, Infinity, Infinity, Infinity, Infinity, Infinity, Infinity, Infinity, Infinity, Infinity, Infinity, Infinity, Infinity, Infinity, Infinity, Infinity, Infinity, Infinity, Infinity, Infinity, Infinity, Infinity, Infinity, Infinity, Infinity, Infinity, Infinity], "average_degree": [4.8, 4.8076923076923075, 4.814814814814815, 4.821428571428571, 4.827586206896552, 4.833333333333333, 4.838709677419355, 4.84375, 4.848484848484849, 4.852941176470588, 4.857142857142857, 4.861111111111111, 4.864864864864865, 4.868421052631579, 4.871794871794871, 4.875, 4.878048780487805, 4.880952380952381, 4.883720930232558, 4.886363636363637, 4.888888888888889, 4.891304347826087, 4.8936170212765955, 4.895833333333333, 4.8979591836734695, 4.9, 4.901960784313726, 4.903846153846154, 4.90566037735849, 4.907407407407407, 4.909090909090909, 4.910714285714286, 4.912280701754386, 4.913793103448276, 4.915254237288136, 4.916666666666667, 4.918032786885246, 4.919354838709677, 4.920634920634921, 4.921875, 4.923076923076923, 4.924242424242424, 4.925373134328358, 4.926470588235294, 4.927536231884058, 4.928571428571429, 4.929577464788732, 4.930555555555555, 4.931506849315069, 4.9324324324324325], "connectivity": [15.0, 16.0, 17.0, 18.0, 19.0, 20.0, 21.0, 21.0, 22.0, 23.0, 24.0, 25.0, 26.0, 27.0, 28.0, 29.0, 30.0, 31.0, 32.0, 33.0, 34.0, 35.0, 36.0, 37.0, 38.0, 39.0, 40.0, 41.0, 42.0, 43.0, 44.0, 44.0, 45.0, 46.0, 47.0, 48.0, 49.0, 50.0, 51.0, 53.0, 54.0, 55.0, 56.0, 57.0, 58.0, 59.0, 60.0, 61.0, 62.0, 63.0], "sparseness": [0.2, 0.19230769230769232, 0.18518518518518517, 0.17857142857142858, 0.1724137931034483, 0.16666666666666666, 0.16129032258064516, 0.15625, 0.15151515151515152, 0.14705882352941177, 0.14285714285714285, 0.1388888888888889, 0.13513513513513514, 0.13157894736842105, 0.1282051282051282, 0.125, 0.12195121951219512, 0.11904761904761904, 0.11627906976744186, 0.11363636363636363, 0.1111111111111111, 0.10869565217391304, 0.10638297872340426, 0.10416666666666667, 0.10204081632653061, 0.1, 0.09803921568627451, 0.09615384615384616, 0.09433962264150944, 0.09259259259259259, 0.09090909090909091, 0.08928571428571429, 0.08771929824561403, 0.08620689655172414, 0.0847457627118644, 0.08333333333333333, 0.08196721311475409, 0.08064516129032258, 0.07936507936507936, 0.078125, 0.07692307692307693, 0.07575757575757576, 0.07462686567164178, 0.07352941176470588, 0.07246376811594203, 0.07142857142857142, 0.07042253521126761, 0.06944444444444445, 0.0684931506849315, 0.06756756756756757], "hubs": [3.0, 3.0, 3.0, 3.0, 3.0, 3.0, 4.0, 4.0, 4.0, 4.0, 4.0, 4.0, 4.0, 4.0, 5.0, 4.0, 5.0, 5.0, 5.0, 5.0, 5.0, 5.0, 5.0, 5.0, 5.0, 5.0, 6.0, 6.0, 6.0, 6.0, 6.0, 6.0, 6.0, 6.0, 6.0, 6.0, 7.0, 7.0, 7.0, 7.0, 7.0, 7.0, 7.0, 7.0, 7.0, 7.0, 9.0, 9.0, 9.0, 9.0], "clusters": [2.0, 2.0, 2.0, 2.0, 2.0, 2.0, 2.0, 2.0, 2.0, 2.0, 2.0, 2.0, 2.0, 2.0, 2.0, 2.0, 2.0, 2.0, 2.0, 2.0, 2.0, 2.0, 2.0, 2.0, 2.0, 2.0, 2.0, 2.0, 2.0, 2.0, 2.0, 2.0, 2.0, 2.0, 2.0, 2.0, 2.0, 2.0, 2.0, 2.0, 2.0, 2.0, 2.0, 2.0, 2.0, 2.0, 2.0, 2.0, 2.0, 2.0], "communities": [2.0, 2.0, 2.0, 2.0, 2.0, 2.0, 2.0, 2.0, 2.0, 2.0, 2.0, 2.0, 2.0, 2.0, 2.0, 2.0, 2.0, 2.0, 2.0, 2.0, 2.0, 2.0, 2.0, 2.0, 2.0, 2.0, 2.0, 2.0, 2.0, 2.0, 2.0, 2.0, 2.0, 2.0, 2.0, 2.0, 2.0, 2.0, 2.0, 2.0, 2.0, 2.0, 2.0, 2.0, 2.0, 2.0, 2.0, 2.0, 2.0, 2.0], "fourier": [1.4165663827552328, 1.40573323738233, 1.392715798499159, 1.3810886554456328, 1.3700889031962311, 1.3584117515508984, 1.346064878920605, 1.332526642054336, 1.3196701558964488, 1.3081355812001139, 1.2969733151027774, 1.2852654167202127, 1.2741578010746295, 1.2631828734568458, 1.2524348625993673, 1.2421207400418561, 1.2316679504255612, 1.2211321527638173, 1.2108876446278072, 1.2011155731238847, 1.1918230338898828, 1.1827407501452494, 1.1737673320847326, 1.1650171543450185, 1.1560176035505079, 1.1474134876259987, 1.1389896497287355, 1.1309798476255855, 1.1233542424031, 1.1158836540344892, 1.1083376304284898, 1.1009770596099053, 1.0935637321886338, 1.0863638642323126, 1.079339415263166, 1.073055457072422, 1.0665930190716295, 1.0615648768044808, 1.0568225715071864, 1.05196663884894, 1.0469560520021264, 1.0418254266903777, 1.0370825904108578, 1.0320197236209938, 1.0272591552210957, 1.0227089967329175, 1.01779691444705, 1.0134232642662713, 1.0092671312251231, 1.0049766122210848], "commute_time_efficiency": [0.685, 0.6784615384615384, 0.6723646723646723, 0.6666666666666666, 0.6613300492610837, 0.6563218390804598, 0.6516129032258065, 0.6471774193548387, 0.6429924242424242, 0.6390374331550802, 0.6352941176470588, 0.6317460317460317, 0.6283783783783784, 0.6251778093883357, 0.6221322537112011, 0.6192307692307693, 0.6164634146341463, 0.6138211382113821, 0.6112956810631229, 0.6088794926004228, 0.6065656565656565, 0.6043478260869565, 0.6022201665124884, 0.600177304964539, 0.5982142857142857, 0.5963265306122449, 0.5945098039215686, 0.5927601809954751, 0.5910740203193033, 0.5894479385045422, 0.5878787878787879, 0.5866883116883117, 0.5852130325814536, 0.5837870538415003, 0.5827001753360608, 0.5813559322033899, 0.5797814207650274, 0.5785298783712322, 0.5773169482846903, 0.5758928571428571, 0.5747596153846154, 0.5736596736596736, 0.5725915875169606, 0.5715539947322212, 0.5705456095481671, 0.5695652173913044, 0.5686116700201207, 0.5676838810641628, 0.5667808219178082, 0.5659015179563125], "pagerank": [0.3553818674516589, 0.354161118924262, 0.35285688842620594, 0.35171211631733906, 0.3506627838053774, 0.3495840243424779, 0.3485081345915412, 0.3473859823069308, 0.34624591065561494, 0.34512413446252294, 0.3441933505713839, 0.3432764901350463, 0.3424112845003605, 0.34157699722882373, 0.34074731326945373, 0.33993795304819413, 0.33914246385025, 0.33836318076107125, 0.3376212210361571, 0.33693737925311734, 0.3363103995603976, 0.3357022885264491, 0.3350942525246279, 0.33449729700513664, 0.33390034484688497, 0.33333414633604824, 0.33279368311672336, 0.3322933324162947, 0.33183783263715116, 0.3313886245392126, 0.33092923841118105, 0.33025580825405726, 0.3295811447681426, 0.32892732741265596, 0.32830039936685257, 0.3279583455702484, 0.32761936133587694, 0.32735832001238396, 0.32712147867535357, 0.3268677035682291, 0.3266038606589088, 0.3263226346973645, 0.3260730473234397, 0.32582311274471343, 0.3255812364502815, 0.3253644289744924, 0.3251419889096194, 0.32492948465306076, 0.3247165057923657, 0.32451324627155315], "eigenvector_centrality": [0.0, 0.0, 0.0, 0.0, 0.0, 0.0, 0.0, 0.0, 0.0, 0.0, 0.0, 0.0, 0.0, 0.0, 0.0, 0.0, 0.0, 0.0, 0.0, 0.0, 0.0, 0.0, 0.0, 0.0, 0.0, 0.0, 0.0, 0.0, 0.0, 0.0, 0.0, 0.0, 0.0, 0.0, 0.0, 0.0, 0.0, 0.0, 0.0, 0.0, 0.0, 0.0, 0.0, 0.0, 0.0, 0.0, 0.0, 0.0, 0.0, 0.0],