{"gemma_2b_instruct": {"clustering": [0.0, 0.0, 0.0, 0.0, 0.0, 0.0, 0.0, 0.0, 0.0, 0.0, 0.0, 0.0, 0.0, 0.0, 0.0, 0.0, 0.0, 0.0, 0.0, 0.0, 0.0, 0.0, 0.0, 0.0, 0.0, 0.0, 0.0, 0.0, 0.0, 0.0, 0.0, 0.0, 0.0, 0.0, 0.0, 0.0, 0.0, 0.0, 0.0, 0.0, 0.0, 0.0, 0.0, 0.0, 0.0, 0.0, 0.0, 0.0, 0.0, 0.0], "average_shortest_path_length": [Infinity, Infinity, Infinity, Infinity, Infinity, Infinity, Infinity, Infinity, Infinity, Infinity, Infinity, Infinity, Infinity, Infinity, Infinity, Infinity, Infinity, Infinity, Infinity, Infinity, Infinity, Infinity, Infinity, Infinity, Infinity, Infinity, Infinity, Infinity, Infinity, Infinity, Infinity, Infinity, Infinity, Infinity, Infinity, Infinity, Infinity, Infinity, Infinity, Infinity, Infinity, Infinity, Infinity, Infinity, Infinity, Infinity, Infinity, Infinity, Infinity, Infinity], "average_degree": [0.96, 0.9615384615384616, 0.9629629629629629, 0.9642857142857143, 0.9655172413793104, 0.9666666666666667, 0.9354838709677419, 0.90625, 0.8787878787878788, 0.8529411764705882, 0.8285714285714286, 0.8055555555555556, 0.7837837837837838, 0.7631578947368421, 0.7435897435897436, 0.725, 0.7073170731707317, 0.6904761904761905, 0.6744186046511628, 0.6590909090909091, 0.6444444444444445, 0.6304347826086957, 0.6170212765957447, 0.6041666666666666, 0.5918367346938775, 0.58, 0.5686274509803921, 0.5576923076923077, 0.5471698113207547, 0.5370370370370371, 0.5272727272727272, 0.5178571428571429, 0.5087719298245614, 0.5, 0.4915254237288136, 0.48333333333333334, 0.47540983606557374, 0.46774193548387094, 0.4603174603174603, 0.453125, 0.4461538461538462, 0.4393939393939394, 0.43283582089552236, 0.4264705882352941, 0.42028985507246375, 0.4142857142857143, 0.4084507042253521, 0.4027777777777778, 0.3972602739726027, 0.3918918918918919], "connectivity": [25.0, 26.0, 27.0, 28.0, 29.0, 30.0, 31.0, 32.0, 33.0, 34.0, 35.0, 36.0, 37.0, 38.0, 39.0, 40.0, 41.0, 42.0, 43.0, 44.0, 45.0, 46.0, 47.0, 48.0, 49.0, 50.0, 51.0, 52.0, 53.0, 54.0, 55.0, 56.0, 57.0, 58.0, 59.0, 60.0, 61.0, 62.0, 63.0, 64.0, 65.0, 66.0, 67.0, 68.0, 69.0, 70.0, 71.0, 72.0, 73.0, 74.0], "sparseness": [0.04, 0.038461538461538464, 0.037037037037037035, 0.03571428571428571, 0.034482758620689655, 0.03333333333333333, 0.03118279569892473, 0.029233870967741934, 0.027462121212121212, 0.025846702317290554, 0.024369747899159664, 0.023015873015873017, 0.02177177177177177, 0.020625889046941678, 0.019568151147098516, 0.01858974358974359, 0.01768292682926829, 0.01684088269454123, 0.016057585825027684, 0.0153276955602537, 0.014646464646464647, 0.014009661835748793, 0.01341350601295097, 0.012854609929078014, 0.012329931972789115, 0.01183673469387755, 0.011372549019607842, 0.010935143288084464, 0.010522496371552975, 0.01013277428371768, 0.009764309764309764, 0.009415584415584415, 0.009085213032581453, 0.008771929824561403, 0.00847457627118644, 0.008192090395480226, 0.007923497267759563, 0.007667900581702803, 0.007424475166410651, 0.007192460317460317, 0.0069711538461538465, 0.00675990675990676, 0.0065581184984170055, 0.006365232660228271, 0.00618073316283035, 0.006004140786749482, 0.0058350100603621734, 0.005672926447574335, 0.005517503805175038, 0.005368382080710848], "hubs": [25.0, 26.0, 27.0, 28.0, 29.0, 30.0, 30.0, 30.0, 30.0, 30.0, 30.0, 30.0, 30.0, 30.0, 30.0, 30.0, 30.0, 30.0, 30.0, 30.0, 30.0, 30.0, 30.0, 30.0, 30.0, 30.0, 30.0, 30.0, 30.0, 30.0, 30.0, 30.0, 30.0, 30.0, 30.0, 30.0, 30.0, 30.0, 30.0, 30.0, 30.0, 30.0, 30.0, 30.0, 30.0, 30.0, 30.0, 30.0, 30.0, 30.0], "clusters": [1.0, 1.0, 1.0, 1.0, 1.0, 1.0, 2.0, 3.0, 4.0, 5.0, 6.0, 7.0, 8.0, 9.0, 10.0, 11.0, 12.0, 13.0, 14.0, 15.0, 16.0, 17.0, 18.0, 19.0, 20.0, 21.0, 22.0, 23.0, 24.0, 25.0, 26.0, 27.0, 28.0, 29.0, 30.0, 31.0, 32.0, 33.0, 34.0, 35.0, 36.0, 37.0, 38.0, 39.0, 40.0, 41.0, 42.0, 43.0, 44.0, 45.0], "communities": [1.0, 1.0, 1.0, 1.0, 1.0, 1.0, 2.0, 3.0, 4.0, 5.0, 6.0, 7.0, 8.0, 9.0, 10.0, 11.0, 12.0, 13.0, 14.0, 15.0, 16.0, 17.0, 18.0, 19.0, 20.0, 21.0, 22.0, 23.0, 24.0, 25.0, 26.0, 27.0, 28.0, 29.0, 30.0, 31.0, 32.0, 33.0, 34.0, 35.0, 36.0, 37.0, 38.0, 39.0, 40.0, 41.0, 42.0, 43.0, 44.0, 45.0], "fourier": [0.7593347426792387, 0.7489471449930026, 0.7372683980660815, 0.7268760499273146, 0.7171734001792239, 0.7070982038336545, 0.6842885843551495, 0.6621765083175105, 0.6421394150201043, 0.6239759304491301, 0.6061428633722339, 0.5892390871218264, 0.5733055317185712, 0.5582307430599215, 0.5439216952566571, 0.5303236528752407, 0.5173889296343812, 0.5050701455954674, 0.4933164450322267, 0.48210470764513064, 0.47140049504869225, 0.4611436333996902, 0.45133927904275806, 0.4419363773960339, 0.4329172676532577, 0.4242589223001926, 0.41593347326246566, 0.4079347526228029, 0.4002378704978443, 0.39282605808121757, 0.3856899293638114, 0.3788026091966005, 0.37215694938613386, 0.3657404502587867, 0.3595414595764344, 0.35354910191682715, 0.3477532150001579, 0.34214429217757464, 0.33671343039697826, 0.3314891975179847, 0.3263897025786686, 0.3214421459889458, 0.3166417942989282, 0.31195010494684927, 0.30742470541430633, 0.30303954623252877, 0.2987738889437976, 0.29462425159735595, 0.2905883029453374, 0.2866614339866166], "commute_time_efficiency": [0.54, 0.5384615384615384, 0.5370370370370371, 0.5357142857142857, 0.5344827586206896, 0.5333333333333333, 0.4989247311827957, 0.46774193548387094, 0.4393939393939394, 0.41354723707664887, 0.3899159663865546, 0.3682539682539683, 0.3483483483483483, 0.33001422475106684, 0.31309041835357626, 0.29743589743589743, 0.28292682926829266, 0.2694541231126597, 0.25692137320044295, 0.2452431289640592, 0.23434343434343435, 0.22415458937198068, 0.21461609620721553, 0.20567375886524822, 0.19727891156462585, 0.1893877551020408, 0.18196078431372548, 0.17496229260935142, 0.1683599419448476, 0.16212438853948288, 0.15622895622895622, 0.15064935064935064, 0.14536340852130325, 0.14035087719298245, 0.13559322033898305, 0.1310734463276836, 0.126775956284153, 0.12268640930724485, 0.11879160266257041, 0.11507936507936507, 0.11153846153846154, 0.10815850815850817, 0.10492989597467209, 0.10184372256365233, 0.0988917306052856, 0.09606625258799172, 0.09336016096579478, 0.09076682316118936, 0.0882800608828006, 0.08589411329137357], "pagerank": [0.4713607466765239, 0.470894106555454, 0.4704625903725328, 0.4700738762304363, 0.46970255316122195, 0.4693563979853864, 0.46092212295414875, 0.4527858724444653, 0.44491992351815485, 0.4373454307815647, 0.4300029923200296, 0.4229250933589039, 0.4160651176543592, 0.40941243025690544, 0.4029788402492584, 0.39675716842185343, 0.39070325979723675, 0.38485119433198306, 0.37915220037440095, 0.37364018642959423, 0.36826309740573965, 0.3630527935378616, 0.357996017703693, 0.3530548549651505, 0.3482633231220368, 0.343611476052136, 0.3390673301369068, 0.3346422906632046, 0.33032149460811566, 0.32612316987397644, 0.3220298894395306, 0.318047908924343, 0.31415123211388774, 0.31034915349161196, 0.30662659361871136, 0.30300578369929565, 0.2994692386524332, 0.2960140990333432, 0.29263762339944455, 0.28934767517238547, 0.2861189767873691, 0.28296170809340765, 0.2798734962177068, 0.276852077298899, 0.27388336853921963, 0.27099088796651677, 0.2681587207382256, 0.2653850206083004, 0.2626680126764944, 0.2600059905255622], "eigenvector_centrality": [0.0, 0.0, 0.0, 0.0, 0.0, 0.0, 0.0, 0.0, 0.0, 0.0, 0.0, 0.0, 0.0, 0.0, 0.0, 0.0, 0.0, 0.0, 0.0, 0.0, 0.0, 0.0, 0.0, 0.0, 0.0, 0.0, 0.0, 0.0, 0.0, 0.0, 0.0, 0.0, 0.0, 0.0, 0.0, 0.0, 0.0, 0.0, 0.0, 0.0, 0.0, 0.0, 0.0, 0.0, 0.0, 0.0, 0.0, 0.0, 0.0, 0.0], "cycle_count": [0.0, 0.0, 0.0, 0.0, 0.0, 0.0, 0.0, 0.0, 0.0, 0.0, 0.0, 0.0, 0.0, 0.0, 0.0, 0.0, 0.0, 0.0, 0.0, 0.0, 0.0, 0.0, 0.0, 0.0, 0.0, 0.0, 0.0, 0.0, 0.0, 0.0, 0.0, 0.0, 0.0, 0.0, 0.0, 0.0, 0.0, 0.0, 0.0, 0.0, 0.0, 0.0, 0.0, 0.0, 0.0, 0.0, 0.0, 0.0, 0.0, 0.0]}, "gemma_9b_instruct": {"clustering": [0.0, 0.0, 0.0, 0.0, 0.0, 0.0, 0.0], "average_shortest_path_length": [Infinity, Infinity, Infinity, Infinity, Infinity, Infinity, Infinity],