{"gemma_2b_instruct": {"clustering": [0.10587619410941809, 0.10173712766672936, 0.09791209264173478, 0.09436638082490698, 0.09107025444703322, 0.08799808115228241, 0.08512764466492034, 0.08238613078624922, 0.07986587247309714, 0.07648332909743641, 0.0742784769962348, 0.07320130709351756, 0.07120774868838152, 0.06932031004403467, 0.06753070547280575, 0.06583149318443424, 0.0642159701285358, 0.06267808223344218, 0.06121234746547152, 0.059813789615266906, 0.058477881100743395, 0.057200493381834375, 0.05597785382760938, 0.05480650807440272, 0.05368328707429418, 0.05260527816430946, 0.05156979959403976, 0.05057437803769384, 0.04961672868957281, 0.04869473760250664, 0.04780644597922469, 0.04695003616879827, 0.04612381915567188, 0.045326223358587436, 0.04455578458186753, 0.04381113698284723, 0.04309100493736804, 0.0423941957006997, 0.04171959277446533, 0.04049871744437284, 0.03987414336220673, 0.039268564716956916, 0.0386811268502792, 0.038645220856105625, 0.0380839881868416, 0.03753884032261436, 0.03700909483020182, 0.03649410738333674, 0.03599326913669632, 0.035506004314319835], "average_shortest_path_length": [Infinity, Infinity, Infinity, Infinity, Infinity, Infinity, Infinity, Infinity, Infinity, Infinity, Infinity, Infinity, Infinity, Infinity, Infinity, Infinity, Infinity, Infinity, Infinity, Infinity, Infinity, Infinity, Infinity, Infinity, Infinity, Infinity, Infinity, Infinity, Infinity, Infinity, Infinity, Infinity, Infinity, Infinity, Infinity, Infinity, Infinity, Infinity, Infinity, Infinity, Infinity, Infinity, Infinity, Infinity, Infinity, Infinity, Infinity, Infinity, Infinity, Infinity], "average_degree": [2.12, 2.076923076923077, 2.037037037037037, 2.0, 1.9655172413793103, 1.9333333333333333, 1.903225806451613, 1.875, 1.8484848484848484, 1.8529411764705883, 1.8285714285714285, 1.7777777777777777, 1.7567567567567568, 1.736842105263158, 1.7179487179487178, 1.7, 1.6829268292682926, 1.6666666666666667, 1.6511627906976745, 1.6363636363636365, 1.6222222222222222, 1.608695652173913, 1.5957446808510638, 1.5833333333333333, 1.5714285714285714, 1.56, 1.5490196078431373, 1.5384615384615385, 1.528301886792453, 1.5185185185185186, 1.509090909090909, 1.5, 1.4912280701754386, 1.4827586206896552, 1.4745762711864407, 1.4666666666666666, 1.459016393442623, 1.4516129032258065, 1.4444444444444444, 1.453125, 1.4461538461538461, 1.4393939393939394, 1.4328358208955223, 1.411764705882353, 1.4057971014492754, 1.4, 1.3943661971830985, 1.3888888888888888, 1.3835616438356164, 1.3783783783783783], "connectivity": [25.0, 26.0, 27.0, 28.0, 29.0, 30.0, 31.0, 32.0, 33.0, 34.0, 35.0, 36.0, 37.0, 38.0, 39.0, 40.0, 41.0, 42.0, 43.0, 44.0, 45.0, 46.0, 47.0, 48.0, 49.0, 50.0, 51.0, 52.0, 53.0, 54.0, 55.0, 56.0, 57.0, 58.0, 59.0, 60.0, 61.0, 62.0, 63.0, 64.0, 65.0, 66.0, 67.0, 68.0, 69.0, 70.0, 71.0, 72.0, 73.0, 74.0], "sparseness": [0.08833333333333333, 0.08307692307692308, 0.07834757834757834, 0.07407407407407407, 0.07019704433497537, 0.06666666666666667, 0.06344086021505377, 0.06048387096774194, 0.05776515151515151, 0.05614973262032086, 0.05378151260504202, 0.050793650793650794, 0.048798798798798795, 0.04694167852062589, 0.04520917678812416, 0.04358974358974359, 0.04207317073170732, 0.04065040650406504, 0.039313399778516056, 0.03805496828752643, 0.03686868686868687, 0.035748792270531404, 0.03469010175763182, 0.03368794326241135, 0.03273809523809524, 0.03183673469387755, 0.030980392156862744, 0.030165912518853696, 0.02939042089985486, 0.0286512928022362, 0.027946127946127945, 0.02727272727272727, 0.02662907268170426, 0.02601330913490623, 0.025423728813559324, 0.024858757062146894, 0.024316939890710383, 0.023796932839767318, 0.023297491039426525, 0.023065476190476192, 0.022596153846153846, 0.022144522144522144, 0.021709633649932156, 0.021071115013169446, 0.020673486786018755, 0.020289855072463767, 0.019919517102615695, 0.019561815336463225, 0.01921613394216134, 0.01888189559422436], "hubs": [3.0, 3.0, 3.0, 3.0, 3.0, 3.0, 16.0, 16.0, 16.0, 17.0, 17.0, 16.0, 16.0, 16.0, 16.0, 16.0, 16.0, 16.0, 16.0, 16.0, 16.0, 16.0, 16.0, 16.0, 16.0, 16.0, 16.0, 16.0, 16.0, 16.0, 16.0, 16.0, 16.0, 16.0, 16.0, 16.0, 16.0, 16.0, 16.0, 17.0, 17.0, 17.0, 17.0, 16.0, 16.0, 16.0, 16.0, 16.0, 16.0, 16.0], "clusters": [2.0, 2.0, 2.0, 2.0, 2.0, 2.0, 2.0, 2.0, 2.0, 2.0, 2.0, 2.0, 2.0, 2.0, 2.0, 2.0, 2.0, 2.0, 2.0, 2.0, 2.0, 2.0, 2.0, 2.0, 2.0, 2.0, 2.0, 2.0, 2.0, 2.0, 2.0, 2.0, 2.0, 2.0, 2.0, 2.0, 2.0, 2.0, 2.0, 2.0, 2.0, 2.0, 2.0, 2.0, 2.0, 2.0, 2.0, 2.0, 2.0, 2.0], "communities": [2.0, 2.0, 2.0, 2.0, 2.0, 2.0, 2.0, 2.0, 2.0, 2.0, 2.0, 2.0, 2.0, 2.0, 2.0, 2.0, 2.0, 2.0, 2.0, 2.0, 2.0, 2.0, 2.0, 2.0, 2.0, 2.0, 2.0, 2.0, 2.0, 2.0, 2.0, 2.0, 2.0, 2.0, 2.0, 2.0, 2.0, 2.0, 2.0, 2.0, 2.0, 2.0, 2.0, 2.0, 2.0, 2.0, 2.0, 2.0, 2.0, 2.0], "fourier": [1.0606693922040835, 1.0386920003053526, 1.016281962440937, 0.9959248441459249, 0.9769446497696065, 0.9582104117710247, 0.9398293329401513, 0.9211189535263031, 0.9037672586893878, 0.8939220005184646, 0.8786722803539921, 0.8581109564558456, 0.8440521400862927, 0.8305085432616048, 0.8174018150124848, 0.8048373302378508, 0.792558571315782, 0.7805780905661078, 0.7690773214987339, 0.7581663953274197, 0.747832549829204, 0.7378430297054053, 0.7280986629643443, 0.7186617677442225, 0.7093155416062538, 0.7003734608037148, 0.6917322906926983, 0.68350457899268, 0.6756879221657227, 0.6680841408273271, 0.660550806890955, 0.6532177936992193, 0.6459558870912157, 0.6389190635088946, 0.6321048254426687, 0.6258739812147656, 0.6196830104689152, 0.6143444076301238, 0.6092702436872307, 0.6073030714305446, 0.6021488672629549, 0.5969736860890904, 0.5921047910812227, 0.5842442879610518, 0.5795669512854793, 0.5751111189188157, 0.570556126381191, 0.5662912476514746, 0.5621599461039705, 0.558058904836124], "commute_time_efficiency": [0.5883333333333334, 0.583076923076923, 0.5783475783475783, 0.5740740740740741, 0.5701970443349754, 0.5666666666666667, 0.5634408602150538, 0.5604838709677419, 0.5577651515151515, 0.5561497326203209, 0.553781512605042, 0.5507936507936508, 0.5487987987987988, 0.5469416785206259, 0.5452091767881242, 0.5435897435897435, 0.5420731707317074, 0.540650406504065, 0.5393133997785161, 0.5380549682875264, 0.5368686868686868, 0.5357487922705314, 0.5346901017576319, 0.5336879432624113, 0.5327380952380952, 0.5318367346938776, 0.5309803921568628, 0.5301659125188537, 0.5293904208998549, 0.5286512928022362, 0.5279461279461279, 0.5272727272727272, 0.5266290726817042, 0.5260133091349062, 0.5254237288135594, 0.5248587570621469, 0.5243169398907104, 0.5237969328397674, 0.5232974910394266, 0.5230654761904762, 0.5225961538461539, 0.5221445221445221, 0.5217096336499322, 0.5210711150131695, 0.5206734867860188, 0.5202898550724637, 0.5199195171026157, 0.5195618153364632, 0.5192161339421614, 0.5188818955942244], "pagerank": [0.4137928831826069, 0.415431375154473, 0.4169488883748969, 0.41836729473869283, 0.4197031998296145, 0.4209408417708134, 0.4221173582324545, 0.4232077630228, 0.42423578289716724, 0.4240121077454301, 0.42497961874359225, 0.42703150712553767, 0.42786281572297113, 0.4286656547411401, 0.4294194996152647, 0.43012321556133576, 0.43080499374530207, 0.43147050694366257, 0.43209481603112154, 0.43267694689143604, 0.43324627278443784, 0.43380674658117235, 0.4343321782505603, 0.4348367181190977, 0.43530463906729, 0.4357685520611818, 0.4362148051593038, 0.43666268636551, 0.43707881991309716, 0.4374801859076373, 0.43784843623519865, 0.4382203807089134, 0.4385796090105692, 0.4389267543111828, 0.4392838723980708, 0.4396106962628146, 0.4399272129822588, 0.440233908414071, 0.4405081535439965, 0.44011590177287996, 0.44040359170282034, 0.44068275773907783, 0.4409537690537053, 0.44188350085956557, 0.44213226865333893, 0.44237417409172713, 0.44260950032483604, 0.4428385151259701, 0.4430337850868115, 0.44324916576611795],