{"mistral_8b_instruct": {"clustering": [0.004537633960769896, 0.0045855123397888385, 0.00463327864895091, 0.004674162196994553, 0.004730773506672985], "average_shortest_path_length": [Infinity, Infinity, Infinity, Infinity, Infinity], "average_degree": [19.448979591836736, 19.46, 19.470588235294116, 19.48076923076923, 19.49056603773585], "connectivity": [10.0, 10.0, 11.0, 12.0, 13.0], "sparseness": [0.405187074829932, 0.39714285714285713, 0.38941176470588235, 0.3819758672699849, 0.3748185776487663], "hubs": [5.0, 5.0, 6.0, 6.0, 6.0], "clusters": [1.0, 1.0, 1.0, 1.0, 1.0], "communities": [1.0, 1.0, 1.0, 1.0, 1.0], "fourier": [1.9510010424292217, 1.9514543352182074, 1.9518685889675795, 1.9522639545455907, 1.9526390502100013], "commute_time_efficiency": [0.8248299319727891, 0.82, 0.8156862745098039, 0.8114630467571644, 0.806966618287373], "pagerank": [0.45292965064366486, 0.4526905489853241, 0.4524886154735704, 0.45227962722915754, 0.45203869021972326], "eigenvector_centrality": [0.0, 0.0, 0.0, 0.0, 0.0], "cycle_count": [716.0, 735.0, 755.0, 775.0, 794.0]}, "mistral_24b_instruct": {"clustering": [0.0038345087221737166, 0.0038849661529781376, 0.003924847876763095, 0.003972359224272701, 0.00403062645192667], "average_shortest_path_length": [Infinity, Infinity, Infinity, Infinity, Infinity], "average_degree": [19.489795918367346, 19.5, 19.50980392156863, 19.51923076923077, 19.528301886792452], "connectivity": [10.0, 10.0, 11.0, 12.0, 13.0], "sparseness": [0.4060374149659864, 0.3979591836734694, 0.39019607843137255, 0.38273001508295623, 0.37554426705370103], "hubs": [5.0, 5.0, 6.0, 6.0, 6.0], "clusters": [1.0, 1.0, 1.0, 1.0, 1.0], "communities": [1.0, 1.0, 1.0, 1.0, 1.0], "fourier": [1.9549481328303995, 1.9555194635567255, 1.9560624992873865, 1.9565492212742397, 1.9570648173725549], "commute_time_efficiency": [0.8261054421768708, 0.8216326530612245, 0.8172549019607843, 0.8129713423831071, 0.8084179970972424], "pagerank": [0.45596364831118946, 0.45574268095920906, 0.4555468560281183, 0.4553380411001372, 0.45510255330886634], "eigenvector_centrality": [0.0, 0.0, 0.0, 0.0, 0.0], "cycle_count": [719.0, 739.0, 759.0, 779.0, 798.0]}, "qwen_1.5b_instruct": {"clustering": [0.0069327865524837625, 0.007020553275881555, 0.0070895564664146486, 0.007149348967733048, 0.007208577205386533], "average_shortest_path_length": [Infinity, Infinity, Infinity, Infinity, Infinity], "average_degree": [19.354166666666668, 19.346938775510203, 19.38, 19.392156862745097, 19.403846153846153], "connectivity": [7.0, 8.0, 9.0, 9.0, 10.0], "sparseness": [0.41179078014184395, 0.4030612244897959, 0.3955102040816327, 0.38784313725490194, 0.3804675716440422], "hubs": [5.0, 5.0, 5.0, 6.0, 6.0], "clusters": [1.0, 1.0, 1.0, 1.0, 1.0], "communities": [1.0, 1.0, 1.0, 1.0, 1.0], "fourier": [1.9237961170800888, 1.9231283611097025, 1.922658217547444, 1.9214467435262748, 1.9211531874636074], "commute_time_efficiency": [0.8324468085106383, 0.8278061224489796, 0.8236734693877551, 0.82, 0.8163650075414781], "pagerank": [0.4344743279011776, 0.43425350254350265, 0.4340212663980527, 0.43378076977619723, 0.4335610673917695], "eigenvector_centrality": [0.0, 0.0, 0.0, 0.0, 0.0], "cycle_count": [703.0, 723.0, 744.0, 766.0, 788.0]}, "qwen_3b_instruct": {"clustering": [0.00506561361354708, 0.00513442969182821, 0.005198933284790619, 0.0052687456091891835, 0.005325774819447622], "average_shortest_path_length": [Infinity, Infinity, Infinity, Infinity, Infinity], "average_degree": [19.541666666666668, 19.551020408163264, 19.56, 19.568627450980394, 19.576923076923077], "connectivity": [9.0, 10.0, 11.0, 12.0, 13.0], "sparseness": [0.4157801418439716, 0.407312925170068, 0.39918367346938777, 0.39137254901960783, 0.3838612368024133], "hubs": [5.0, 5.0, 5.0, 6.0, 6.0], "clusters": [1.0, 1.0, 1.0, 1.0, 1.0], "communities": [1.0, 1.0, 1.0, 1.0, 1.0], "fourier": [1.949417450318487, 1.9498834144836188, 1.9502088111523639, 1.950598351137126, 1.951039036113902], "commute_time_efficiency": [0.8320035460992907, 0.8273809523809523, 0.8228571428571428, 0.8184313725490197, 0.8141025641025641], "pagerank": [0.44710269046835815, 0.44682775140202124, 0.4466305763271417, 0.4463483744628061, 0.44613902945223954], "eigenvector_centrality": [0.0, 0.0, 0.0, 0.0, 0.0], "cycle_count": [702.0, 722.0, 742.0, 762.0, 782.0]}, "qwen_7b_instruct": {"clustering": [0.0076975368635905025, 0.007762329778452604, 0.007857841307590879, 0.007951688665019618, 0.008057498844350593], "average_shortest_path_length": [Infinity, Infinity, Infinity, Infinity, Infinity], "average_degree": [19.270833333333332, 19.306122448979593, 19.32, 19.333333333333332, 19.326923076923077], "connectivity": [9.0, 9.0, 10.0, 11.0, 12.0], "sparseness": [0.4100177304964539, 0.40221088435374147, 0.3942857142857143, 0.38666666666666666, 0.37895927601809953], "hubs": [5.0, 5.0, 5.0, 6.0, 6.0], "clusters": [1.0, 1.0, 1.0, 1.0, 1.0], "communities": [1.0, 1.0, 1.0, 1.0, 1.0], "fourier": [1.929235211143552, 1.9290614513254374, 1.9282067550331157, 1.9275723138264804, 1.9273079613595208], "commute_time_efficiency": [0.8271276595744681, 0.8235544217687075, 0.8187755102040817, 0.8145098039215686, 0.8095776772247361], "pagerank": [0.4256728709517926, 0.4253409577366729, 0.42494530231290273, 0.4245020018622558, 0.424266652561296], "eigenvector_centrality": [0.0, 0.0, 0.0, 0.0, 0.0], "cycle_count": [691.0, 713.0, 732.0, 752.0, 770.0]}, "llama_1b_instruct": {"clustering": [0.009941692157291508, 0.009942283542859812, 0.009959881064765034], "average_shortest_path_length": [Infinity, Infinity, Infinity], "average_degree": [19.0, 19.0, 19.0], "connectivity": [4.0, 5.0, 5.0], "sparseness": [0.4318181818181818, 0.4222222222222222, 0.41304347826086957], "hubs": [6.0, 7.0, 7.0], "clusters": [1.0, 2.0, 2.0], "communities": [1.0, 2.0, 2.0], "fourier": [1.8124546021003836, 1.8101646637580533, 1.8077881519650887], "commute_time_efficiency": [0.8601010101010101, 0.8545893719806763, 0.8482886216466234], "pagerank": [0.4026952229507114, 0.40269596514101286, 0.40239179180022505], "eigenvector_centrality": [0.0, 0.0, 0.0], "cycle_count": [669.0, 689.0, 707.0]}, "llama_8b_instruct": {"clustering": [0.004354010036201279, 0.004391820876376322, 0.004443191200270135], "average_shortest_path_length": [Infinity, Infinity, Infinity], "average_degree": [19.044444444444444, 19.043478260869566, 19.04255319148936], "connectivity": [6.0, 7.0, 8.0], "sparseness": [0.43282828282828284, 0.42318840579710143, 0.4139685476410731], "hubs": [5.0, 5.0, 5.0], "clusters": [1.0, 1.0, 1.0], "communities": [1.0, 1.0, 1.0], "fourier": [1.9436041071687258, 1.9438962276587515, 1.9443139825437168], "commute_time_efficiency": [0.8404040404040404, 0.8352657004830918, 0.8288621646623496], "pagerank": [0.4556752971763225, 0.4554772934131749, 0.4552621387401025], "eigenvector_centrality": [0.0, 0.0, 0.0], "cycle_count": [630.0, 649.0, 665.0]}, "gemma_2b_instruct": {"clustering": [0.007677860644822488, 0.00777039761607301, 0.007828450717975664, 0.00791933897437809, 0.00799647423253413, 0.008061511336381735, 0.008079756451428015, 0.008131360401086718, 0.008180638904460412, 0.008241406059952496, 0.00829647703622603, 0.0083601168454696, 0.00843322103024816], "average_shortest_path_length": [Infinity, Infinity, Infinity, Infinity, Infinity, Infinity, Infinity, Infinity, Infinity, Infinity, Infinity, Infinity, Infinity], "average_degree": [19.019607843137255, 19.03846153846154, 19.037735849056602, 19.037037037037038, 19.036363636363635, 19.035714285714285, 19.035087719298247, 19.03448275862069, 19.050847457627118, 19.033333333333335, 19.049180327868854, 19.048387096774192, 19.047619047619047], "connectivity": [8.0, 9.0, 10.0, 11.0, 12.0, 13.0, 13.0, 14.0, 14.0, 15.0, 16.0, 17.0, 18.0],