{"mistral_8b_instruct": {"clustering": [0.003681258313130185, 0.0037781693889139298, 0.0038267879108716644, 0.003896765873165866, 0.003957841506643831, 0.004034280557664754], "average_shortest_path_length": [0.02756692564060287, Infinity, Infinity, Infinity, Infinity, Infinity], "average_degree": [19.11111111111111, 19.135135135135137, 19.157894736842106, 19.17948717948718, 19.2, 19.21951219512195], "connectivity": [1.0, 2.0, 2.0, 2.0, 3.0, 3.0], "sparseness": [0.546031746031746, 0.5315315315315315, 0.5177809388335705, 0.50472334682861, 0.49230769230769234, 0.48048780487804876], "hubs": [4.0, 4.0, 4.0, 4.0, 4.0, 5.0], "clusters": [1.0, 1.0, 1.0, 1.0, 1.0, 1.0], "communities": [1.0, 1.0, 1.0, 1.0, 1.0, 1.0], "fourier": [1.9399556333124803, 1.9412283541386897, 1.9424228743476615, 1.9435233626014286, 1.9444885271102224, 1.9453396891008858], "commute_time_efficiency": [0.8960317460317461, 0.8896396396396397, 0.883357041251778, 0.8771929824561403, 0.8717948717948718, 0.8664634146341463], "pagerank": [0.4572356803330392, 0.4568525925247578, 0.45650321453199244, 0.45615970286853263, 0.45577315518630546, 0.4553886566560109], "eigenvector_centrality": [0.9999998982925559, 0.0, 0.0, 0.0, 0.0, 0.0], "cycle_count": [464.0, 483.0, 502.0, 521.0, 541.0, 561.0]}, "mistral_24b_instruct": {"clustering": [0.0030035555052834303, 0.0030864980152058553, 0.003112826457075992, 0.003180955181186012], "average_shortest_path_length": [0.027370933675543746, Infinity, Infinity, Infinity], "average_degree": [19.194444444444443, 19.216216216216218, 19.236842105263158, 19.256410256410255], "connectivity": [1.0, 2.0, 2.0, 2.0], "sparseness": [0.5484126984126985, 0.5337837837837838, 0.5199146514935988, 0.5067476383265856], "hubs": [4.0, 4.0, 4.0, 4.0], "clusters": [1.0, 1.0, 1.0, 1.0], "communities": [1.0, 1.0, 1.0, 1.0], "fourier": [1.9423682818361074, 1.9437744689337861, 1.9450481198169418, 1.9462189507756278], "commute_time_efficiency": [0.8984126984126984, 0.8918918918918919, 0.8854907539118065, 0.8792172739541161], "pagerank": [0.46011664579175043, 0.45980778954303225, 0.45946317916281865, 0.45912242266240716], "eigenvector_centrality": [0.9999999835893698, 0.0, 0.0, 0.0], "cycle_count": [467.0, 486.0, 505.0, 524.0]}}