{"mistral_8b_instruct": {"clustering": [0.004537633960769896, 0.0045855123397888385, 0.00463327864895091, 0.004674162196994553, 0.004730773506672985], "average_degree": [19.448979591836736, 19.46, 19.470588235294116, 19.48076923076923, 19.49056603773585], "pagerank": [0.45292965064366486, 0.4526905489853241, 0.4524886154735704, 0.45227962722915754, 0.45203869021972326]}, "mistral_24b_instruct": {"clustering": [0.0038345087221737166, 0.0038849661529781376, 0.003924847876763095, 0.003972359224272701, 0.00403062645192667], "average_degree": [19.489795918367346, 19.5, 19.50980392156863, 19.51923076923077, 19.528301886792452], "pagerank": [0.45596364831118946, 0.45574268095920906, 0.4555468560281183, 0.4553380411001372, 0.45510255330886634]}, "qwen_1.5b_instruct": {"clustering": [0.0069327865524837625, 0.007020553275881555, 0.0070895564664146486, 0.007149348967733048, 0.007208577205386533], "average_degree": [19.354166666666668, 19.346938775510203, 19.38, 19.392156862745097, 19.403846153846153], "pagerank": [0.4344743279011776, 0.43425350254350265, 0.4340212663980527, 0.43378076977619723, 0.4335610673917695]}, "qwen_3b_instruct": {"clustering": [0.00506561361354708, 0.005129624524353969, 0.005188888895024026, 0.0052616011158018935, 0.0053236275365381325, 0.005395735353254573, 0.005453714267581234, 0.005511301159437129, 0.005574875673691292, 0.005636059708151363, 0.005680819537382946, 0.005742683951524903, 0.005793889147983815, 0.00584279179847805, 0.005894561666900782, 0.005946204806378599, 0.006001060724320398, 0.006029712848433368, 0.006073163487179041, 0.006122149416909056, 0.006171328778441618, 0.006213272195418905, 0.006250912631539021, 0.006309603048301911, 0.006347432386629509, 0.006391191235398205, 0.006432943022136097, 0.006468164543234766, 0.0065024313850974725, 0.0065396764009989184, 0.006581569823129834, 0.006616730968684187, 0.0066517690440490145, 0.00667944140168122, 0.00670646897852213, 0.0067378471856043365, 0.006766257501377967, 0.00679257662843849, 0.006827636535877974, 0.00685604645115303, 0.0068922628178090676, 0.0069168304738819065, 0.006949759469472551, 0.006981577887279998, 0.0070165053619530085, 0.007044535810718549, 0.007071267456829077, 0.0070959501960747426, 0.0071226118206144965, 0.007150200845310638], "average_degree": [19.541666666666668, 19.551020408163264, 19.56, 19.568627450980394, 19.576923076923077, 19.58490566037736, 19.59259259259259, 19.6, 19.607142857142858, 19.614035087719298, 19.620689655172413, 19.627118644067796, 19.633333333333333, 19.639344262295083, 19.64516129032258, 19.650793650793652, 19.65625, 19.661538461538463, 19.666666666666668, 19.671641791044777, 19.676470588235293, 19.681159420289855, 19.685714285714287, 19.690140845070424, 19.694444444444443, 19.698630136986303, 19.7027027027027, 19.706666666666667, 19.710526315789473, 19.714285714285715, 19.71794871794872, 19.72151898734177, 19.725, 19.728395061728396, 19.73170731707317, 19.734939759036145, 19.738095238095237, 19.741176470588236, 19.74418604651163, 19.74712643678161, 19.75, 19.752808988764045, 19.755555555555556, 19.75824175824176, 19.76086956521739, 19.763440860215052, 19.76595744680851, 19.768421052631577, 19.770833333333332, 19.77319587628866], "pagerank": [0.44710269046835815, 0.44686177775137137, 0.4466830541845633, 0.4463623419617126, 0.4461018165468945, 0.4458616416082915, 0.4456612692040333, 0.4455412695047733, 0.445294978825762, 0.44508698601974017, 0.4449807790488274, 0.44475214743604075, 0.444584064412293, 0.44446037646846187, 0.4442840136261086, 0.4441093920770052, 0.44391360191270623, 0.4439074678932448, 0.4437972256905351, 0.4435725939697558, 0.44335119165674713, 0.4432244590104428, 0.4431047211939053, 0.4428424049734967, 0.4427310674401061, 0.4425757678325059, 0.44243982622972233, 0.4423291594307884, 0.4422339144963644, 0.4421103362367916, 0.4419630760707742, 0.4418420899821589, 0.4417385260521275, 0.4416780088356028, 0.4416044908207436, 0.4414944119995848, 0.4413858676724283, 0.441344619165079, 0.44119130043825544, 0.44113071025785555, 0.44099792926919357, 0.4409434161326061, 0.4408386982841215, 0.4407549153552033, 0.44065851765332364, 0.4405269170785959, 0.44045400544445573, 0.44040735977546913, 0.4403274125542339, 0.4402472375000513]}, "qwen_7b_instruct": {"clustering": [0.0076975368635905025, 0.007762329778452604, 0.007857841307590879, 0.007951688665019618, 0.008057498844350593], "average_degree": [19.270833333333332, 19.306122448979593, 19.32, 19.333333333333332, 19.326923076923077], "pagerank": [0.4256728709517926, 0.4253409577366729, 0.42494530231290273, 0.4245020018622558, 0.424266652561296]}, "llama_1b_instruct": {"clustering": [0.009941692157291508, 0.009941126729847928, 0.009959847413608242], "average_degree": [19.0, 19.0, 19.0], "pagerank": [0.4026952229507114, 0.4027012034894706, 0.402372705312075]}, "llama_8b_instruct": {"clustering": [0.004354010036201279, 0.004393532997465019, 0.004435541600294537, 0.004492054886080805], "average_degree": [19.044444444444444, 19.043478260869566, 19.04255319148936, 19.041666666666668], "pagerank": [0.4556752971763225, 0.4554661666975247, 0.4553282160459115, 0.45513918038550194]}, "gemma_2b_instruct": {"clustering": [0.007677860644822488, 0.007773431830786616, 0.007833372036003986, 0.007927837538771746, 0.008004997625640909, 0.008074518488917813, 0.008081773334653836, 0.008133454995418067, 0.008185628812197683, 0.008259794375457407, 0.00832162415784233, 0.008390257243998315, 0.008435070231622412], "average_degree": [19.019607843137255, 19.03846153846154, 19.037735849056602, 19.037037037037038, 19.036363636363635, 19.035714285714285, 19.035087719298247, 19.03448275862069, 19.050847457627118, 19.033333333333335, 19.049180327868854, 19.048387096774192, 19.047619047619047], "pagerank": [0.42974308009274403, 0.42934477112189356, 0.4291921780251788, 0.4289868913946246, 0.428755737997515, 0.42864348367464816, 0.42857807080938704, 0.42865005950176116, 0.42854701228171366, 0.42832555100759917, 0.42811917199050464, 0.42788808687921753, 0.42783313726734656]}, "gemma_9b_instruct": {"clustering": [0.0038402003803820832, 0.0038857586821846933, 0.0039327136459642795, 0.003978788648772839, 0.00403050994966597], "average_degree": [19.54901960784314, 19.557692307692307, 19.566037735849058, 19.574074074074073, 19.581818181818182], "pagerank": [0.4542730234597594, 0.4540198862003122, 0.4538733942309672, 0.4537025417237945, 0.45348372437979584]}, "gemma_27b_instruct": {"clustering": [0.0033172951787280255, 0.0033675142512403274, 0.0034184899764604705, 0.003458165739838234, 0.0034950101686093108, 0.003536880246297493, 0.0035844107350784067, 0.0036277435772315114, 0.0036527835118105516, 0.0036827745347606427, 0.0037213333878301047, 0.003748960575351477], "average_degree": [19.568627450980394, 19.576923076923077, 19.58490566037736, 19.59259259259259, 19.6, 19.607142857142858, 19.614035087719298, 19.620689655172413, 19.627118644067796, 19.633333333333333, 19.639344262295083, 19.64516129032258], "pagerank": [0.45604890506978013, 0.45580867577638373, 0.4556217510064129, 0.4554853224431818, 0.45536530946371384, 0.45524193135569296, 0.455056323440991, 0.4549141033198941, 0.4548378268287199, 0.4547569845411102, 0.45458877299804623, 0.4544832705172358]}}