{"mistral_8b_instruct": {"clustering": [0.003445855423344505, 0.003264195518468856, 0.003098537529421644, 0.00321546172974177, 0.0033228947677855156, 0.0034246804641124796, 0.0035269103469867807, 0.0035919613535716783], "average_degree": [17.0, 18.0, 19.0, 19.0, 19.0, 19.043478260869566, 19.041666666666668, 19.08], "pagerank": [0.4679652068211626, 0.4666080695089825, 0.4653718177009285, 0.4642797176631344, 0.46322596480164496, 0.46226292989844614, 0.4613582262025801, 0.4604504545605715]}, "mistral_24b_instruct": {"clustering": [0.0028679333006698888, 0.0027092487962724707, 0.0025638190920826125], "average_degree": [17.0, 18.0, 19.0], "pagerank": [0.47041350696757483, 0.46924595530300195, 0.4681732896263646]}, "qwen_1.5b_instruct": {"clustering": [0.005825752732959729, 0.005525219690953418, 0.005250070488758406, 0.004985512222468789, 0.005204910226558943], "average_degree": [16.0, 17.0, 18.0, 19.0, 19.0], "pagerank": [0.45376790310378773, 0.45152800092020856, 0.4494598149049232, 0.4477094170112103, 0.44595700926967896]}, "qwen_3b_instruct": {"clustering": [0.004131757569498728, 0.0038859716772088795, 0.003662444286763827, 0.003473820703841898, 0.0035880538796888785, 0.0037042274578923005, 0.0038212352534905633, 0.003927562257005472, 0.003990696679350405, 0.004070212439038539, 0.004150266345451255, 0.00425938116358056, 0.004339018963281956, 0.00438714556078327, 0.004470145071570027, 0.004558239421852249, 0.004564554949964559], "average_degree": [16.0, 17.0, 18.0, 19.0, 19.0, 19.0, 19.0, 19.0, 19.04, 19.076923076923077, 19.11111111111111, 19.142857142857142, 19.17241379310345, 19.2, 19.225806451612904, 19.25, 19.272727272727273], "pagerank": [0.4645706502936717, 0.4630222407218159, 0.4616335637849544, 0.4602593026978349, 0.4591717490985548, 0.4580287032810248, 0.4569502394066816, 0.45596585083347885, 0.45499996183153224, 0.45407807174746717, 0.45322202537210315, 0.45241567701244284, 0.45167155302037715, 0.4509860162815385, 0.45031021137207117, 0.44972286888057345, 0.4491439924505329]}, "qwen_7b_instruct": {"clustering": [0.0064195981513363734], "average_degree": [16.0], "pagerank": [0.4460895643765985]}, "llama_1b_instruct": {"clustering": [0.00804499336172689, 0.007613314900625479, 0.007245297785775133, 0.007549714846067398, 0.00781530192861204, 0.008068629682670128, 0.008304878355291947, 0.00847993181407318, 0.008625314952382343, 0.008776654501873309, 0.0089020858587827, 0.009043463625425784, 0.00912723631132045, 0.009245398199120432, 0.009393755809489543, 0.00948279999651358, 0.00964464147202545, 0.009644938958211679, 0.00960362600626604, 0.009760055248861376], "average_degree": [17.0, 18.0, 19.0, 19.0, 19.0, 19.0, 19.0, 19.0, 19.0, 19.0, 19.0, 19.0, 19.0, 19.0, 19.0, 19.0, 19.0, 19.0, 19.0, 19.0], "pagerank": [0.42352887043119125, 0.42126931850825394, 0.41889784865825913, 0.41689148751521704, 0.41495304904965225, 0.41313546879398766, 0.41157348305641245, 0.40983007377790526, 0.40851361384209667, 0.407347326430109, 0.40651395850936084, 0.4053626369038446, 0.40439166344332056, 0.40332293265065683, 0.4023997715706282, 0.40188573203054356, 0.401264067857691, 0.4006394142741571, 0.4001891052103078, 0.3998533852027183]}, "llama_8b_instruct": {"clustering": [0.003476978652809901, 0.0032955924538471855, 0.0031396307897078694, 0.0032510387170082552, 0.0033630115117022604, 0.0034789564663100666, 0.00357665001913022, 0.003635403283133129, 0.0037012776871267303, 0.003780615932991427, 0.003863836893639979], "average_degree": [17.0, 18.0, 19.0, 19.0, 19.0, 19.0, 19.0, 19.0, 19.0, 19.037037037037038, 19.035714285714285], "pagerank": [0.4685645744388178, 0.46728905155569245, 0.4660556550418446, 0.4650729929864606, 0.4640700154813225, 0.46307284507436364, 0.4622623304941962, 0.4614822553372492, 0.46073501814525647, 0.45999651285558013, 0.4593827707605264]}, "gemma_2b_instruct": {"clustering": [0.005547969819330386, 0.005315184277948869], "average_degree": [18.0, 19.0], "pagerank": [0.4472305985508182, 0.4450898973522029]}, "gemma_9b_instruct": {"clustering": [0.002768453057630291, 0.0026273337959491876, 0.0026902748160938347, 0.0027434776822211045], "average_degree": [18.0, 19.0, 19.0, 19.0], "pagerank": [0.4684220143031019, 0.46732370423418534, 0.46644598358560263, 0.46564552499469297]}, "gemma_27b_instruct": {"clustering": [0.002359912358708703], "average_degree": [18.0], "pagerank": [0.4694013451800987]}}