{"mistral_8b_instruct": {"clustering": [0.0052101149841102], "average_degree": [19.3265306122449], "pagerank": [0.25315662582205617]}, "mistral_24b_instruct": {"clustering": [0.005429021654100867], "average_degree": [19.346938775510203], "pagerank": [0.2311392286937598]}, "qwen_1.5b_instruct": {"clustering": [0.0059193582824977045, 0.0058821805294372006, 0.005857307572156091, 0.00585619804146069, 0.004749895638157553], "average_degree": [19.229166666666668, 19.224489795918366, 19.22, 19.215686274509803, 19.326923076923077], "pagerank": [0.20628362296091618, 0.2040834958341938, 0.19998913046972536, 0.1956432806940608, 0.18671847697828955]}, "qwen_3b_instruct": {"clustering": [0.00508577728357884, 0.005024246904374533], "average_degree": [19.270833333333332, 19.285714285714285], "pagerank": [0.218700003382287, 0.21637324713754932]}, "qwen_7b_instruct": {"clustering": [0.005522679735713858, 0.005485695217784239], "average_degree": [19.291666666666668, 19.285714285714285], "pagerank": [0.20200623063031764, 0.19877996591419284]}, "llama_1b_instruct": {"clustering": [0.007311897515037836, 0.007249080107452471, 0.007237261797386281, 0.0056319044391557665, 0.005589797327748891, 0.005559880668365062, 0.005551053448047184, 0.00567251661498724, 0.00564232805117803, 0.005649926850857036, 0.005658296487935253, 0.005585087973099004, 0.005548434235833681, 0.005514737848109599, 0.0055581600850672565, 0.002811484361342538, 0.002922329448193611, 0.0028791720988451544, 0.002875329461233835, 0.003998071481471312, 0.003990248387591158, 0.003995804714510284, 0.004000657799760861, 0.00593399805085528, 0.005911724860969059, 0.0059289651231549485], "average_degree": [19.102040816326532, 19.1, 19.098039215686274, 19.096153846153847, 19.09433962264151, 19.09259259259259, 19.09090909090909, 19.142857142857142, 19.140350877192983, 19.137931034482758, 19.135593220338983, 19.216666666666665, 19.21311475409836, 19.20967741935484, 19.206349206349206, 19.1875, 19.184615384615384, 19.181818181818183, 19.17910447761194, 19.264705882352942, 19.246376811594203, 19.257142857142856, 19.253521126760564, 19.194444444444443, 19.19178082191781, 19.18918918918919], "pagerank": [0.19144740200207067, 0.18795461768065236, 0.18391177963200192, 0.20060768478890326, 0.19830897291767433, 0.19426024539642317, 0.19079137756036882, 0.1960311611189135, 0.19460734249421968, 0.19090356015374627, 0.1866239160885593, 0.1738397160282073, 0.1722922730914573, 0.16949830286841383, 0.16613021603301237, 0.14447841213245327, 0.1416700470468072, 0.13920946345340512, 0.13601758455171564, 0.21629089149336764, 0.21420357366250456, 0.21080891917637115, 0.20680777298637415, 0.19573831004999218, 0.1942778582024141, 0.1917007135882964]}, "llama_8b_instruct": {"clustering": [0.005736333593245444, 0.005704577372406403, 0.0057018836389776725, 0.0033342962522483134, 0.003302082365064395, 0.003278075215640722, 0.003281636559807812, 0.0031831165828215837, 0.0031247183194517995, 0.0031707564352601693, 0.003166196763382426, 0.0023501260851647885, 0.002341491629838561, 0.00233204900163295, 0.002349524731230097, 0.0008231922352781377, 0.0008371541743126514, 0.0008148728757813358, 0.0008098612940986705, 0.0019667939949178795, 0.001965119682921824, 0.00195652485366328, 0.0019582841636845345, 0.004111680754573615, 0.004076501029563631, 0.004096597633659555, 0.0040884960718058335, 0.00335691236764293, 0.003340426641347781], "average_degree": [19.26530612244898, 19.26, 19.254901960784313, 19.365384615384617, 19.358490566037737, 19.35185185185185, 19.345454545454544, 19.232142857142858, 19.228070175438596, 19.224137931034484, 19.220338983050848, 19.416666666666668, 19.40983606557377, 19.403225806451612, 19.396825396825395, 19.328125, 19.323076923076922, 19.318181818181817, 19.313432835820894, 19.397058823529413, 19.391304347826086, 19.385714285714286, 19.380281690140844, 19.38888888888889, 19.383561643835616, 19.37837837837838, 19.373333333333335, 19.43421052631579, 19.428571428571427], "pagerank": [0.2176906267469053, 0.2134372937092347, 0.208966801874016, 0.23991073771298901, 0.23713327586566843, 0.23259246141737072, 0.2275369365857064, 0.23303915528801736, 0.23085210941023004, 0.22653600795944795, 0.22174916020195945, 0.2036032651472, 0.20169128760983498, 0.19827858829761685, 0.19407798357066877, 0.16587948261014046, 0.16491855160098803, 0.1620308734557783, 0.15859666677926043, 0.2634569681190802, 0.26094145804096947, 0.25682212636261925, 0.252278578672292, 0.2360135613964245, 0.23443372977485133, 0.23123333179460306, 0.22687673068302658, 0.25930958277594224, 0.2574928977097436]}, "gemma_2b_instruct": {"clustering": [0.007031079403911788, 0.005436420687172864, 0.005386880748717361, 0.00536353034255848, 0.005360925808663925, 0.00495773579507388], "average_degree": [19.15686274509804, 19.307692307692307, 19.30188679245283, 19.296296296296298, 19.29090909090909, 19.285714285714285], "pagerank": [0.19065648317501185, 0.19462774898444157, 0.19256715084031215, 0.1888570693104768, 0.18448241174567176, 0.21735330923928267]}, "gemma_9b_instruct": {"clustering": [0.004481307196634136, 0.0031368049645516924, 0.0031203304414863754, 0.0030942144222733015, 0.0031047265971353814, 0.002796293102733383, 0.002769990750623315, 0.0027804545216438426], "average_degree": [19.254901960784313, 19.51923076923077, 19.50943396226415, 19.5, 19.490909090909092, 19.446428571428573, 19.43859649122807, 19.43103448275862], "pagerank": [0.2120511884459115, 0.18936110692723593, 0.18702929327016451, 0.18337108401883742, 0.1793677385919837, 0.20843425909482288, 0.20623890277575296, 0.20253640310051033]}, "gemma_27b_instruct": {"clustering": [0.0036659407327692644, 0.002367870795168968, 0.002353448939565741, 0.002336770758592092, 0.0023451353744041625, 0.0026525457569898446, 0.002626126633617439], "average_degree": [19.313725490196077, 19.5, 19.49056603773585, 19.48148148148148, 19.472727272727273, 19.464285714285715, 19.45614035087719], "pagerank": [0.2235992467561755, 0.1936758672734323, 0.19172407509026682, 0.1883968682549273, 0.18398902934663552, 0.20727300784379493, 0.20557093654090725]}}