{"mistral_8b_instruct": {"clustering": [0.005874195555944468, 0.0058340224847187715], "average_degree": [19.244897959183675, 19.26], "pagerank": [0.22401384475906655, 0.21983386136859537]}, "mistral_24b_instruct": {"clustering": [0.00546951864666233, 0.0054190498487737045], "average_degree": [19.3265306122449, 19.32], "pagerank": [0.22734346314473436, 0.222742832286475]}, "qwen_1.5b_instruct": {"clustering": [0.005907688659183873, 0.005871957566379534], "average_degree": [19.229166666666668, 19.224489795918366], "pagerank": [0.20509519632642012, 0.20291403188810414]}, "qwen_3b_instruct": {"clustering": [0.005036417331037592, 0.004965225840349909], "average_degree": [19.291666666666668, 19.306122448979593], "pagerank": [0.21946689200147212, 0.21699837319301202]}, "qwen_7b_instruct": {"clustering": [0.005469824101675166, 0.005483618409895085], "average_degree": [19.270833333333332, 19.26530612244898], "pagerank": [0.19927799294683002, 0.19767364160551]}, "llama_1b_instruct": {"clustering": [0.0074249800516925125, 0.007366502445507524], "average_degree": [19.081632653061224, 19.08], "pagerank": [0.1897584311189468, 0.18638242982826134]}, "llama_8b_instruct": {"clustering": [0.0058498146737932626, 0.005814202200383935, 0.005811882939286115, 0.003493992681604147, 0.0034631443223461667], "average_degree": [19.26530612244898, 19.26, 19.254901960784313, 19.365384615384617, 19.358490566037737], "pagerank": [0.21982366594812774, 0.2150295566358046, 0.21090784856768288, 0.23877458966760487, 0.2361835388614525]}, "gemma_2b_instruct": {"clustering": [0.006840927810847334, 0.006844054233345287, 0.004599919571083773, 0.0045632607923571065, 0.004527528810408542, 0.004527851736446549, 0.004412877875879245], "average_degree": [19.18, 19.176470588235293, 19.307692307692307, 19.30188679245283, 19.296296296296298, 19.29090909090909, 19.232142857142858], "pagerank": [0.2038052083069591, 0.19878613339123846, 0.20394852235851235, 0.2017945444513838, 0.1979489687447398, 0.19356729267177455, 0.21039216025724802]}, "gemma_9b_instruct": {"clustering": [0.004464484483692764, 0.004473542129995573, 0.003112805659496328, 0.0030962816305501253], "average_degree": [19.28, 19.294117647058822, 19.5, 19.49056603773585], "pagerank": [0.2207197739037968, 0.21510463569421384, 0.19863153092453434, 0.19669961597446126]}, "gemma_27b_instruct": {"clustering": [0.0036125843798233566, 0.003622185951822064, 0.002465150211575683, 0.0024488294417822575, 0.0024365702038628176, 0.0024478058282402845, 0.0022741140441675622], "average_degree": [19.42, 19.41176470588235, 19.51923076923077, 19.50943396226415, 19.5, 19.490909090909092, 19.446428571428573], "pagerank": [0.2308658537801615, 0.22519811196770118, 0.20268891915823903, 0.2006438566490747, 0.1961648212691781, 0.1906201003420112, 0.20413877862035879]}}