{"mistral_8b_instruct": {"clustering": [0.005874195555944468, 0.0058340224847187715, 0.0058446991075939165, 0.003471203635543004], "average_degree": [19.244897959183675, 19.26, 19.254901960784313, 19.384615384615383], "pagerank": [0.22401384475906655, 0.21983386136859537, 0.2145821910858272, 0.2231141430204311]}, "mistral_24b_instruct": {"clustering": [0.00546951864666233, 0.0054190498487737045], "average_degree": [19.3265306122449, 19.32], "pagerank": [0.22734346314473436, 0.222742832286475]}, "qwen_1.5b_instruct": {"clustering": [0.005907688659183873, 0.005871957566379534], "average_degree": [19.229166666666668, 19.224489795918366], "pagerank": [0.20509519632642012, 0.20291403188810414]}, "qwen_3b_instruct": {"clustering": [0.005036417331037592, 0.004965225840349909], "average_degree": [19.291666666666668, 19.306122448979593], "pagerank": [0.21946689200147212, 0.21699837319301202]}, "qwen_7b_instruct": {"clustering": [0.005469824101675166, 0.005483618409895085], "average_degree": [19.270833333333332, 19.26530612244898], "pagerank": [0.19927799294683002, 0.19767364160551]}, "llama_1b_instruct": {"clustering": [0.0074249800516925125, 0.007366502445507524, 0.007359385107479886, 0.0058352254515837525, 0.00579365882563153, 0.005748115344978368, 0.005747089523693615, 0.005682934654486715, 0.005653926404373026], "average_degree": [19.081632653061224, 19.08, 19.07843137254902, 19.115384615384617, 19.11320754716981, 19.11111111111111, 19.10909090909091, 19.142857142857142, 19.140350877192983], "pagerank": [0.1897584311189468, 0.18638242982826134, 0.18229864800316628, 0.2014939591612418, 0.1996072632348515, 0.19597892311390705, 0.19153216503412943, 0.19547623803359968, 0.19360643485520349]}, "llama_8b_instruct": {"clustering": [0.005856641914848933], "average_degree": [19.26530612244898], "pagerank": [0.21939048349406723]}, "gemma_2b_instruct": {"clustering": [0.006826322184598496, 0.0068254854579271555, 0.004597759844642389, 0.004559229555486161, 0.004525373448606281, 0.004518376108604058, 0.004415433321280696, 0.004378996926230923, 0.004385736277458935, 0.00438233756773995, 0.003968345411940614, 0.003960526279117958, 0.003927896165936646, 0.003954571951553766, 0.0013711403000864985, 0.0013623410541649425, 0.0013371962564622164, 0.0013230233231397606, 0.0030796992941311625, 0.0030645996167240593, 0.0030639886539221214, 0.0030823802978667096, 0.005274284946831565, 0.005249813841346279, 0.005273917559349759, 0.0052436648956202215, 0.005299281891842175, 0.00527469793924699, 0.005248424781110472, 0.0052770608389717056, 0.007199314730260848, 0.007166257193597763, 0.007151178777065912, 0.0071379787841159255], "average_degree": [19.18, 19.176470588235293, 19.307692307692307, 19.30188679245283, 19.296296296296298, 19.29090909090909, 19.232142857142858, 19.228070175438596, 19.224137931034484, 19.220338983050848, 19.366666666666667, 19.360655737704917, 19.35483870967742, 19.349206349206348, 19.296875, 19.29230769230769, 19.28787878787879, 19.28358208955224, 19.38235294117647, 19.3768115942029, 19.37142857142857, 19.366197183098592, 19.375, 19.36986301369863, 19.364864864864863, 19.36, 19.38157894736842, 19.376623376623378, 19.371794871794872, 19.367088607594937, 19.3125, 19.308641975308642, 19.304878048780488, 19.301204819277107], "pagerank": [0.20279733062959343, 0.19783046681698996, 0.20355044022766597, 0.20139642122134666, 0.19755745301398742, 0.19276929681887045, 0.20923097204252128, 0.20715797769875355, 0.20341251586045, 0.19899478330346485, 0.18070306343854878, 0.1790145115534281, 0.17598531166880535, 0.17269429029400443, 0.14405322783469032, 0.14277820655429468, 0.14015012889133738, 0.13735086273070438, 0.22892183030855057, 0.2269834830227932, 0.223458975512221, 0.21936149677068492, 0.19305207235916694, 0.1916000289917982, 0.18897436409443347, 0.18580273070273215, 0.22105127535021918, 0.21948882194329733, 0.21654551392477567, 0.21339104837097148, 0.20873566213119565, 0.2074511229882575, 0.20514714291690164, 0.20244346578747774]}, "gemma_9b_instruct": {"clustering": [0.0044757043117750975, 0.0044872279012692865, 0.003111604630811068, 0.0030928529577949606], "average_degree": [19.3, 19.294117647058822, 19.5, 19.49056603773585], "pagerank": [0.21970551021175683, 0.21422353368993072, 0.197713775368954, 0.19558267879858948]}, "gemma_27b_instruct": {"clustering": [0.003600153315344785, 0.0036047464803878864, 0.0024266509282904534, 0.002406943582584751, 0.0024034922256160347, 0.002419489702993812, 0.0022485355449150188], "average_degree": [19.42, 19.41176470588235, 19.51923076923077, 19.50943396226415, 19.5, 19.490909090909092, 19.464285714285715], "pagerank": [0.23178315975048758, 0.22577564605125885, 0.20426049045061423, 0.20203922050327153, 0.19934814694385414, 0.1947815347135725, 0.20581766711421332]}}