{"gemma_2b_instruct": {"clustering": [0.006903500465567706, 0.006990781153880641, 0.007091285412990788, 0.00717761102135863, 0.007265483038896549, 0.007341568799048272, 0.007422396098453689], "average_shortest_path_length": [Infinity, Infinity, Infinity, Infinity, Infinity, Infinity, Infinity], "average_degree": [19.0, 19.0, 19.0, 19.0, 19.0, 19.0, 19.0], "connectivity": [6.0, 7.0, 8.0, 9.0, 10.0, 11.0, 12.0], "sparseness": [0.3877551020408163, 0.38, 0.37254901960784315, 0.36538461538461536, 0.3584905660377358, 0.35185185185185186, 0.34545454545454546], "hubs": [5.0, 6.0, 6.0, 6.0, 6.0, 6.0, 6.0], "clusters": [1.0, 1.0, 1.0, 1.0, 1.0, 1.0, 1.0], "communities": [1.0, 1.0, 1.0, 1.0, 1.0, 1.0, 1.0], "fourier": [1.9066581063183403, 1.9062467620391772, 1.9066718306651862, 1.9070177234907162, 1.907502329827946, 1.9068986606937284, 1.9065117108268395], "commute_time_efficiency": [0.8318367346938775, 0.8262745098039216, 0.8190045248868778, 0.8127721335268505, 0.8067784765897974, 0.8006734006734006, 0.7961038961038961], "pagerank": [0.43402751570677833, 0.43392468137558504, 0.43368603320431487, 0.4334470713015353, 0.43323329603945776, 0.4329866046526473, 0.4326720276566064], "eigenvector_centrality": [0.0, 0.0, 0.0, 0.0, 0.0, 0.0, 0.0], "cycle_count": [764.0, 782.0, 795.0, 810.0, 825.0, 839.0, 857.0]}, "gemma_9b_instruct": {"clustering": [0.0038904185469090576, 0.0039428533745186345, 0.003983940272806933], "average_shortest_path_length": [Infinity, Infinity, Infinity], "average_degree": [19.58, 19.58823529411765, 19.596153846153847], "connectivity": [10.0, 11.0, 12.0], "sparseness": [0.3995918367346939, 0.39176470588235296, 0.38423831070889897], "hubs": [5.0, 6.0, 6.0], "clusters": [1.0, 1.0, 1.0], "communities": [1.0, 1.0, 1.0], "fourier": [1.9540454776922291, 1.9547907309190524, 1.9554640250671156], "commute_time_efficiency": [0.8269387755102041, 0.8215686274509804, 0.8171191553544495], "pagerank": [0.4549881658827774, 0.45484501673225114, 0.45473424691046577], "eigenvector_centrality": [0.0, 0.0, 0.0], "cycle_count": [752.0, 770.0, 790.0]}, "gemma_27b_instruct": {"clustering": [0.003302519364881026, 0.003343526623036663, 0.0033926686999071623, 0.0034278497410342047, 0.0034727771420059624, 0.0034994331393566644, 0.003522550301146707], "average_shortest_path_length": [Infinity, Infinity, Infinity, Infinity, Infinity, Infinity, Infinity], "average_degree": [19.6, 19.607843137254903, 19.596153846153847, 19.60377358490566, 19.61111111111111, 19.618181818181817, 19.625], "connectivity": [11.0, 12.0, 13.0, 14.0, 15.0, 16.0, 17.0], "sparseness": [0.4, 0.39215686274509803, 0.38423831070889897, 0.37699564586357037, 0.370020964360587, 0.3632996632996633, 0.3568181818181818], "hubs": [5.0, 6.0, 6.0, 6.0, 6.0, 6.0, 6.0], "clusters": [1.0, 1.0, 1.0, 1.0, 1.0, 1.0, 1.0], "communities": [1.0, 1.0, 1.0, 1.0, 1.0, 1.0, 1.0], "fourier": [1.9578014397137025, 1.9585618526371764, 1.9592695446245796, 1.9599691983431506, 1.9605859334856381, 1.9612210552754372, 1.9617939555904336], "commute_time_efficiency": [0.8228571428571428, 0.8180392156862745, 0.8129713423831071, 0.808055152394775, 0.803633822501747, 0.7993265993265993, 0.7954545454545454], "pagerank": [0.4568461869453659, 0.4567221019586396, 0.45651627253572646, 0.4564159930862083, 0.45619902293840886, 0.4561180298312834, 0.456026245145341], "eigenvector_centrality": [0.0, 0.0, 0.0, 0.0, 0.0, 0.0, 0.0], "cycle_count": [742.0, 761.0, 779.0, 797.0, 816.0, 835.0, 855.0]}}