Family,Feature,U_statistic,p_value,Significant,Correct_mean,Incorrect_mean,Sample_size_correct,Sample_size_incorrect
All,clustering,5.0,0.0024509803921568627,True,0.004562612503357045,0.007915414895333633,15,5
All,average_degree,46.0,0.4833421306996408,False,19.261132901999606,19.195080200501252,15,5
All,pagerank,67.0,0.007739938080495356,True,0.449425815218738,0.4234884484765491,15,5
