{"mistral_8b_instruct": {"clustering": [0.007335693134328911, 0.007353099880127729], "average_degree": [19.86285714285714, 19.863636363636363], "pagerank": [0.4428647369050677, 0.44284430167805405]}, "mistral_24b_instruct": {"clustering": [0.006577546512894697], "average_degree": [19.857142857142858], "pagerank": [0.4466920348702556]}, "qwen_1.5b_instruct": {"clustering": [0.010388619291740151, 0.0104101237751189], "average_degree": [19.622093023255815, 19.61849710982659], "pagerank": [0.4224802757933269, 0.4225017584948913]}, "qwen_3b_instruct": {"clustering": [0.007973787922761794], "average_degree": [19.837209302325583], "pagerank": [0.43655031237689634]}, "qwen_7b_instruct": {"clustering": [0.011729723505187868, 0.011731685038030492, 0.011719821166668884, 0.011697972392550295, 0.011710050298049867, 0.011678675710508526], "average_degree": [19.78488372093023, 19.78034682080925, 19.775862068965516, 19.771428571428572, 19.767045454545453, 19.76271186440678], "pagerank": [0.4102639253998122, 0.4103493882304436, 0.4104558146319166, 0.4105758218735337, 0.41068227763433685, 0.4108094721377403]}, "llama_1b_instruct": {"clustering": [0.010908706349512898, 0.010889561846416302, 0.010876056891200957, 0.010850573137450924, 0.010834722127448558, 0.010836182548577246, 0.010845500440680092], "average_degree": [19.0, 19.0, 19.0, 19.0, 19.0, 19.0, 19.0], "pagerank": [0.40620671230802297, 0.40627585808360733, 0.4063429506617475, 0.406376778647775, 0.4064537828208823, 0.4064355270495729, 0.4064334374811655]}, "llama_8b_instruct": {"clustering": [0.006566455016561748, 0.006572613598751117, 0.006571785561725964, 0.006582804758840538], "average_degree": [19.48235294117647, 19.485380116959064, 19.488372093023255, 19.491329479768787], "pagerank": [0.44864836357536825, 0.4486344517032462, 0.4486240748004846, 0.4486079823360807]}, "gemma_2b_instruct": {"clustering": [0.010490107920967951, 0.010495267458398743, 0.010507429797887562, 0.010496193625821973, 0.010500262982334202, 0.010499730923696767, 0.010477273586548923, 0.010478778577594664, 0.010490292448139024, 0.010488406740753239, 0.010482618996802875, 0.010470272229930301, 0.010475345734913558, 0.010477516344028952, 0.010455567505390204, 0.010442973176844101, 0.010449789280673714, 0.010442996277942554, 0.010446789475462008, 0.01043859988139518, 0.01041818611169423, 0.010419283134544054, 0.010413492805245433, 0.010403419308926468, 0.010406365003747366, 0.010405693573828605, 0.01039279937347753, 0.010395243472954613, 0.010372694745760283, 0.010364126563163732, 0.010371580223196335, 0.010366622342313768, 0.010366197062852207, 0.010377608122152089, 0.010429499281088718, 0.010402786233558205, 0.01040973081853254, 0.010409031431023456, 0.01042119789250951, 0.010425606128682768, 0.010428347586937455, 0.010442101603269168, 0.010458301968151363, 0.01045683879418222, 0.010447876929472528, 0.010451803640940855, 0.010478663762639836, 0.0104585449276544, 0.010460377849965325, 0.010465575104646066], "average_degree": [19.03448275862069, 19.034285714285716, 19.03409090909091, 19.033898305084747, 19.03370786516854, 19.033519553072626, 19.033333333333335, 19.03314917127072, 19.032967032967033, 19.0327868852459, 19.032608695652176, 19.032432432432433, 19.032258064516128, 19.032085561497325, 19.03191489361702, 19.03174603174603, 19.03157894736842, 19.031413612565444, 19.03125, 19.036269430051814, 19.036082474226806, 19.03076923076923, 19.03061224489796, 19.03553299492386, 19.035353535353536, 19.035175879396984, 19.035, 19.034825870646767, 19.034653465346533, 19.03448275862069, 19.034313725490197, 19.034146341463416, 19.033980582524272, 19.033816425120772, 19.028846153846153, 19.033492822966508, 19.02857142857143, 19.033175355450236, 19.03301886792453, 19.03286384976526, 19.03271028037383, 19.032558139534885, 19.03240740740741, 19.032258064516128, 19.03211009174312, 19.031963470319635, 19.03181818181818, 19.031674208144796, 19.03153153153153, 19.031390134529147], "pagerank": [0.4254922067952191, 0.4254930403126308, 0.4255241212233798, 0.42554496558451066, 0.42555085746122684, 0.42558347589976525, 0.4256213158557654, 0.4256557271205623, 0.42566845637072565, 0.42570886473974234, 0.4257489076074382, 0.42577934268571177, 0.42579720555334855, 0.4258509348997946, 0.4258870643355907, 0.42591394192396714, 0.42593509564749055, 0.4259576150706619, 0.42598054783100203, 0.4260100629320862, 0.42604588169128527, 0.42602906059098833, 0.4260531495538864, 0.4261243676253785, 0.4261521264574373, 0.42617803968585005, 0.42622586715934485, 0.426245981619031, 0.42628863849776366, 0.4263139858077174, 0.4263276221600081, 0.42634846395806314, 0.426374394384574, 0.4263650946288623, 0.42626858214545515, 0.4263157329730734, 0.4262539802221584, 0.4262916539531403, 0.4262934190213315, 0.426295635727076, 0.42630815451874643, 0.42629832755909836, 0.42627956594933397, 0.42627496990266445, 0.42628324167234577, 0.42628949528635435, 0.42629515706104987, 0.4263116961384462, 0.4263473056773632, 0.42635822707446497]}, "gemma_9b_instruct": {"clustering": [0.00640324529080885, 0.006403292218660934, 0.006412349885493194, 0.0064082516787535085, 0.006415246065161568], "average_degree": [19.873563218390803, 19.874285714285715, 19.875, 19.875706214689266, 19.876404494382022], "pagerank": [0.446072124216733, 0.44607366654246183, 0.4460815468767868, 0.4460920849410822, 0.44606453867612306]}, "gemma_27b_instruct": {"clustering": [0.005912807433133084, 0.005916528788973418, 0.005928888032873714, 0.0059341472327112815], "average_degree": [19.873563218390803, 19.874285714285715, 19.875, 19.875706214689266], "pagerank": [0.44739263209792207, 0.4473770779761583, 0.4473674671223733, 0.4473280327269115]}}