{"qwen_14b_instruct": {"clustering": [0.0019155964081733418, 0.00012981216751134882, 0.00013220403185486892, 0.0001301794018124521, 0.0001382202586477686], "average_degree": [19.50793650793651, 19.515625, 19.50769230769231, 19.5, 19.492537313432837], "pagerank": [0.14663653632180682, 0.11320390147323392, 0.11060063440643775, 0.10927692072746875, 0.10656208475118531]}, "qwen_32b_instruct": {"clustering": [0.0018820007705660428, 5.432838849456989e-05, 5.453593680633799e-05, 5.3024758753698013e-05, 6.527084793818943e-05], "average_degree": [19.523809523809526, 19.53125, 19.523076923076925, 19.515151515151516, 19.507462686567163], "pagerank": [0.15566782372803362, 0.11221881642258359, 0.11126015607380581, 0.10935132328932665, 0.1074782512126036]}, "llama_70b_instruct": {"clustering": [0.0015882954897749244, 0.0018913534958964824, 0.0018951245728443685], "average_degree": [19.406779661016948, 19.533333333333335, 19.524590163934427], "pagerank": [0.2077859998861153, 0.20007386992868473, 0.1981769558457721]}}