{"mistral_8b_instruct": {"clustering": [0.003695349569224649, 0.0034324135810468973, 0.0032129247348814133, 0.0030243528019749453, 0.0028473124682758906, 0.0029560170266860345, 0.0030368823608844576], "average_shortest_path_length": [0.060917556980096835, 0.05737237293594908, 0.054221629909537106, 0.05116511890257716, 0.048632195644877245, 0.04594489250840299, 0.043973028011607684], "average_degree": [15.0, 16.0, 17.0, 18.0, 19.0, 19.0, 19.0], "connectivity": [1.0, 1.0, 1.0, 1.0, 1.0, 1.0, 1.0], "sparseness": [1.0, 1.0, 1.0, 1.0, 1.0, 0.95, 0.9047619047619048], "hubs": [16.0, 17.0, 18.0, 19.0, 20.0, 12.0, 9.0], "clusters": [1.0, 1.0, 1.0, 1.0, 1.0, 1.0, 1.0], "communities": [1.0, 1.0, 1.0, 1.0, 1.0, 1.0, 1.0], "fourier": [1.871259980235833, 1.8787486630114603, 1.8854230743944937, 1.8913972139367454, 1.8967561096036, 1.9015881146252307, 1.9059559764100202], "commute_time_efficiency": [1.0, 1.0, 1.0, 1.0, 1.0, 0.9976190476190476, 0.9956709956709957], "pagerank": [0.47150893814246875, 0.47013088294884303, 0.4688428433677011, 0.4676312727913803, 0.466586516496827, 0.46549152382453995, 0.4645750565620602], "eigenvector_centrality": [0.9999999577887706, 0.9999999524426291, 0.9999999623190414, 0.9999999269940574, 0.9999999187087213, 0.9999999150840169, 0.9999999271910383], "cycle_count": [105.0, 120.0, 136.0, 153.0, 171.0, 189.0, 208.0]}, "mistral_24b_instruct": {"clustering": [0.003097634403230347, 0.0028786381409967323, 0.002696935234448357], "average_shortest_path_length": [0.06166066528102444, 0.058044691006371045, 0.05464448861612588], "average_degree": [15.0, 16.0, 17.0], "connectivity": [1.0, 1.0, 1.0], "sparseness": [1.0, 1.0, 1.0], "hubs": [16.0, 17.0, 18.0], "clusters": [1.0, 1.0, 1.0], "communities": [1.0, 1.0, 1.0], "fourier": [1.8733479443037022, 1.8807609908493346, 1.8873558224904114], "commute_time_efficiency": [1.0, 1.0, 1.0], "pagerank": [0.4732638120856093, 0.47194751648868477, 0.4707333731265036], "eigenvector_centrality": [0.9999999908086836, 0.9999999873944958, 0.9999999842250291], "cycle_count": [105.0, 120.0, 136.0]}}