{"mistral_8b_instruct": {"clustering": [0.004537633960769896, 0.0045855123397888385, 0.00463327864895091, 0.004674162196994553, 0.004730773506672985], "average_degree": [19.448979591836736, 19.46, 19.470588235294116, 19.48076923076923, 19.49056603773585], "pagerank": [0.45292965064366486, 0.4526905489853241, 0.4524886154735704, 0.45227962722915754, 0.45203869021972326]}, "mistral_24b_instruct": {"clustering": [0.0038345087221737166, 0.0038849661529781376, 0.003924847876763095, 0.003972359224272701, 0.00403062645192667], "average_degree": [19.489795918367346, 19.5, 19.50980392156863, 19.51923076923077, 19.528301886792452], "pagerank": [0.45596364831118946, 0.45574268095920906, 0.4555468560281183, 0.4553380411001372, 0.45510255330886634]}, "qwen_1.5b_instruct": {"clustering": [0.0069327865524837625, 0.007020553275881555, 0.0070895564664146486, 0.007149348967733048, 0.007208577205386533], "average_degree": [19.354166666666668, 19.346938775510203, 19.38, 19.392156862745097, 19.403846153846153], "pagerank": [0.4344743279011776, 0.43425350254350265, 0.4340212663980527, 0.43378076977619723, 0.4335610673917695]}, "qwen_3b_instruct": {"clustering": [0.00506561361354708, 0.00513442969182821, 0.005198933284790619, 0.0052687456091891835, 0.005325774819447622], "average_degree": [19.541666666666668, 19.551020408163264, 19.56, 19.568627450980394, 19.576923076923077], "pagerank": [0.44710269046835815, 0.44682775140202124, 0.4466305763271417, 0.4463483744628061, 0.44613902945223954]}, "qwen_7b_instruct": {"clustering": [0.0076975368635905025, 0.007762329778452604, 0.007857841307590879, 0.007951688665019618, 0.008057498844350593], "average_degree": [19.270833333333332, 19.306122448979593, 19.32, 19.333333333333332, 19.326923076923077], "pagerank": [0.4256728709517926, 0.4253409577366729, 0.42494530231290273, 0.4245020018622558, 0.424266652561296]}, "llama_1b_instruct": {"clustering": [0.009941692157291508, 0.009941126729847928, 0.009959847413608242], "average_degree": [19.0, 19.0, 19.0], "pagerank": [0.4026952229507114, 0.4027012034894706, 0.402372705312075]}, "llama_8b_instruct": {"clustering": [0.004354010036201279, 0.004391820876376322, 0.004443191200270135], "average_degree": [19.044444444444444, 19.043478260869566, 19.04255319148936], "pagerank": [0.4556752971763225, 0.4554772934131749, 0.4552621387401025]}, "gemma_2b_instruct": {"clustering": [0.007677860644822488, 0.0077676630231579774, 0.007823274439281382, 0.007911912855582279, 0.007986771447648366, 0.00803726841799517, 0.008043475480273067, 0.008092639330412528, 0.008150614400374921, 0.008196439570851161, 0.008266341427738305, 0.008332187517498252], "average_degree": [19.019607843137255, 19.03846153846154, 19.037735849056602, 19.037037037037038, 19.036363636363635, 19.035714285714285, 19.035087719298247, 19.03448275862069, 19.033898305084747, 19.033333333333335, 19.049180327868854, 19.032258064516128], "pagerank": [0.42974308009274403, 0.4294407416918344, 0.4293457198099718, 0.4292280056263993, 0.4290351129372036, 0.42895210490244773, 0.42887867578407446, 0.42893198422553847, 0.4288853673360855, 0.42872505686396045, 0.4284692915759018, 0.42840050787225825]}, "gemma_9b_instruct": {"clustering": [0.0038402003803820832, 0.0038857586821846933, 0.0039327136459642795, 0.003978788648772839, 0.00403050994966597], "average_degree": [19.54901960784314, 19.557692307692307, 19.566037735849058, 19.574074074074073, 19.581818181818182], "pagerank": [0.4542730234597594, 0.4540198862003122, 0.4538733942309672, 0.4537025417237945, 0.45348372437979584]}, "gemma_27b_instruct": {"clustering": [0.0033172951787280255, 0.0033665456724272565, 0.003420104495574735, 0.003460122730874454, 0.0034980214033704577, 0.00354328589454246, 0.003585894131307158, 0.0036332292839129834, 0.003659908003558014, 0.0036982285060839144, 0.0037376850839984134, 0.0037709319656252286, 0.0038058779245427545, 0.003842257959618414], "average_degree": [19.568627450980394, 19.576923076923077, 19.58490566037736, 19.59259259259259, 19.6, 19.607142857142858, 19.614035087719298, 19.620689655172413, 19.627118644067796, 19.633333333333333, 19.639344262295083, 19.64516129032258, 19.650793650793652, 19.65625], "pagerank": [0.45604890506978013, 0.4558447508389641, 0.45566004985759684, 0.45552866987692364, 0.4553707508548, 0.4551763923079871, 0.4550354474339627, 0.45486770189194325, 0.45480077747265235, 0.4546584091933207, 0.4545059641209077, 0.45439230561352023, 0.4542789488759994, 0.45416481986808255]}}