{"mistral_8b_instruct": {"clustering": [0.004537633960769896, 0.0045855123397888385, 0.00463327864895091, 0.004674162196994553, 0.004730773506672985, 0.004783527821702392, 0.004824621626108505, 0.004876537273590769, 0.004923988849972163, 0.004972838345662508], "average_degree": [19.448979591836736, 19.46, 19.470588235294116, 19.48076923076923, 19.49056603773585, 19.5, 19.509090909090908, 19.517857142857142, 19.526315789473685, 19.53448275862069], "pagerank": [0.45292965064366486, 0.4526905489853241, 0.4524886154735704, 0.45227962722915754, 0.45203869021972326, 0.45181146385829307, 0.4516902983331857, 0.45148327005268246, 0.45132660242870537, 0.45111013868585703]}, "mistral_24b_instruct": {"clustering": [0.0038345087221737166, 0.0038849661529781376, 0.003924847876763095, 0.003972359224272701, 0.00403062645192667], "average_degree": [19.489795918367346, 19.5, 19.50980392156863, 19.51923076923077, 19.528301886792452], "pagerank": [0.45596364831118946, 0.45574268095920906, 0.4555468560281183, 0.4553380411001372, 0.45510255330886634]}, "qwen_1.5b_instruct": {"clustering": [0.0069327865524837625, 0.007020553275881555, 0.0070895564664146486, 0.007149348967733048, 0.007208577205386533, 0.007272186129104382, 0.0073430252270336345], "average_degree": [19.354166666666668, 19.346938775510203, 19.38, 19.392156862745097, 19.403846153846153, 19.39622641509434, 19.37037037037037], "pagerank": [0.4344743279011776, 0.43425350254350265, 0.4340212663980527, 0.43378076977619723, 0.4335610673917695, 0.4333996863072328, 0.4332655537817209]}, "qwen_3b_instruct": {"clustering": [0.00506561361354708, 0.00513442969182821, 0.005198933284790619, 0.0052687456091891835, 0.005325774819447622], "average_degree": [19.541666666666668, 19.551020408163264, 19.56, 19.568627450980394, 19.576923076923077], "pagerank": [0.44710269046835815, 0.44682775140202124, 0.4466305763271417, 0.4463483744628061, 0.44613902945223954]}, "qwen_7b_instruct": {"clustering": [0.0076975368635905025, 0.007762329778452604, 0.007857841307590879, 0.007951688665019618, 0.008057498844350593], "average_degree": [19.270833333333332, 19.306122448979593, 19.32, 19.333333333333332, 19.326923076923077], "pagerank": [0.4256728709517926, 0.4253409577366729, 0.42494530231290273, 0.4245020018622558, 0.424266652561296]}, "llama_1b_instruct": {"clustering": [0.009941692157291508, 0.009942283542859812, 0.009959881064765034], "average_degree": [19.0, 19.0, 19.0], "pagerank": [0.4026952229507114, 0.40269596514101286, 0.40239179180022505]}, "llama_8b_instruct": {"clustering": [0.004354010036201279, 0.004391820876376322, 0.004443191200270135], "average_degree": [19.044444444444444, 19.043478260869566, 19.04255319148936], "pagerank": [0.4556752971763225, 0.4554772934131749, 0.4552621387401025]}, "gemma_2b_instruct": {"clustering": [0.007677860644822488, 0.00777039761607301, 0.007828450717975664, 0.00791933897437809, 0.00799647423253413, 0.008061511336381735, 0.008079756451428015, 0.008131360401086718, 0.008180638904460412, 0.008241406059952496, 0.00829647703622603, 0.0083601168454696, 0.00843322103024816], "average_degree": [19.019607843137255, 19.03846153846154, 19.037735849056602, 19.037037037037038, 19.036363636363635, 19.035714285714285, 19.035087719298247, 19.03448275862069, 19.050847457627118, 19.033333333333335, 19.049180327868854, 19.048387096774192, 19.047619047619047], "pagerank": [0.42974308009274403, 0.4293907289406839, 0.429260862501644, 0.429110199220219, 0.428876704166485, 0.4287885396820133, 0.42871386814432466, 0.4287589603748836, 0.4286666972703327, 0.4284979097751314, 0.4283018068179996, 0.42807727875833435, 0.42788556376827414]}, "gemma_9b_instruct": {"clustering": [0.0038402003803820832, 0.0038857586821846933, 0.0039327136459642795, 0.003978788648772839, 0.00403050994966597, 0.004068274100011133], "average_degree": [19.54901960784314, 19.557692307692307, 19.566037735849058, 19.574074074074073, 19.581818181818182, 19.589285714285715], "pagerank": [0.4542730234597594, 0.4540198862003122, 0.4538733942309672, 0.4537025417237945, 0.45348372437979584, 0.4534031688696729]}, "gemma_27b_instruct": {"clustering": [0.0033172951787280255, 0.0033675142512403274, 0.0034184899764604705, 0.003458165739838234, 0.0034950101686093108, 0.003536880246297493, 0.0035844107350784067, 0.0036277435772315114, 0.0036527835118105516, 0.0036829115998492853, 0.003724538658710102, 0.00375688574838423], "average_degree": [19.568627450980394, 19.576923076923077, 19.58490566037736, 19.59259259259259, 19.6, 19.607142857142858, 19.614035087719298, 19.620689655172413, 19.627118644067796, 19.633333333333333, 19.639344262295083, 19.64516129032258], "pagerank": [0.45604890506978013, 0.45580867577638373, 0.4556217510064129, 0.4554853224431818, 0.45536530946371384, 0.45524193135569296, 0.455056323440991, 0.4549141033198941, 0.4548378268287199, 0.45474728863696484, 0.4546027798659658, 0.45449434562450514]}}