{"gemma_2b_instruct": {"clustering": [0.007677860644822488, 0.00777039761607301, 0.00782043344935959, 0.007893577986405522, 0.007974578931539338, 0.00804496286430467], "average_shortest_path_length": [Infinity, Infinity, Infinity, Infinity, Infinity, Infinity], "average_degree": [19.019607843137255, 19.03846153846154, 19.037735849056602, 19.037037037037038, 19.036363636363635, 19.035714285714285], "connectivity": [8.0, 9.0, 10.0, 11.0, 12.0, 13.0], "sparseness": [0.3803921568627451, 0.3733031674208145, 0.3661103047895501, 0.3591893780573026, 0.3525252525252525, 0.3461038961038961], "hubs": [6.0, 6.0, 6.0, 6.0, 6.0, 6.0], "clusters": [1.0, 1.0, 1.0, 1.0, 1.0, 1.0], "communities": [1.0, 1.0, 1.0, 1.0, 1.0, 1.0], "fourier": [1.906167952288703, 1.906259464825105, 1.9065626128290236, 1.906158745754256, 1.9057958251896345, 1.905393327357524], "commute_time_efficiency": [0.82, 0.8148567119155354, 0.8095065312046444, 0.8050314465408805, 0.7996632996632996, 0.7954545454545454], "pagerank": [0.42974308009274403, 0.4293907289406839, 0.42937730903511523, 0.4293642512902483, 0.4291508091103621, 0.4289989670565126], "eigenvector_centrality": [0.0, 0.0, 0.0, 0.0, 0.0, 0.0], "cycle_count": [766.0, 784.0, 801.0, 820.0, 836.0, 855.0]}, "gemma_9b_instruct": {"clustering": [0.0038402003803820832, 0.0038857586821846933, 0.0039327136459642795, 0.003978788648772839, 0.00403050994966597, 0.004075258571025389, 0.004121447493080904, 0.0041562716125574], "average_shortest_path_length": [Infinity, Infinity, Infinity, Infinity, Infinity, Infinity, Infinity, Infinity], "average_degree": [19.54901960784314, 19.557692307692307, 19.566037735849058, 19.574074074074073, 19.581818181818182, 19.589285714285715, 19.596491228070175, 19.603448275862068], "connectivity": [11.0, 11.0, 12.0, 13.0, 14.0, 15.0, 16.0, 17.0], "sparseness": [0.39098039215686275, 0.3834841628959276, 0.3762699564586357, 0.3693221523410203, 0.36262626262626263, 0.3561688311688312, 0.349937343358396, 0.34392014519056263], "hubs": [6.0, 6.0, 6.0, 6.0, 6.0, 6.0, 6.0, 6.0], "clusters": [1.0, 1.0, 1.0, 1.0, 1.0, 1.0, 1.0, 1.0], "communities": [1.0, 1.0, 1.0, 1.0, 1.0, 1.0, 1.0, 1.0], "fourier": [1.9566801338549926, 1.9571493215953448, 1.9576477210571679, 1.9581156052274638, 1.9585759415585657, 1.959104730764491, 1.9596777659798392, 1.9602025142943844], "commute_time_efficiency": [0.8184313725490197, 0.8144796380090498, 0.8098693759071117, 0.8053808525506638, 0.8010101010101011, 0.7967532467532468, 0.7926065162907269, 0.7885662431941923], "pagerank": [0.4542730234597594, 0.4540198862003122, 0.4538733942309672, 0.4537025417237945, 0.45348372437979584, 0.45332546551527675, 0.4531826507429636, 0.4531043466952059], "eigenvector_centrality": [0.0, 0.0, 0.0, 0.0, 0.0, 0.0, 0.0, 0.0], "cycle_count": [762.0, 783.0, 802.0, 821.0, 840.0, 859.0, 878.0, 897.0]}, "gemma_27b_instruct": {"clustering": [0.0033172951787280255, 0.003368172318015838, 0.0034192326925391817, 0.003458177964594466, 0.00349524212131159, 0.003541826343551884, 0.003584978179222562, 0.0036298132654179237, 0.003657082664539254, 0.0036880253693720375], "average_shortest_path_length": [Infinity, Infinity, Infinity, Infinity, Infinity, Infinity, Infinity, Infinity, Infinity, Infinity], "average_degree": [19.568627450980394, 19.576923076923077, 19.58490566037736, 19.59259259259259, 19.6, 19.607142857142858, 19.614035087719298, 19.620689655172413, 19.627118644067796, 19.633333333333333], "connectivity": [12.0, 13.0, 14.0, 15.0, 16.0, 17.0, 18.0, 19.0, 20.0, 21.0], "sparseness": [0.39137254901960783, 0.3838612368024133, 0.37663280116110304, 0.3696715583508036, 0.362962962962963, 0.3564935064935065, 0.35025062656641603, 0.3442226255293406, 0.3383985973115137, 0.3327683615819209], "hubs": [6.0, 6.0, 6.0, 6.0, 6.0, 6.0, 6.0, 6.0, 6.0, 6.0], "clusters": [1.0, 1.0, 1.0, 1.0, 1.0, 1.0, 1.0, 1.0, 1.0, 1.0], "communities": [1.0, 1.0, 1.0, 1.0, 1.0, 1.0, 1.0, 1.0, 1.0, 1.0], "fourier": [1.9588795236126981, 1.9595572376116084, 1.9602501313791105, 1.96089535639606, 1.961491363294399, 1.9620455271539572, 1.9625554723057301, 1.963048338817297, 1.9635855062349512, 1.9641046523079697], "commute_time_efficiency": [0.8180392156862745, 0.8137254901960784, 0.809143686502177, 0.8046820405310972, 0.8003367003367003, 0.7961038961038961, 0.7919799498746867, 0.7879612825166364, 0.7840444184687317, 0.7802259887005649], "pagerank": [0.45604890506978013, 0.4558020214690044, 0.4556082748953611, 0.45547492735040446, 0.4553556386552957, 0.45519600758516837, 0.4550460755502819, 0.4549118649535813, 0.4548086428239145, 0.45472647485987433], "eigenvector_centrality": [0.0, 0.0, 0.0, 0.0, 0.0, 0.0, 0.0, 0.0, 0.0, 0.0], "cycle_count": [761.0, 781.0, 800.0, 819.0, 838.0, 857.0, 876.0, 895.0, 914.0, 933.0]}}