{"qwen_1.5b_instruct": {"clustering": [0.005885899303285595, 0.005871511434679326, 0.005915978880936016, 0.00603593468783134, 0.006121801517716028, 0.006242008038601645, 0.006306453810533623, 0.006428419827992731, 0.006450559457783885, 0.006560970875487306, 0.006665206252561535], "average_shortest_path_length": [0.028074450373909432, 0.02740659179119545, 0.026880883170022823, 0.04741695871280884, 0.045871831468126546, 0.045218567832698744, 0.044323804464500974, Infinity, Infinity, Infinity, Infinity], "average_degree": [19.085714285714285, 19.083333333333332, 19.08108108108108, 19.07894736842105, 19.076923076923077, 19.1, 19.121951219512194, 19.142857142857142, 19.162790697674417, 19.15909090909091, 19.177777777777777], "connectivity": [1.0, 1.0, 1.0, 1.0, 1.0, 1.0, 1.0, 2.0, 2.0, 3.0, 4.0], "sparseness": [0.561344537815126, 0.5452380952380952, 0.53003003003003, 0.515647226173542, 0.5020242914979757, 0.4897435897435897, 0.47804878048780486, 0.46689895470383275, 0.45625692137320045, 0.4455602536997886, 0.43585858585858583], "hubs": [4.0, 4.0, 4.0, 4.0, 4.0, 4.0, 5.0, 5.0, 5.0, 5.0, 5.0], "clusters": [1.0, 1.0, 1.0, 1.0, 1.0, 1.0, 1.0, 1.0, 1.0, 1.0, 1.0], "communities": [1.0, 1.0, 1.0, 1.0, 1.0, 1.0, 1.0, 1.0, 1.0, 1.0, 1.0], "fourier": [1.9245922983821455, 1.9257053299656322, 1.9266547896390018, 1.9273676757599394, 1.9279035367467163, 1.928350919232712, 1.9287016215242105, 1.928518388522311, 1.9285261022954243, 1.9283314551481927, 1.9282871735768168], "commute_time_efficiency": [0.907563025210084, 0.9, 0.8926426426426426, 0.8862019914651493, 0.8798920377867746, 0.8737179487179487, 0.8676829268292683, 0.8617886178861789, 0.8560354374307863, 0.8498942917547568, 0.8449494949494949], "pagerank": [0.43941835628698767, 0.4390262804165771, 0.4386400109716687, 0.43822666211609484, 0.4377796736631478, 0.4372579423443376, 0.4368866224939394, 0.4364951501061109, 0.43613820928083313, 0.4358269383540913, 0.4355042115056178], "eigenvector_centrality": [0.9999992747881584, 0.9999993568957825, 0.9999992652949551, 0.9999992329283691, 0.999998707133557, 0.9999990849125096, 0.9999989996828793, 0.0, 0.0, 0.0, 0.0], "cycle_count": [451.0, 469.0, 487.0, 506.0, 525.0, 544.0, 563.0, 582.0, 601.0, 619.0, 639.0]}, "qwen_3b_instruct": {"clustering": [0.004165698026300689, 0.004156929573072275], "average_shortest_path_length": [0.027911817947430674, 0.02719518671499414], "average_degree": [19.2, 19.22222222222222], "connectivity": [1.0, 1.0], "sparseness": [0.5647058823529412, 0.5492063492063493], "hubs": [4.0, 4.0], "clusters": [1.0, 1.0], "communities": [1.0, 1.0], "fourier": [1.9373017449500172, 1.9385805275886083], "commute_time_efficiency": [0.907563025210084, 0.9007936507936508], "pagerank": [0.45145509033740044, 0.4510375451012618], "eigenvector_centrality": [0.9999998774126688, 0.9999998733085831], "cycle_count": [451.0, 470.0]}, "qwen_7b_instruct": {"clustering": [0.006370935765768159, 0.006365377367479015], "average_shortest_path_length": [0.027977988258823104, 0.02731444338011297], "average_degree": [19.02857142857143, 19.02777777777778], "connectivity": [1.0, 1.0], "sparseness": [0.5596638655462185, 0.5436507936507936], "hubs": [4.0, 4.0], "clusters": [1.0, 1.0], "communities": [1.0, 1.0], "fourier": [1.9259118716749584, 1.926725063751523], "commute_time_efficiency": [0.9033613445378151, 0.8960317460317461], "pagerank": [0.43269454429734494, 0.43209380602210556], "eigenvector_centrality": [0.9999993326968657, 0.9999993616022966], "cycle_count": [446.0, 464.0]}}