{"gemma_2b_instruct": {"clustering": [0.006048693204424547, 0.006115744418231184, 0.006165076708843952, 0.006252444143401145, 0.006323733261218118, 0.00641785994642329, 0.006542751277574819, 0.006609668647039495, 0.006647444084018429, 0.006669510367266006, 0.0066958269592372575, 0.006737412012173728, 0.006859114554566132, 0.006890428351928304, 0.006997354719583434, 0.007120149822672443, 0.007257427650217979, 0.007392883031405725, 0.007502454579920771, 0.0075801698861661885, 0.007665833798169231, 0.007737924662510786, 0.007804398418015551, 0.007886840360107554, 0.007973056745539843, 0.008071296695023338, 0.008142341459886387, 0.008212511380915657, 0.008273319885529316, 0.008356663801946818, 0.008433190982607102, 0.008504134091797264, 0.008572999303233811, 0.008634760361266092, 0.008696291705283776, 0.00877090108374778, 0.00882317325659816, 0.008866798725604698, 0.008938135926148236, 0.008989119205513273, 0.009036830557912413, 0.00911763032824934, 0.009162617351625865, 0.009192875759371602, 0.009235112935204532, 0.00928527717510124, 0.009340825730716935, 0.009378087031893688, 0.009430232286103474, 0.009475942082355174], "average_shortest_path_length": [0.03570345293680067, 0.03465438429978385, 0.03392821396953128, 0.03290417004239458, 0.03179242870190144, 0.031011714307179177, 0.030269698160530812, 0.029350005163140562, 0.028962808293765827, 0.028246123806012366, 0.02763482775854917, 0.027063273438149776, 0.046830760596388715, 0.04572996082047293, Infinity, Infinity, Infinity, Infinity, Infinity, Infinity, Infinity, Infinity, Infinity, Infinity, Infinity, Infinity, Infinity, Infinity, Infinity, Infinity, Infinity, Infinity, Infinity, Infinity, Infinity, Infinity, Infinity, Infinity, Infinity, Infinity, Infinity, Infinity, Infinity, Infinity, Infinity, Infinity, Infinity, Infinity, Infinity, Infinity], "average_degree": [19.0, 19.0, 19.0, 19.0, 19.0, 19.0, 19.0, 19.0, 19.0, 19.0, 19.0, 19.0, 19.0, 19.025641025641026, 19.025, 19.024390243902438, 19.023809523809526, 19.023255813953487, 19.068181818181817, 19.044444444444444, 19.043478260869566, 19.04255319148936, 19.0625, 19.102040816326532, 19.12, 19.098039215686274, 19.153846153846153, 19.150943396226417, 19.12962962962963, 19.12727272727273, 19.142857142857142, 19.157894736842106, 19.189655172413794, 19.203389830508474, 19.233333333333334, 19.21311475409836, 19.20967741935484, 19.206349206349206, 19.1875, 19.215384615384615, 19.227272727272727, 19.17910447761194, 19.191176470588236, 19.217391304347824, 19.214285714285715, 19.197183098591548, 19.194444444444443, 19.205479452054796, 19.2027027027027, 19.186666666666667], "connectivity": [1.0, 1.0, 1.0, 1.0, 1.0, 1.0, 1.0, 1.0, 1.0, 1.0, 1.0, 1.0, 1.0, 1.0, 2.0, 3.0, 4.0, 5.0, 6.0, 6.0, 7.0, 7.0, 7.0, 8.0, 9.0, 10.0, 11.0, 12.0, 13.0, 14.0, 15.0, 16.0, 17.0, 18.0, 19.0, 20.0, 21.0, 22.0, 23.0, 24.0, 25.0, 26.0, 27.0, 28.0, 29.0, 30.0, 31.0, 32.0, 33.0, 34.0], "sparseness": [0.76, 0.7307692307692307, 0.7037037037037037, 0.6785714285714286, 0.6551724137931034, 0.6333333333333333, 0.6129032258064516, 0.59375, 0.5757575757575758, 0.5588235294117647, 0.5428571428571428, 0.5277777777777778, 0.5135135135135135, 0.5006747638326585, 0.4878205128205128, 0.47560975609756095, 0.4639953542392567, 0.4529346622369878, 0.44344608879492603, 0.43282828282828284, 0.42318840579710143, 0.4139685476410731, 0.40558510638297873, 0.3979591836734694, 0.3902040816326531, 0.3819607843137255, 0.3755656108597285, 0.36828737300435416, 0.3609364081062194, 0.3542087542087542, 0.34805194805194806, 0.34210526315789475, 0.3366606170598911, 0.3310929281122151, 0.32598870056497176, 0.32021857923497266, 0.3149127445795875, 0.30977982590885816, 0.30456349206349204, 0.3002403846153846, 0.2958041958041958, 0.2905924920850294, 0.2864354697102722, 0.2826086956521739, 0.2784679089026915, 0.2742454728370221, 0.27034428794992177, 0.2667427701674277, 0.26305072195483153, 0.2592792792792793], "hubs": [4.0, 3.0, 4.0, 3.0, 5.0, 5.0, 4.0, 4.0, 4.0, 4.0, 4.0, 4.0, 4.0, 4.0, 4.0, 5.0, 5.0, 5.0, 5.0, 5.0, 5.0, 5.0, 5.0, 5.0, 5.0, 6.0, 6.0, 6.0, 6.0, 6.0, 6.0, 6.0, 6.0, 6.0, 6.0, 7.0, 7.0, 7.0, 7.0, 7.0, 7.0, 7.0, 7.0, 7.0, 7.0, 8.0, 8.0, 8.0, 8.0, 8.0], "clusters": [1.0, 1.0, 1.0, 1.0, 1.0, 1.0, 1.0, 1.0, 1.0, 1.0, 1.0, 1.0, 1.0, 1.0, 1.0, 1.0, 1.0, 1.0, 1.0, 1.0, 1.0, 1.0, 1.0, 1.0, 1.0, 1.0, 1.0, 1.0, 1.0, 1.0, 1.0, 1.0, 1.0, 1.0, 1.0, 1.0, 1.0, 1.0, 1.0, 1.0, 1.0, 1.0, 1.0, 1.0, 1.0, 1.0, 1.0, 1.0, 1.0, 1.0], "communities": [1.0, 1.0, 1.0, 1.0, 1.0, 1.0, 1.0, 1.0, 1.0, 1.0, 1.0, 1.0, 1.0, 1.0, 1.0, 1.0, 1.0, 1.0, 1.0, 1.0, 1.0, 1.0, 1.0, 1.0, 1.0, 1.0, 1.0, 1.0, 1.0, 1.0, 1.0, 1.0, 1.0, 1.0, 1.0, 1.0, 1.0, 1.0, 1.0, 1.0, 1.0, 1.0, 1.0, 1.0, 1.0, 1.0, 1.0, 1.0, 1.0, 1.0], "fourier": [1.906542525473521, 1.9091112089212117, 1.9114897291772912, 1.9132128391465038, 1.914608300345354, 1.915876670386214, 1.9168697707066489, 1.9173757656186756, 1.9179953614560403, 1.9185224367653466, 1.9189696515462016, 1.9193185913454804, 1.9193969652476823, 1.9197001685320845, 1.9196325579546183, 1.9192640872596811, 1.9188175556996225, 1.9183503646468838, 1.9181533245906637, 1.9172857078699665, 1.9170792532209853, 1.916621159956854, 1.916337541249808, 1.9161238064801847, 1.9155606796816855, 1.914694249193879, 1.914346826555744, 1.9134251201952148, 1.9127405141971576, 1.9122703099498954, 1.9117763052366505, 1.911252671206265, 1.9107739520906664, 1.9099865286186108, 1.909457941347388, 1.908672576197328, 1.9086535578131048, 1.9088198647011834, 1.9085588551132642, 1.908217886415164, 1.9078051096662378, 1.9067454373496677, 1.9062838525344261, 1.9057331444095609, 1.9047402757860965, 1.9041000064047597, 1.9032642712675694, 1.9027828797568702, 1.902166104232176, 1.9019773947323875], "commute_time_efficiency": [0.9692307692307692, 0.9615384615384616, 0.9523809523809523, 0.9445812807881774, 0.9367816091954023, 0.9290322580645162, 0.9213709677419355, 0.9147727272727273, 0.9090909090909091, 0.9025210084033614, 0.8976190476190476, 0.8918918918918919, 0.884068278805121, 0.8785425101214575, 0.8711538461538462, 0.8634146341463415, 0.8565621370499419, 0.8510520487264673, 0.8472515856236786, 0.8414141414141414, 0.8352657004830918, 0.830249768732655, 0.8249113475177305, 0.8193027210884354, 0.8142857142857143, 0.8090196078431372, 0.8058069381598794, 0.8015239477503628, 0.7976939203354297, 0.7936026936026936, 0.7896103896103897, 0.7854010025062657, 0.7813067150635209, 0.777030976037405, 0.773728813559322, 0.7699453551912568, 0.7670544685351666, 0.763952892985151, 0.7606646825396826, 0.7576923076923077, 0.7545454545454545, 0.7507914970601538, 0.747585601404741, 0.7446717817561808, 0.7412008281573499, 0.7382293762575453, 0.7355242566510172, 0.7332572298325722, 0.7304701962236209, 0.7275675675675676], "pagerank": [0.43948603614316245, 0.4388688437687078, 0.43841836637119797, 0.43773587656233615, 0.4372003656465585, 0.43668301176655866, 0.4363189817302681, 0.4359031117137544, 0.4354354800417608, 0.43481431735074566, 0.4343955037262045, 0.4340765134270486, 0.43363671441556145, 0.43326350915899303, 0.43295365940988034, 0.4325861116885708, 0.4322066420730735, 0.4318510737132941, 0.4314275010970973, 0.43103285779450284, 0.4307457504285294, 0.430420204155102, 0.4301470033243536, 0.42985171069357614, 0.429593754735294, 0.42935519314145043, 0.4289527047057294, 0.4286366136368352, 0.42842947369861695, 0.4281499745738363, 0.4278375298193487, 0.42761400144438494, 0.42740745490904936, 0.42720194915790866, 0.42695632517865273, 0.4267061001976943, 0.42656528644736214, 0.4265170361899671, 0.42641894661220686, 0.4261259322186485, 0.4259695931969349, 0.42582878613912467, 0.42569645885428103, 0.42558857447787396, 0.42545306546904343, 0.4253583170379171, 0.425129046490551, 0.42493318757597276, 0.4247866153223397, 0.4248559820492223],