{"llama_1b_instruct": {"clustering": [0.009020625819950024, 0.008521076595647497, 0.00796003834356205, 0.0074484160165422895, 0.007063882258586301, 0.007319973348637583, 0.007533793047348275, 0.007766461336405313, 0.007990810351750734, 0.008102129713630276, 0.008238678176772771, 0.008399722582846957, 0.008557937211868103, 0.008736332480998714, 0.008889356711180412, 0.00897945139284806, 0.009092337069208369, 0.009130525661376648, 0.009165249947718791, 0.009190220792185774, 0.009229768070159626, 0.009331004084614175, 0.00942545103327245, 0.009552674846707033, 0.009641923943603957, 0.009695926178967581, 0.009791891701582869, 0.00994228493981024, 0.010078179398693814, 0.010170278875859086, 0.010283726074972388, 0.0103602751950869, 0.010447319044322015, 0.010510631988079671, 0.010575875032768543, 0.010503694608399311, 0.010586302172126872, 0.010664520910791748, 0.010710929634090791, 0.010770871979563652, 0.010843544080344238, 0.010918100352174795, 0.010963887577799371, 0.011034896021589375, 0.011039574467499192, 0.011010588376840734, 0.011093156621678976, 0.011166943964444854, 0.011232037219017013, 0.011271183468987724], "average_shortest_path_length": [0.05088026612924203, 0.046425309368607746, 0.04380150627029502, 0.04118777043304827, 0.039371466583679425, 0.03828548632251085, 0.03734428423909654, 0.036189679580790224, 0.03467991307322742, 0.033737394467310014, 0.031979901886048025, 0.03134843877535153, 0.031160662104141004, 0.030050581770644173, 0.02885313373476795, 0.028386712825273695, 0.02812180773803143, 0.027547043753336282, 0.027330712644800224, 0.027130699479231104, 0.02658683128318581, 0.026237649406935026, 0.025917870122636515, 0.02629968813566757, 0.02610885273380755, 0.025781051438028897, 0.02548750723962363, Infinity, Infinity, Infinity, Infinity, Infinity, Infinity, Infinity, Infinity, Infinity, Infinity, Infinity, Infinity, Infinity, Infinity, Infinity, Infinity, Infinity, Infinity, Infinity, Infinity, Infinity, Infinity, Infinity], "average_degree": [15.0, 16.0, 17.0, 18.0, 19.0, 19.0, 19.0, 19.0, 19.0, 19.0, 19.0, 19.0, 19.0, 19.0, 19.0, 19.0, 19.0, 19.0, 19.0, 19.0, 19.0, 19.0, 19.0, 19.0, 19.0, 19.0, 19.0, 19.0, 19.0, 19.0, 19.0, 19.0, 19.0, 19.0, 19.0, 19.0, 19.0, 19.0, 19.0, 19.0, 19.0, 19.0, 19.0, 19.0, 19.0, 19.0, 19.0, 19.0, 19.0, 19.0], "connectivity": [1.0, 1.0, 1.0, 1.0, 1.0, 1.0, 1.0, 1.0, 1.0, 1.0, 1.0, 1.0, 1.0, 1.0, 1.0, 1.0, 1.0, 1.0, 1.0, 1.0, 1.0, 1.0, 1.0, 1.0, 1.0, 1.0, 1.0, 2.0, 3.0, 3.0, 3.0, 4.0, 5.0, 5.0, 6.0, 6.0, 6.0, 7.0, 7.0, 7.0, 8.0, 9.0, 9.0, 10.0, 10.0, 10.0, 11.0, 12.0, 13.0, 14.0], "sparseness": [1.0, 1.0, 1.0, 1.0, 1.0, 0.95, 0.9047619047619048, 0.8636363636363636, 0.8260869565217391, 0.7916666666666666, 0.76, 0.7307692307692307, 0.7037037037037037, 0.6785714285714286, 0.6551724137931034, 0.6333333333333333, 0.6129032258064516, 0.59375, 0.5757575757575758, 0.5588235294117647, 0.5428571428571428, 0.5277777777777778, 0.5135135135135135, 0.5, 0.48717948717948717, 0.475, 0.4634146341463415, 0.4523809523809524, 0.4418604651162791, 0.4318181818181818, 0.4222222222222222, 0.41304347826086957, 0.40425531914893614, 0.3958333333333333, 0.3877551020408163, 0.38, 0.37254901960784315, 0.36538461538461536, 0.3584905660377358, 0.35185185185185186, 0.34545454545454546, 0.3392857142857143, 0.3333333333333333, 0.3275862068965517, 0.3220338983050847, 0.31666666666666665, 0.3114754098360656, 0.3064516129032258, 0.30158730158730157, 0.296875], "hubs": [16.0, 17.0, 18.0, 19.0, 20.0, 12.0, 8.0, 6.0, 7.0, 4.0, 4.0, 3.0, 4.0, 5.0, 3.0, 4.0, 4.0, 5.0, 4.0, 4.0, 4.0, 4.0, 4.0, 4.0, 4.0, 5.0, 5.0, 5.0, 5.0, 5.0, 5.0, 5.0, 5.0, 5.0, 5.0, 7.0, 7.0, 7.0, 7.0, 7.0, 7.0, 7.0, 7.0, 7.0, 7.0, 7.0, 7.0, 7.0, 7.0, 7.0], "clusters": [1.0, 1.0, 1.0, 1.0, 1.0, 1.0, 1.0, 1.0, 1.0, 1.0, 1.0, 1.0, 1.0, 1.0, 1.0, 1.0, 1.0, 1.0, 1.0, 1.0, 1.0, 1.0, 1.0, 1.0, 1.0, 1.0, 1.0, 1.0, 1.0, 1.0, 1.0, 1.0, 1.0, 1.0, 1.0, 1.0, 1.0, 1.0, 1.0, 1.0, 1.0, 1.0, 1.0, 2.0, 1.0, 2.0, 2.0, 1.0, 2.0, 2.0], "communities": [1.0, 1.0, 1.0, 1.0, 1.0, 1.0, 1.0, 1.0, 1.0, 1.0, 1.0, 1.0, 1.0, 1.0, 1.0, 1.0, 1.0, 1.0, 1.0, 1.0, 1.0, 1.0, 1.0, 1.0, 1.0, 1.0, 1.0, 1.0, 1.0, 1.0, 1.0, 1.0, 1.0, 1.0, 1.0, 1.0, 1.0, 1.0, 1.0, 1.0, 1.0, 1.0, 1.0, 2.0, 1.0, 2.0, 2.0, 1.0, 2.0, 2.0], "fourier": [1.7830613503859163, 1.7907550823515181, 1.797504471070572, 1.803488529141942, 1.8095851170329182, 1.8149853258044277, 1.8195793253032237, 1.8230644945819667, 1.8255382655073877, 1.8274061577882694, 1.828621921587691, 1.8299689132714745, 1.8308494148866843, 1.8310729702307118, 1.8308533765257904, 1.8306350737122954, 1.8302055108889683, 1.8301973737110864, 1.8293812069417672, 1.8282299558616495, 1.8276174795824582, 1.8263146078752912, 1.8252070870469639, 1.8235230537697775, 1.8225657354599811, 1.8203275935349743, 1.8178307603446193, 1.815397726380499, 1.8126031748460663, 1.8098321457855586, 1.807181846846458, 1.8048353844592466, 1.802616675505772, 1.7998956340146324, 1.797675219595198, 1.7950307093944402, 1.7928144519332827, 1.7899313384057272, 1.7866580886322607, 1.7848213613813964, 1.7827149240235445, 1.7809504420998612, 1.778283673292224, 1.7759755686771055, 1.7731806276140127, 1.7707201602874458, 1.7677194301248267, 1.765243425455518, 1.763228579083536, 1.7605934060338846], "commute_time_efficiency": [1.0, 1.0, 1.0, 1.0, 1.0, 1.0, 1.0, 0.9940711462450593, 0.9891304347826086, 0.985, 0.9815384615384616, 0.9700854700854701, 0.9576719576719577, 0.9495073891625616, 0.9425287356321839, 0.9365591397849462, 0.9294354838709677, 0.9223484848484849, 0.9188948306595366, 0.915126050420168, 0.9111111111111111, 0.9039039039039038, 0.8947368421052632, 0.888663967611336, 0.8807692307692307, 0.873780487804878, 0.867595818815331, 0.8615725359911407, 0.8567653276955602, 0.852020202020202, 0.8463768115942029, 0.8404255319148937, 0.8346631205673759, 0.8290816326530612, 0.8240816326530612, 0.82, 0.8171191553544495, 0.8131349782293179, 0.8088749126484975, 0.8033670033670034, 0.7987012987012987, 0.793859649122807, 0.7888687235329703, 0.7849210987726476, 0.7799435028248588, 0.7756830601092897, 0.7710206240084612, 0.7670250896057348, 0.7631448412698413, 0.7591346153846154], "pagerank": [0.42953284511588347, 0.4264546394451301, 0.4247068774067536, 0.4231702276675063, 0.4211050113752117, 0.41959133799375375, 0.418244742252675, 0.4166606767023629, 0.41510255497315324, 0.41386040796570034, 0.41237453923617684, 0.41121529762419606, 0.4101785814144271, 0.40896839396308493, 0.4077519532856226, 0.4067187542925578, 0.4058697342200161, 0.4050668511424678, 0.40441176275017876, 0.40375125266765605, 0.4033125857903711, 0.40275825384412123, 0.4020998420711292, 0.401501937977953, 0.4010893476898943, 0.40054276394527044, 0.4001249815601755, 0.3997461233406635, 0.3993087385272464, 0.3989119786670552, 0.39845643898888794, 0.39818870629847947, 0.3979653655299055, 0.3976811471180624, 0.3974479931188108, 0.3971969728521644, 0.39696565310041865, 0.3966754007605064, 0.3963879700378551, 0.39620930565295526, 0.39602256904389904, 0.3957934544942445, 0.39548836890623, 0.39529027182579346, 0.3951371879971166, 0.39507646276751135, 0.39478301490265055, 0.39459448210684467, 0.39446743759927233, 0.39466999109857653], "eigenvector_centrality": [0.999993670475936, 0.9999926203716718, 0.9999916442894127, 0.9999894935423002, 0.9999887315084326, 0.9999879213739796, 0.9999905472867513, 0.9999867543105125, 0.9999866250365297, 0.9999834916522055, 0.9999803308065068, 0.9999839349940559, 0.9999861915781683, 0.9999745957627908, 0.9999841544252437, 0.9999782469279376, 0.0, 0.9999746661934492, 0.0, 0.9999783647989285, 0.9999776048993332, 0.9999756369971419, 0.9999752496282901, 0.9999768252260641, 0.9999705607056971, 0.9999677670145393, 0.9999706354516839, 0.0, 0.0, 0.0, 0.0, 0.0, 0.0, 0.0, 0.0, 0.0, 0.0, 0.0, 0.0, 0.0, 0.0, 0.0, 0.0, 0.0, 0.0, 0.0, 0.0, 0.0, 0.0, 0.0],