{"mistral_8b_instruct": {"clustering": [0.00042614409465130594, 0.0026464064278985105, 0.002668578900724355, 0.0026465899350846694, 0.0026646099089129784], "average_degree": [19.432835820895523, 19.514705882352942, 19.52173913043478, 19.5, 19.507042253521128], "pagerank": [0.1038435300105218, 0.18631092580318198, 0.18449574880418404, 0.18169397161816175, 0.17878595710428016]}, "mistral_24b_instruct": {"clustering": [0.00042432234876046103, 0.00191432168373565, 0.0019007845155215525, 0.0019105531200930828, 0.0019246646441413036], "average_degree": [19.44776119402985, 19.529411764705884, 19.52173913043478, 19.514285714285716, 19.507042253521128], "pagerank": [0.11828575277196822, 0.2044640571359173, 0.2023067414561098, 0.19957797786154, 0.19555108018679315]}, "qwen_1.5b_instruct": {"clustering": [0.0006336741883510761, 0.0006272501116139958, 0.0032132232891760077, 0.003204366763712873, 0.003205127019825955], "average_degree": [19.37878787878788, 19.37313432835821, 19.455882352941178, 19.44927536231884, 19.442857142857143], "pagerank": [0.11719810746645767, 0.11501888455645717, 0.2104830254197964, 0.208718149536171, 0.2058260731108014]}, "qwen_3b_instruct": {"clustering": [0.00034950335888057134, 0.0003550715211978888, 0.0031793809420475405, 0.003160255233872841, 0.003157106659080517], "average_degree": [19.439393939393938, 19.432835820895523, 19.470588235294116, 19.47826086956522, 19.47142857142857], "pagerank": [0.09100626797417163, 0.0889156394293353, 0.13023018494532168, 0.1283695334242387, 0.12706079267245754]}, "qwen_7b_instruct": {"clustering": [0.0005840011798434925, 0.0005902913741584875, 0.003211062336957403, 0.0031851728607982677, 0.003248908292358987], "average_degree": [19.40909090909091, 19.402985074626866, 19.470588235294116, 19.463768115942027, 19.457142857142856], "pagerank": [0.1051861004020447, 0.1053629032341625, 0.20092787309999083, 0.20004254022611045, 0.19604753967215965]}, "llama_1b_instruct": {"clustering": [0.005407555016660847, 0.00544936355698451, 0.002573637137284727], "average_degree": [19.193548387096776, 19.19047619047619, 19.203125], "pagerank": [0.17304371955669667, 0.16977950809266884, 0.11803324891589073]}, "llama_8b_instruct": {"clustering": [0.0029398162002893776, 0.0029482144033962632, 0.0007382106795715496], "average_degree": [19.419354838709676, 19.41269841269841, 19.4375], "pagerank": [0.1915889492161911, 0.18816174918931267, 0.13087785478112984]}, "gemma_2b_instruct": {"clustering": [0.0029811028886817786, 0.005277395886860801, 0.005258193168915609, 0.005274762444957288, 0.005261648468031818, 0.0051201170834125585, 0.005089643223947085, 0.005070022884850428, 0.0050819130564062585, 0.007325626540617682], "average_degree": [19.43661971830986, 19.38888888888889, 19.383561643835616, 19.37837837837838, 19.373333333333335, 19.38157894736842, 19.376623376623378, 19.371794871794872, 19.367088607594937, 19.325], "pagerank": [0.21119532306302682, 0.20195143070135183, 0.20051119282030005, 0.1978774070741463, 0.19477020632564854, 0.2284223111373524, 0.22663315145534943, 0.2236320929333999, 0.22001943150749984, 0.21180736292590918]}, "gemma_9b_instruct": {"clustering": [0.0022152539568299112, 0.004251772438580482, 0.004231894640674948, 0.0042425118841749486, 0.0042344262783017, 0.0035299499335716355], "average_degree": [19.52112676056338, 19.555555555555557, 19.54794520547945, 19.54054054054054, 19.533333333333335, 19.539473684210527], "pagerank": [0.19337168510820646, 0.1987162608522603, 0.19713812043953813, 0.19375807754609178, 0.19104436026680177, 0.21566309439138578]}, "gemma_27b_instruct": {"clustering": [0.0019685238762836114, 0.004070744880404645, 0.004020291632465989, 0.0040671705915465576, 0.004112918604879595, 0.0032918887703598395, 0.0032873752036822407, 0.0031847447394121936, 0.0032155956234760853, 0.005059346538258975, 0.00503819918408771, 0.005031872249910478, 0.005022749363830717, 0.0037095184528860782], "average_degree": [19.52112676056338, 19.555555555555557, 19.54794520547945, 19.527027027027028, 19.52, 19.57894736842105, 19.584415584415584, 19.564102564102566, 19.569620253164558, 19.6125, 19.604938271604937, 19.597560975609756, 19.59036144578313, 19.595238095238095], "pagerank": [0.1811001744462081, 0.18172668834814296, 0.18174813046977567, 0.179007630402142, 0.1760098812246993, 0.20613419572953853, 0.20213221674619938, 0.2016088047701359, 0.1977950683004257, 0.23529426719818133, 0.23275259058709746, 0.23014388785190668, 0.22756828705731316, 0.1844983880425011]}}