{"gemma_2b_instruct": {"clustering": [0.006739051371382412, 0.006483365308214132, 0.004984372655875695, 0.004811127162583152, 0.004634826925533023, 0.004520697211934553, 0.00413442610573777, 0.004017508324144385, 0.0038507890103081414, 0.0037661030502206556, 0.006168136284039835, 0.00599869494227372, 0.005868455868109707, 0.005780756098495825, 0.0076074332950004184, 0.007391501441313106, 0.007314190798245664, 0.007162816135703155, 0.005968148558484273, 0.005872805571436469, 0.005808255832567643, 0.005840704031568405, 0.007817782651974739, 0.007753048989450647, 0.007704446144924267, 0.0077171701434788215, 0.005125170443562992, 0.005060816078035565, 0.0050365306629022435, 0.005046946097352359, 0.005192986357441262, 0.0051646906795615325, 0.005195066301536448], "average_shortest_path_length": [0.0031824338577685243, 0.0030591751467017713, 0.0031083495113894714, 0.0029422713409428453, 0.002851278931642679, 0.0027672009128877667, 0.008429421493527024, 0.008078204844811292, 0.00784286134222999, 0.007587193484323049, 0.003867314661898018, 0.003440094091075602, 0.00335164094816029, 0.003294124992565206, Infinity, 0.00561870186423932, 0.005532880407024355, 0.005564838761217298, Infinity, Infinity, Infinity, Infinity, Infinity, Infinity, Infinity, Infinity, Infinity, Infinity, Infinity, Infinity, Infinity, Infinity, Infinity], "average_degree": [19.03846153846154, 19.037037037037038, 19.071428571428573, 19.06896551724138, 19.066666666666666, 19.06451612903226, 19.125, 19.12121212121212, 19.11764705882353, 19.114285714285714, 19.194444444444443, 19.18918918918919, 19.18421052631579, 19.17948717948718, 19.25, 19.24390243902439, 19.238095238095237, 19.232558139534884, 19.272727272727273, 19.266666666666666, 19.26086956521739, 19.25531914893617, 19.229166666666668, 19.224489795918366, 19.22, 19.215686274509803, 19.384615384615383, 19.37735849056604, 19.35185185185185, 19.345454545454544, 19.25, 19.24561403508772, 19.24137931034483], "connectivity": [1.0, 1.0, 1.0, 1.0, 1.0, 1.0, 1.0, 1.0, 1.0, 1.0, 1.0, 1.0, 1.0, 1.0, 2.0, 1.0, 1.0, 1.0, 3.0, 3.0, 3.0, 4.0, 3.0, 3.0, 3.0, 3.0, 6.0, 6.0, 7.0, 8.0, 6.0, 6.0, 7.0], "sparseness": [0.7615384615384615, 0.7321937321937322, 0.7063492063492064, 0.6810344827586207, 0.6574712643678161, 0.635483870967742, 0.6169354838709677, 0.5975378787878788, 0.5793226381461676, 0.5621848739495798, 0.5484126984126985, 0.5330330330330331, 0.5184921763869133, 0.50472334682861, 0.4935897435897436, 0.48109756097560974, 0.4692218350754936, 0.4579180509413068, 0.44820295983086683, 0.43787878787878787, 0.4280193236714976, 0.41859389454209067, 0.4091312056737589, 0.4005102040816326, 0.39224489795918366, 0.3843137254901961, 0.38009049773755654, 0.37264150943396224, 0.36512928022361985, 0.35824915824915826, 0.35, 0.34367167919799496, 0.33756805807622503], "hubs": [3.0, 3.0, 3.0, 3.0, 3.0, 6.0, 5.0, 4.0, 4.0, 4.0, 4.0, 4.0, 4.0, 4.0, 4.0, 8.0, 8.0, 8.0, 5.0, 5.0, 5.0, 5.0, 5.0, 5.0, 5.0, 7.0, 6.0, 6.0, 6.0, 6.0, 6.0, 6.0, 6.0], "clusters": [4.0, 4.0, 5.0, 5.0, 6.0, 6.0, 5.0, 5.0, 6.0, 6.0, 5.0, 5.0, 6.0, 6.0, 3.0, 3.0, 4.0, 4.0, 4.0, 4.0, 5.0, 5.0, 6.0, 5.0, 6.0, 6.0, 5.0, 5.0, 6.0, 6.0, 5.0, 5.0, 6.0], "communities": [4.0, 4.0, 5.0, 5.0, 6.0, 6.0, 5.0, 5.0, 6.0, 6.0, 5.0, 5.0, 6.0, 6.0, 3.0, 3.0, 4.0, 4.0, 4.0, 4.0, 5.0, 5.0, 6.0, 5.0, 6.0, 6.0, 5.0, 5.0, 6.0, 6.0, 5.0, 5.0, 6.0], "fourier": [1.4504667439174894, 1.429986272506343, 1.537827700132896, 1.4847991587490035, 1.4627053644968635, 1.4527887825451933, 1.31809033129536, 1.2781873186900183, 1.2669011815308533, 1.2582054997534555, 1.5818080340785277, 1.5390630504877605, 1.511938396575455, 1.4974829517328594, 1.6733347741760816, 1.6325387073287334, 1.6062118631394509, 1.5955628643781798, 1.5803751883931731, 1.5452546228279147, 1.52859052109352, 1.5142576482633705, 1.61014351329488, 1.5771066650148047, 1.5622765427755452, 1.555888853664105, 1.6415893118024414, 1.6105999272833507, 1.5952880346845004, 1.5870133224839023, 1.601383298547361, 1.5732013791874542, 1.558935021734814], "commute_time_efficiency": [0.9569230769230769, 0.9558404558404558, 0.9047619047619048, 0.9100985221674877, 0.9149425287356322, 0.9129032258064517, 0.8719758064516129, 0.875, 0.8743315508021391, 0.873109243697479, 0.8492063492063492, 0.8566066066066066, 0.8627311522048364, 0.8663967611336032, 0.8403846153846154, 0.8463414634146341, 0.851335656213705, 0.8482834994462901, 0.813953488372093, 0.8171717171717172, 0.8183574879227054, 0.8209990749306197, 0.7956560283687943, 0.7988945578231292, 0.8016326530612244, 0.8027450980392157, 0.7737556561085973, 0.7775761973875182, 0.7802236198462613, 0.7814814814814814, 0.7551948051948052, 0.7578320802005013, 0.7595281306715064], "pagerank": [0.19468304415175153, 0.18681883641053043, 0.21070398132561216, 0.2065491154683003, 0.1992730810374798, 0.192010685427055, 0.1776723391491613, 0.1741959107110363, 0.16834229976941897, 0.1619228971967803, 0.18987704324103816, 0.1874006535611829, 0.1817581629789096, 0.17609146485611835, 0.19168698806557416, 0.1893570851360457, 0.18510810894401306, 0.18022460384658304, 0.18480414717669139, 0.1826080025452239, 0.1783894916094537, 0.1741600488651589, 0.22411391902100739, 0.22160878555830857, 0.21742884339946839, 0.21274832208028074, 0.1910642445192653, 0.18907301072381844, 0.18548962228205135, 0.18145107707792205, 0.20778207962226095, 0.20576251716161537, 0.20205123312739204], "eigenvector_centrality": [0.8866731603661556, 0.8868887712498991, 0.7582349674358942, 0.7584555414327725, 0.7565531178322041, 0.7549551341604557, 0.7658352237491702, 0.7687848985375083, 0.7690810758095178, 0.7659603495754219, 0.9970095595396815, 0.9978176333410496, 0.9983071678007278, 0.9976702981958098, 0.0, 0.9695514071851027, 0.0, 0.9729757259498439, 0.0, 0.0, 0.0, 0.0, 0.0, 0.0, 0.0, 0.0, 0.0, 0.0, 0.0, 0.0, 0.0, 0.0, 0.0], "cycle_count": [272.0, 294.0, 279.0, 305.0, 332.0, 354.0, 338.0, 364.0, 387.0, 410.0, 405.0, 439.0, 473.0, 505.0, 492.0, 528.0, 564.0, 587.0, 551.0, 584.0, 614.0, 648.0, 620.0, 655.0, 690.0, 722.0, 675.0, 713.0, 749.0, 782.0, 731.0, 767.0, 801.0]}, "gemma_9b_instruct": {"clustering": [0.003566870035801974, 0.003464642196089041, 0.00225034572841356, 0.0021727561496870046, 0.0020907122316174845, 0.0020780730334671173, 0.002066499148171021, 0.001992051975193926, 0.0019127372711159342, 0.001879192961209168, 0.0030696380869967973, 0.003043614744237256, 0.0029605472264428363, 0.002920040035728153, 0.0046082679346825355, 0.00448497651885821, 0.004452552645435682, 0.004372805042571226, 0.003114868351848171, 0.0030553877526662433, 0.0030228352371721016, 0.0030537820943118315, 0.00523418419194317, 0.005186803619997144, 0.005181422138809157, 0.005186710337913377, 0.002725385106581083, 0.002701309789480405], "average_shortest_path_length": [0.004908691112069202, 0.004799443334841893, 0.002528648262035246, 0.0024247115031995484, 0.0023445494862200395, 0.0023059321731941224, 0.011734460896439234, 0.011345571011426312, 0.011022293540237168, 0.010724337018017529, 0.003142390551947232, 0.003026079437765868, 0.002948253574430869, 0.002882229810062889, Infinity, 0.008543793134100109, 0.008346383781890477, 0.008174416169470202, Infinity, Infinity, Infinity, Infinity, Infinity, Infinity, Infinity, Infinity, Infinity, Infinity], "average_degree": [19.076923076923077, 19.074074074074073, 19.178571428571427, 19.17241379310345, 19.166666666666668, 19.161290322580644, 19.25, 19.242424242424242, 19.235294117647058, 19.228571428571428, 19.333333333333332, 19.324324324324323, 19.31578947368421, 19.307692307692307, 19.275, 19.26829268292683, 19.261904761904763, 19.25581395348837, 19.431818181818183, 19.42222222222222, 19.41304347826087, 19.404255319148938, 19.354166666666668, 19.367346938775512, 19.34, 19.352941176470587, 19.46153846153846, 19.452830188679247], "connectivity": [1.0, 1.0, 1.0, 1.0, 1.0, 1.0, 1.0, 1.0, 1.0, 1.0, 1.0, 1.0, 1.0, 1.0, 2.0, 1.0, 1.0, 1.0, 4.0, 4.0, 4.0, 5.0, 6.0, 6.0, 7.0, 8.0, 9.0, 9.0],